活動日期,公告日,活動／期別,NPC,所需寵物,所需道具,獲得寵物,合成樹,入手方法,公告連結
2026-07-09～2026-07-23,2026-07-09,探索帕琪娜火山裂縫 揭開龍蝦太晶之謎,太晶碎片研究員(費德奧亞海盆 71.130),任意等級的龍蝦霸王,"太晶之源碎片*500 金幣100,000G",太晶龍蝦霸王召喚書（概率80%） 太晶之源*1（概率20%）,"任意等級的龍蝦霸王 ＋ 太晶之源碎片×500 ＋ 金幣100,000G ＝ / ├ 太晶龍蝦霸王召喚書（概率80%） / └ 太晶之源×1（概率20%）",所需寵物：公告未另載；所需道具：完成公告所述任務取得：太晶之源碎片,[查看](https://cg.originmood.com/NewsContent/zh_TW/mlbb_news_17504.html)
2026-07-09～2026-07-23,2026-07-09,探索帕琪娜火山裂縫 揭開龍蝦太晶之謎,太晶碎片研究員(費德奧亞海盆 71.130),任意等級的沼澤龍蝦,"太晶之源碎片*500 金幣100,000G",太晶沼澤龍蝦召喚書（概率80%） 太晶之源*1（概率20%),"任意等級的沼澤龍蝦 ＋ 太晶之源碎片×500 ＋ 金幣100,000G ＝ / ├ 太晶沼澤龍蝦召喚書（概率80%） / └ 太晶之源×1（概率20%)","所需寵物：公告未另載；所需道具：完成公告所述任務取得：太晶之源碎片、前置合成：任意等級的龍蝦霸王 ＋ 太晶之源碎片×500 ＋ 金幣100,000G ＝ / ├ 太晶龍蝦霸王召喚書（概率80%） / └ 太晶之源×1（概率20%）",[查看](https://cg.originmood.com/NewsContent/zh_TW/mlbb_news_17504.html)
2026-07-09～2026-07-23,2026-07-09,探索帕琪娜火山裂縫 揭開龍蝦太晶之謎,太晶研究員(費德奧亞海盆 71.130),任意等級的太晶龍蝦霸王,"太晶之源*10 金幣100,000G",黑潮龍蝦召喚書（概率5%） 太晶龍蝦霸王召喚書（概率95%）,"任意等級的太晶龍蝦霸王 ＋ 太晶之源×10 ＋ 金幣100,000G ＝ / ├ 黑潮龍蝦召喚書（概率5%） / └ 太晶龍蝦霸王召喚書（概率95%）","所需寵物：前置合成：任意等級的龍蝦霸王 ＋ 太晶之源碎片×500 ＋ 金幣100,000G ＝ / ├ 太晶龍蝦霸王召喚書（概率80%） / └ 太晶之源×1（概率20%）；所需道具：前置合成：任意等級的龍蝦霸王 ＋ 太晶之源碎片×500 ＋ 金幣100,000G ＝ / ├ 太晶龍蝦霸王召喚書（概率80%） / └ 太晶之源×1（概率20%）、前置合成：任意等級的沼澤龍蝦 ＋ 太晶之源碎片×500 ＋ 金幣100,000G ＝ / ├ 太晶沼澤龍蝦召喚書（概率80%） / └ 太晶之源×1（概率20%)",[查看](https://cg.originmood.com/NewsContent/zh_TW/mlbb_news_17504.html)
2026-07-09～2026-07-23,2026-07-09,探索帕琪娜火山裂縫 揭開龍蝦太晶之謎,太晶研究員(費德奧亞海盆 71.130),任意等級的太晶沼澤龍蝦,"太晶之源*10 金幣100,000G",黑潮龍蝦召喚書（概率1%） 太晶沼澤龍蝦召喚書（概率99%）,"任意等級的太晶沼澤龍蝦 ＋ 太晶之源×10 ＋ 金幣100,000G ＝ / ├ 黑潮龍蝦召喚書（概率1%） / └ 太晶沼澤龍蝦召喚書（概率99%）","所需寵物：前置合成：任意等級的沼澤龍蝦 ＋ 太晶之源碎片×500 ＋ 金幣100,000G ＝ / ├ 太晶沼澤龍蝦召喚書（概率80%） / └ 太晶之源×1（概率20%)；所需道具：前置合成：任意等級的龍蝦霸王 ＋ 太晶之源碎片×500 ＋ 金幣100,000G ＝ / ├ 太晶龍蝦霸王召喚書（概率80%） / └ 太晶之源×1（概率20%）、前置合成：任意等級的沼澤龍蝦 ＋ 太晶之源碎片×500 ＋ 金幣100,000G ＝ / ├ 太晶沼澤龍蝦召喚書（概率80%） / └ 太晶之源×1（概率20%)",[查看](https://cg.originmood.com/NewsContent/zh_TW/mlbb_news_17504.html)
2026-07-07～2026-08-08,2026-07-07,湛藍的傳說 潮汐魟王降臨,NPC：潮汐祭司涅瑞斯（法蘭城魔法大學研究所 26.44）,Lv1的潮汐魟王,潮汐王冠*1,Lv1的潮汐魟王,Lv1的潮汐魟王 ＋ 潮汐王冠×1 ＝ Lv1的潮汐魟王,所需寵物：當期寶盒／活動抽取：潮汐魟王召喚書（0.1%）、向 NPC：引導者卡西烏斯（法蘭城魔法大學研究所 25.35） 交付 Lv1的湛藍飛魟＋湛藍之淚*188 取得：潮汐魟王召喚書(概率10%)、前置合成：Lv1的湛藍飛魟 ＋ 潮汐王冠×3 ＝ Lv1的潮汐魟王；所需道具：向 NPC：引導者卡西烏斯（法蘭城魔法大學研究所 25.35） 交付 Lv1的湛藍飛魟＋湛藍之淚*188 取得：潮汐王冠(概率90%),[查看](https://cg.originmood.com/NewsContent/zh_TW/mlbb_news_17454.html)
2026-07-07～2026-08-08,2026-07-07,湛藍的傳說 潮汐魟王降臨,NPC：潮汐祭司涅瑞斯（法蘭城魔法大學研究所 26.44）,Lv1的湛藍飛魟,潮汐王冠*3,Lv1的潮汐魟王,Lv1的湛藍飛魟 ＋ 潮汐王冠×3 ＝ Lv1的潮汐魟王,所需寵物：當期寶盒／活動抽取：湛藍飛魟召喚書（1%）；所需道具：向 NPC：引導者卡西烏斯（法蘭城魔法大學研究所 25.35） 交付 Lv1的湛藍飛魟＋湛藍之淚*188 取得：潮汐王冠(概率90%),[查看](https://cg.originmood.com/NewsContent/zh_TW/mlbb_news_17454.html)
2026-06-11～2026-07-16,2026-06-11,任務爭霸賽第33季開啟,瘋狂博士(法蘭城競技場 46.51）,Lv1的狐丸,"狐族設計圖ABCD 金幣100,000G",Lv1的狐丸,"Lv1的狐丸 ＋ 狐族設計圖ABCD ＋ 金幣100,000G ＝ Lv1的狐丸",所需寵物：當期寶盒／活動抽取：狐丸召喚書（2%）；所需道具：當期寶盒／活動抽取：狐族設計圖ABCD（23%）,[查看](https://cg.originmood.com/NewsContent/zh_TW/mlbb_news_17354.html)
2026-06-06～2026-07-07,2026-06-04,黑暗中的愛之極光 百合與白銀的永恆誓約,NPC：天羽祭司（魔法大學研究所 30.7）,Lv1的百合騎士,純白誓約之冕*3,Lv1的百合聖騎士,Lv1的百合騎士 ＋ 純白誓約之冕×3 ＝ Lv1的百合聖騎士,所需寵物：當期寶盒／活動抽取：百合騎士召喚書（1%）；所需道具：向 NPC：天羽守望者（魔法大學研究所 31.8） 交付 Lv1的百合騎士＋白銀百合印記*188 取得：純白誓約之冕（概率90%）、向 NPC：天羽守望者（魔法大學研究所 31.8） 交付 Lv1的白銀格鬥士＋白銀百合印記*188 取得：純白誓約之冕（概率90%）,[查看](https://cg.originmood.com/NewsContent/zh_TW/mlbb_news_17294.html)
2026-06-06～2026-07-07,2026-06-04,黑暗中的愛之極光 百合與白銀的永恆誓約,NPC：天羽祭司（魔法大學研究所 30.7）,Lv1的百合聖騎士,純白誓約之冕*1,Lv1的百合聖騎士,Lv1的百合聖騎士 ＋ 純白誓約之冕×1 ＝ Lv1的百合聖騎士,所需寵物：當期寶盒／活動抽取：百合聖騎士召喚書（0.1%）、向 NPC：天羽守望者（魔法大學研究所 31.8） 交付 Lv1的百合騎士＋白銀百合印記*188 取得：百合聖騎士召喚書（概率10%）、前置合成：Lv1的百合騎士 ＋ 純白誓約之冕×3 ＝ Lv1的百合聖騎士；所需道具：向 NPC：天羽守望者（魔法大學研究所 31.8） 交付 Lv1的百合騎士＋白銀百合印記*188 取得：純白誓約之冕（概率90%）、向 NPC：天羽守望者（魔法大學研究所 31.8） 交付 Lv1的白銀格鬥士＋白銀百合印記*188 取得：純白誓約之冕（概率90%）,[查看](https://cg.originmood.com/NewsContent/zh_TW/mlbb_news_17294.html)
2026-06-06～2026-07-07,2026-06-04,黑暗中的愛之極光 百合與白銀的永恆誓約,NPC：天羽祭司（魔法大學研究所 30.7）,Lv1的白銀聖鬥士,純白誓約之冕*1,Lv1的白銀聖鬥士,Lv1的白銀聖鬥士 ＋ 純白誓約之冕×1 ＝ Lv1的白銀聖鬥士,所需寵物：當期寶盒／活動抽取：白銀聖鬥士召喚書（0.1%）、向 NPC：天羽守望者（魔法大學研究所 31.8） 交付 Lv1的白銀格鬥士＋白銀百合印記*188 取得：白銀聖鬥士召喚書（概率10%）、前置合成：Lv1的白銀格鬥士 ＋ 純白誓約之冕×3 ＝ Lv1的白銀聖鬥士；所需道具：向 NPC：天羽守望者（魔法大學研究所 31.8） 交付 Lv1的百合騎士＋白銀百合印記*188 取得：純白誓約之冕（概率90%）、向 NPC：天羽守望者（魔法大學研究所 31.8） 交付 Lv1的白銀格鬥士＋白銀百合印記*188 取得：純白誓約之冕（概率90%）,[查看](https://cg.originmood.com/NewsContent/zh_TW/mlbb_news_17294.html)
2026-06-06～2026-07-07,2026-06-04,黑暗中的愛之極光 百合與白銀的永恆誓約,NPC：天羽祭司（魔法大學研究所 30.7）,Lv1的白銀格鬥士,純白誓約之冕*3,Lv1的白銀聖鬥士,Lv1的白銀格鬥士 ＋ 純白誓約之冕×3 ＝ Lv1的白銀聖鬥士,所需寵物：當期寶盒／活動抽取：白銀格鬥士召喚書（1%）；所需道具：向 NPC：天羽守望者（魔法大學研究所 31.8） 交付 Lv1的百合騎士＋白銀百合印記*188 取得：純白誓約之冕（概率90%）、向 NPC：天羽守望者（魔法大學研究所 31.8） 交付 Lv1的白銀格鬥士＋白銀百合印記*188 取得：純白誓約之冕（概率90%）,[查看](https://cg.originmood.com/NewsContent/zh_TW/mlbb_news_17294.html)
2026-05-28～2026-06-11,2026-05-27,五週年收官獻禮 訂製屬於你的心愛陪伴,大法師安蕾雅（艾爾瑪城元素師家 216.188）,Lv1的神樂,"神樂之聖角*1 閃耀變異之源*10 50,000G金幣",Lv1的神樂 概率98% Lv1的天叢雲神樂 概率2%,"Lv1的神樂 ＋ 神樂之聖角×1 ＋ 閃耀變異之源×10 ＋ 金幣50,000G ＝ / ├ Lv1的神樂（概率98%） / └ Lv1的天叢雲神樂（概率2%）",所需寵物：公告未另載；所需道具：公告未另載,[查看](https://cg.originmood.com/NewsContent/zh_TW/mlbb_news_17094.html)
2026-05-28～2026-06-11,2026-05-27,五週年收官獻禮 訂製屬於你的心愛陪伴,大法師安蕾雅（艾爾瑪城元素師家 216.188）,Lv1的天叢雲神樂,"神樂之聖角*1 閃耀變異之源*10 50,000G金幣",Lv1的天叢雲神樂 概率70% Lv1的御法神神樂 概率30%,"Lv1的天叢雲神樂 ＋ 神樂之聖角×1 ＋ 閃耀變異之源×10 ＋ 金幣50,000G ＝ / ├ Lv1的天叢雲神樂（概率70%） / └ Lv1的御法神神樂（概率30%）",所需寵物：向 馬年好運兌換員（法蘭城冒險者旅館 30.9） 以 神樂之聖角*50 兌換：天叢雲神樂召喚書；所需道具：公告未另載,[查看](https://cg.originmood.com/NewsContent/zh_TW/mlbb_news_17094.html)
2026-05-21～2026-05-28,2026-05-21,《魔力寶貝：永恆初心》五週年活動第四彈 王者道場試煉開啟,大法師安蕾雅(艾爾瑪城元素師家 216.188）,任意等級的的烈焰元素使,火元素之卵*1 閃耀變異之源*10 50000G金幣,Lv1的烈焰元素使 概率95% Lv1的火之使徒 概率5%,"任意等級的的烈焰元素使 ＋ 火元素之卵×1 ＋ 閃耀變異之源×10 ＋ 金幣50,000G ＝ / ├ Lv1的烈焰元素使（概率95%） / └ Lv1的火之使徒（概率5%）",所需寵物：公告未另載；所需道具：公告未另載,[查看](https://cg.originmood.com/NewsContent/zh_TW/mlbb_news_17074.html)
2026-05-14～2026-06-04,2026-05-13,五週年慶第三彈 黄金迷宫之雷影,大法師安蕾雅（艾爾瑪城元素師家 216.188）,Lv1的影,"雷影之聖角*1 閃耀變異之源*10 50,000G金幣",Lv1的影 概率97% Lv1的御魂雷影 概率2% Lv1的鬼泣雷影 概率1%,"Lv1的影 ＋ 雷影之聖角×1 ＋ 閃耀變異之源×10 ＋ 金幣50,000G ＝ / ├ Lv1的影（概率97%） / ├ Lv1的御魂雷影（概率2%） / └ Lv1的鬼泣雷影（概率1%）",所需寵物：公告未另載；所需道具：公告未另載,[查看](https://cg.originmood.com/NewsContent/zh_TW/mlbb_news_17034.html)
2026-05-07～2026-05-14,2026-05-06,週年保底大獎翻倍 法蘭巡遊領好禮,寵物改造研究員（法蘭城寵物研究大廳 14.8）,不需要,蕾米兒設計圖A*1 蕾米兒設計圖B*1 蕾米兒設計圖C*1 蕾米兒設計圖D*1 蕾米兒設計圖E*1 50000G金幣,LV1蕾米兒,"蕾米兒設計圖A×1 ＋ 蕾米兒設計圖B×1 ＋ 蕾米兒設計圖C×1 ＋ 蕾米兒設計圖D×1 ＋ 蕾米兒設計圖E×1 ＋ 金幣50,000G ＝ LV1蕾米兒",所需寵物：不需要；所需道具：公告未另載,[查看](https://cg.originmood.com/NewsContent/zh_TW/mlbb_news_16954.html)
2026-05-05～2026-06-06,2026-05-04,跨越凡塵的蛻變，凜冬巨龍破冰降世,NPC：凜冬大祭司梅薇絲（法蘭城魔法大學研究所 43.49）,Lv1的虛空魔龍,凜冬之怒*1,Lv1的凜冬龍王,Lv1的虛空魔龍 ＋ 凜冬之怒×1 ＝ Lv1的凜冬龍王,所需寵物：公告未另載；所需道具：向 NPC：凜冬祭司維瑟瑞克（法蘭城魔法大學研究所 44.50） 交付 Lv1的凜冬巨龍＋極寒龍晶*188 取得：凜冬之怒(概率90%),[查看](https://cg.originmood.com/NewsContent/zh_TW/mlbb_news_16934.html)
2026-05-05～2026-06-06,2026-05-04,跨越凡塵的蛻變，凜冬巨龍破冰降世,NPC：凜冬大祭司梅薇絲（法蘭城魔法大學研究所 43.49）,Lv1的凜冬巨龍,凜冬之怒*3,Lv1的凜冬龍王,Lv1的凜冬巨龍 ＋ 凜冬之怒×3 ＝ Lv1的凜冬龍王,所需寵物：當期寶盒／活動抽取：凜冬巨龍召喚書（1%）；所需道具：向 NPC：凜冬祭司維瑟瑞克（法蘭城魔法大學研究所 44.50） 交付 Lv1的凜冬巨龍＋極寒龍晶*188 取得：凜冬之怒(概率90%),[查看](https://cg.originmood.com/NewsContent/zh_TW/mlbb_news_16934.html)
2026-04-30～2026-05-14,2026-04-29,《魔力寶貝：永恆初心》五週年慶溫情啟幕 御法劍仙「神樂」降臨,大法師安蕾雅（艾爾瑪城元素師家 216.188）,Lv1的神樂,"神樂之聖角*1 閃耀變異之源*10 50,000G金幣",Lv1的神樂 概率98% Lv1的天叢雲神樂 概率2%,"Lv1的神樂 ＋ 神樂之聖角×1 ＋ 閃耀變異之源×10 ＋ 金幣50,000G ＝ / ├ Lv1的神樂（概率98%） / └ Lv1的天叢雲神樂（概率2%）",所需寵物：公告所列任務獎品輪換：神樂召喚書（23%）；所需道具：公告所列任務獎品輪換：神樂之聖角（23%）,[查看](https://cg.originmood.com/NewsContent/zh_TW/mlbb_news_16894.html)
2026-04-30～2026-05-28（公告原文末年為 2025）,2026-04-29,《魔力寶貝：永恆初心》五週年慶溫情啟幕 御法劍仙「神樂」降臨,五週年使者（里謝里雅堡 44.81）,任意等級的初心花妖,"永恆花仙進化券*1 金幣100,000G",Lv1永恆花仙,"任意等級的初心花妖 ＋ 永恆花仙進化券×1 ＋ 金幣100,000G ＝ Lv1永恆花仙",所需寵物：公告未另載；所需道具：公告未另載,[查看](https://cg.originmood.com/NewsContent/zh_TW/mlbb_news_16894.html)
2026-04-30～2026-05-28（公告原文末年為 2025）,2026-04-29,《魔力寶貝：永恆初心》五週年慶溫情啟幕 御法劍仙「神樂」降臨,五週年使者（里謝里雅堡 44.81）,任意等級的初心花妖,"寶貝蛋糕進化券*1 金幣100,000G",Lv1寶貝蛋糕,"任意等級的初心花妖 ＋ 寶貝蛋糕進化券×1 ＋ 金幣100,000G ＝ Lv1寶貝蛋糕",所需寵物：公告未另載；所需道具：公告未另載,[查看](https://cg.originmood.com/NewsContent/zh_TW/mlbb_news_16894.html)
2026-04-09～2026-04-23,2026-04-09,神櫻綻放 春日女神限定召喚,大法師安蕾雅（艾爾瑪城元素師家 216.188）,Lv1的櫻,"櫻之聖角*1 閃耀變異之源*10 50,000G金幣",Lv1的櫻 概率95% Lv1的天叢雲櫻 概率5%,"Lv1的櫻 ＋ 櫻之聖角×1 ＋ 閃耀變異之源×10 ＋ 金幣50,000G ＝ / ├ Lv1的櫻（概率95%） / └ Lv1的天叢雲櫻（概率5%）",所需寵物：公告未另載；所需道具：公告未另載,[查看](https://cg.originmood.com/NewsContent/zh_TW/mlbb_news_16794.html)
2026-04-04～2026-05-05,2026-04-01,聖光破曉 虛空之龍震撼來襲,NPC：虛空大祭司奧澤新（法蘭城魔法大學研究所 26.44）,Lv1的虛空魔龍,虛空印記*1,Lv1的虛空魔龍,Lv1的虛空魔龍 ＋ 虛空印記×1 ＝ Lv1的虛空魔龍,所需寵物：當期寶盒／活動抽取：虛空魔龍召喚書（0.1%）、向 NPC：虛空祭司瑟雷考（法蘭城魔法大學研究所 25.43） 交付 Lv1的梅莉珊卓＋虛空之塵*188 取得：虛空魔龍召喚書(概率10%)、前置合成：Lv1的梅莉珊卓 ＋ 虛空印記×3 ＝ Lv1的虛空魔龍；所需道具：向 NPC：虛空祭司瑟雷考（法蘭城魔法大學研究所 25.43） 交付 Lv1的梅莉珊卓＋虛空之塵*188 取得：虛空印記(概率90%),[查看](https://cg.originmood.com/NewsContent/zh_TW/mlbb_news_16764.html)
2026-04-04～2026-05-05,2026-04-01,聖光破曉 虛空之龍震撼來襲,NPC：虛空大祭司奧澤新（法蘭城魔法大學研究所 26.44）,Lv1的梅莉珊卓,虛空印記*3,Lv1的虛空魔龍,Lv1的梅莉珊卓 ＋ 虛空印記×3 ＝ Lv1的虛空魔龍,所需寵物：當期寶盒／活動抽取：梅莉珊卓召喚書（1%）；所需道具：向 NPC：虛空祭司瑟雷考（法蘭城魔法大學研究所 25.43） 交付 Lv1的梅莉珊卓＋虛空之塵*188 取得：虛空印記(概率90%),[查看](https://cg.originmood.com/NewsContent/zh_TW/mlbb_news_16764.html)
未載明（公告日 2026-03-25）,2026-03-25,最強家族招募大作戰 貪慾牛魔限時來襲,NPC：喚靈使靜子（家族廣場 97.80）,任意等級的賽拉芬寶寶III,神祈之魂*1 喚靈契約符*10 金幣100000G,LV1的賽拉芬寶寶III 概率80% LV1的賽拉芬寶寶IV概率20%,"任意等級的賽拉芬寶寶III ＋ 神祈之魂×1 ＋ 喚靈契約符×10 ＋ 金幣100,000G ＝ / ├ LV1的賽拉芬寶寶III（概率80%） / └ LV1的賽拉芬寶寶IV（概率20%）",所需寵物：公告未另載；所需道具：公告未另載,[查看](https://cg.originmood.com/NewsContent/zh_TW/mlbb_news_16724.html)
未載明（公告日 2026-03-25）,2026-03-25,最強家族招募大作戰 貪慾牛魔限時來襲,NPC：喚靈使靜子（家族廣場 97.80）,任意等級的賽拉芬寶寶II,神祈之魂*1 喚靈契約符*10 金幣100000G,LV1的賽拉芬寶寶II 概率80% LV1的賽拉芬寶寶III概率20%,"任意等級的賽拉芬寶寶II ＋ 神祈之魂×1 ＋ 喚靈契約符×10 ＋ 金幣100,000G ＝ / ├ LV1的賽拉芬寶寶II（概率80%） / └ LV1的賽拉芬寶寶III（概率20%）",所需寵物：公告未另載；所需道具：公告未另載,[查看](https://cg.originmood.com/NewsContent/zh_TW/mlbb_news_16724.html)
未載明（公告日 2026-03-25）,2026-03-25,最強家族招募大作戰 貪慾牛魔限時來襲,NPC：喚靈使靜子（家族廣場 97.80）,任意等級的賽拉芬寶寶I,神祈之魂*1 喚靈契約符*10 金幣100000G,LV1的賽拉芬寶寶I 概率80% LV1的賽拉芬寶寶II概率20%,"任意等級的賽拉芬寶寶I ＋ 神祈之魂×1 ＋ 喚靈契約符×10 ＋ 金幣100,000G ＝ / ├ LV1的賽拉芬寶寶I（概率80%） / └ LV1的賽拉芬寶寶II（概率20%）",所需寵物：公告未另載；所需道具：公告未另載,[查看](https://cg.originmood.com/NewsContent/zh_TW/mlbb_news_16724.html)
未載明（公告日 2026-03-25）,2026-03-25,最強家族招募大作戰 貪慾牛魔限時來襲,NPC：喚靈使靜子（家族廣場 97.80）,任意等級的巴力寶寶III,黑暗之魂*1 喚靈契約符*10 金幣100000G,LV1的巴力寶寶III 概率80% LV1的巴力寶寶IV概率20%,"任意等級的巴力寶寶III ＋ 黑暗之魂×1 ＋ 喚靈契約符×10 ＋ 金幣100,000G ＝ / ├ LV1的巴力寶寶III（概率80%） / └ LV1的巴力寶寶IV（概率20%）",所需寵物：公告未另載；所需道具：公告未另載,[查看](https://cg.originmood.com/NewsContent/zh_TW/mlbb_news_16724.html)
未載明（公告日 2026-03-25）,2026-03-25,最強家族招募大作戰 貪慾牛魔限時來襲,NPC：喚靈使靜子（家族廣場 97.80）,任意等級的巴力寶寶II,黑暗之魂*1 喚靈契約符*10 金幣100000G,LV1的巴力寶寶II 概率80% LV1的巴力寶寶III概率20%,"任意等級的巴力寶寶II ＋ 黑暗之魂×1 ＋ 喚靈契約符×10 ＋ 金幣100,000G ＝ / ├ LV1的巴力寶寶II（概率80%） / └ LV1的巴力寶寶III（概率20%）",所需寵物：公告未另載；所需道具：公告未另載,[查看](https://cg.originmood.com/NewsContent/zh_TW/mlbb_news_16724.html)
未載明（公告日 2026-03-25）,2026-03-25,最強家族招募大作戰 貪慾牛魔限時來襲,NPC：喚靈使靜子（家族廣場 97.80）,任意等級的巴力寶寶I,黑暗之魂*1 喚靈契約符*10 金幣100000G,LV1的巴力寶寶I 概率80% LV1的巴力寶寶II概率20%,"任意等級的巴力寶寶I ＋ 黑暗之魂×1 ＋ 喚靈契約符×10 ＋ 金幣100,000G ＝ / ├ LV1的巴力寶寶I（概率80%） / └ LV1的巴力寶寶II（概率20%）",所需寵物：公告未另載；所需道具：公告未另載,[查看](https://cg.originmood.com/NewsContent/zh_TW/mlbb_news_16724.html)
未載明（公告日 2026-03-25）,2026-03-25,最強家族招募大作戰 貪慾牛魔限時來襲,NPC：喚靈使靜子（家族廣場 97.80）,任意等級的喵喵寶寶III,虛空之魂*1 喚靈契約符*10 金幣100000G,LV1的喵喵寶寶III 概率80% LV1的喵喵寶寶IV概率20%,"任意等級的喵喵寶寶III ＋ 虛空之魂×1 ＋ 喚靈契約符×10 ＋ 金幣100,000G ＝ / ├ LV1的喵喵寶寶III（概率80%） / └ LV1的喵喵寶寶IV（概率20%）",所需寵物：公告未另載；所需道具：公告未另載,[查看](https://cg.originmood.com/NewsContent/zh_TW/mlbb_news_16724.html)
未載明（公告日 2026-03-25）,2026-03-25,最強家族招募大作戰 貪慾牛魔限時來襲,NPC：喚靈使靜子（家族廣場 97.80）,任意等級的喵喵寶寶II,虛空之魂*1 喚靈契約符*10 金幣100000G,LV1的喵喵寶寶II 概率80% LV1的喵喵寶寶III概率20%,"任意等級的喵喵寶寶II ＋ 虛空之魂×1 ＋ 喚靈契約符×10 ＋ 金幣100,000G ＝ / ├ LV1的喵喵寶寶II（概率80%） / └ LV1的喵喵寶寶III（概率20%）",所需寵物：公告未另載；所需道具：公告未另載,[查看](https://cg.originmood.com/NewsContent/zh_TW/mlbb_news_16724.html)
未載明（公告日 2026-03-25）,2026-03-25,最強家族招募大作戰 貪慾牛魔限時來襲,NPC：喚靈使靜子（家族廣場 97.80）,任意等級的喵喵寶寶I,虛空之魂*1 喚靈契約符*10 金幣100000G,LV1的喵喵寶寶I 概率80% LV1的喵喵寶寶II概率20%,"任意等級的喵喵寶寶I ＋ 虛空之魂×1 ＋ 喚靈契約符×10 ＋ 金幣100,000G ＝ / ├ LV1的喵喵寶寶I（概率80%） / └ LV1的喵喵寶寶II（概率20%）",所需寵物：公告未另載；所需道具：公告未另載,[查看](https://cg.originmood.com/NewsContent/zh_TW/mlbb_news_16724.html)
未載明（公告日 2026-03-12）,2026-03-12,連破試煉迴廊 傳承寵物珍貴技能,瘋狂博士(法蘭城競技場 46.51）,LV1的異型蜂,"異型火蜂設計圖ABC 金幣100,000G",Lv1的異型火蜂 概率10% Lv1的異型蜂 概率90%,"LV1的異型蜂 ＋ 異型火蜂設計圖ABC ＋ 金幣100,000G ＝ / ├ Lv1的異型火蜂（概率10%） / └ Lv1的異型蜂（概率90%）",所需寵物：公告未另載；所需道具：公告未另載,[查看](https://cg.originmood.com/NewsContent/zh_TW/mlbb_news_16684.html)
2026-03-03～2026-04-04,2026-03-03,雪之冰華傳說 通往神域的覺醒門扉,NPC：聖獸使者浩二（魔法大學研究所 33.32）,Lv1的雪,雪之聖角*3,Lv1的天叢雲雪,Lv1的雪 ＋ 雪之聖角×3 ＝ Lv1的天叢雲雪,所需寵物：當期寶盒／活動抽取：雪召喚書（1%）；所需道具：向 NPC：聖獸使直人（魔法大學研究所 33.31） 交付 Lv1的雪＋冰羽之花*188 取得：雪之聖角(概率90%),[查看](https://cg.originmood.com/NewsContent/zh_TW/mlbb_news_16644.html)
2026-03-03～2026-04-04,2026-03-03,雪之冰華傳說 通往神域的覺醒門扉,NPC：聖獸使者浩二（魔法大學研究所 33.32）,Lv1的天叢雲雪,雪之聖角*1,Lv1的天叢雲雪,Lv1的天叢雲雪 ＋ 雪之聖角×1 ＝ Lv1的天叢雲雪,所需寵物：當期寶盒／活動抽取：天叢雲雪召喚書（0.1%）、向 NPC：聖獸使直人（魔法大學研究所 33.31） 交付 Lv1的雪＋冰羽之花*188 取得：天叢雲雪召喚書(概率10%)、前置合成：Lv1的雪 ＋ 雪之聖角×3 ＝ Lv1的天叢雲雪；所需道具：向 NPC：聖獸使直人（魔法大學研究所 33.31） 交付 Lv1的雪＋冰羽之花*188 取得：雪之聖角(概率90%),[查看](https://cg.originmood.com/NewsContent/zh_TW/mlbb_news_16644.html)
2026-02-12～2026-02-26,2026-02-12,光之指引救贖之子 保底必得馬年限定寵物,新春活動使者（里謝里雅堡 48.76）,任意等級的飛馬公主,"飛馬公主設計圖ABC*1 100,000G金幣",lv1改造飛馬公主概率5% lv1飛馬公主 概率95%,"任意等級的飛馬公主 ＋ 飛馬公主設計圖ABC×1 ＋ 金幣100,000G ＝ / ├ lv1改造飛馬公主（概率5%） / └ lv1飛馬公主（概率95%）",所需寵物：公告未另載；所需道具：公告未另載,[查看](https://cg.originmood.com/NewsContent/zh_TW/mlbb_news_16554.html)
2026-02-12～2026-02-26,2026-02-12,光之指引救贖之子 保底必得馬年限定寵物,新春活動使者（里謝里雅堡 48.76）,任意等級的露比,"露比設計圖ABC*1 100,000G金幣",lv1改造露比 概率5% lv1露比 概率95%,"任意等級的露比 ＋ 露比設計圖ABC×1 ＋ 金幣100,000G ＝ / ├ lv1改造露比（概率5%） / └ lv1露比（概率95%）",所需寵物：公告未另載；所需道具：公告未另載,[查看](https://cg.originmood.com/NewsContent/zh_TW/mlbb_news_16554.html)
2026-02-12～2026-02-26,2026-02-12,光之指引救贖之子 保底必得馬年限定寵物,新春活動使者（里謝里雅堡 48.76）,任意等級的布偶夏莉,"布偶夏莉設計圖ABC*1 100,000G金幣",lv1改造布偶夏莉 概率5% lv1布偶夏莉 概率95%,"任意等級的布偶夏莉 ＋ 布偶夏莉設計圖ABC×1 ＋ 金幣100,000G ＝ / ├ lv1改造布偶夏莉（概率5%） / └ lv1布偶夏莉（概率95%）",所需寵物：公告所列活動獎勵／抽抽樂：布偶夏莉召喚書；所需道具：公告所列活動獎勵／抽抽樂：布偶夏莉設計圖A,[查看](https://cg.originmood.com/NewsContent/zh_TW/mlbb_news_16554.html)
2026-02-12～2026-02-26,2026-02-12,光之指引救贖之子 保底必得馬年限定寵物,新春活動使者（里謝里雅堡 48.76）,任意等級的冰原獨角獸,"冰原獨角獸設計圖ABC*1 100,000G金幣",lv1改造冰原獨角獸 概率5% lv1冰原獨角獸概率95%,"任意等級的冰原獨角獸 ＋ 冰原獨角獸設計圖ABC×1 ＋ 金幣100,000G ＝ / ├ lv1改造冰原獨角獸（概率5%） / └ lv1冰原獨角獸（概率95%）",所需寵物：公告未另載；所需道具：公告未另載,[查看](https://cg.originmood.com/NewsContent/zh_TW/mlbb_news_16554.html)
2026-02-12～2026-02-26,2026-02-12,光之指引救贖之子 保底必得馬年限定寵物,大法師安蕾雅（艾爾瑪城元素師家 216.188）,Lv1的舞,"舞之聖角*1 閃耀變異之源*10 50,000G金幣",Lv1的舞 概率95% Lv1的天叢雲舞 概率5%,"Lv1的舞 ＋ 舞之聖角×1 ＋ 閃耀變異之源×10 ＋ 金幣50,000G ＝ / ├ Lv1的舞（概率95%） / └ Lv1的天叢雲舞（概率5%）",所需寵物：公告未另載；所需道具：公告未另載,[查看](https://cg.originmood.com/NewsContent/zh_TW/mlbb_news_16554.html)
2026-02-12～2026-03-12,2026-02-12,光之指引救贖之子 保底必得馬年限定寵物,噗栗族長（里謝里雅堡 52.78）,Lv1的噗栗醬,"聖誕星人許願卡*1 100,000G金幣",Lv1的噗栗君 概率33% Lv1的噗栗醬 概率33% Lv1的噗栗桑 概率33% Lv1的噗栗大王 概率1%,"Lv1的噗栗醬 ＋ 聖誕星人許願卡×1 ＋ 金幣100,000G ＝ / ├ Lv1的噗栗君（概率33%） / ├ Lv1的噗栗醬（概率33%） / ├ Lv1的噗栗桑（概率33%） / └ Lv1的噗栗大王（概率1%）",所需寵物：公告未另載；所需道具：公告未另載,[查看](https://cg.originmood.com/NewsContent/zh_TW/mlbb_news_16554.html)
2026-02-12～2026-03-12,2026-02-12,光之指引救贖之子 保底必得馬年限定寵物,噗栗族長（里謝里雅堡 52.78）,Lv1的噗栗桑,"聖誕星人許願卡*1 100,000G金幣",Lv1的噗栗君 概率33% Lv1的噗栗醬 概率33% Lv1的噗栗桑 概率33% Lv1的噗栗大王 概率1%,"Lv1的噗栗桑 ＋ 聖誕星人許願卡×1 ＋ 金幣100,000G ＝ / ├ Lv1的噗栗君（概率33%） / ├ Lv1的噗栗醬（概率33%） / ├ Lv1的噗栗桑（概率33%） / └ Lv1的噗栗大王（概率1%）",所需寵物：公告未另載；所需道具：公告未另載,[查看](https://cg.originmood.com/NewsContent/zh_TW/mlbb_news_16554.html)
2026-02-12～2026-03-12,2026-02-12,光之指引救贖之子 保底必得馬年限定寵物,噗栗族長（里謝里雅堡 52.78）,Lv1的噗栗君,"聖誕星人許願卡*1 100,000G金幣",Lv1的噗栗君 概率33% Lv1的噗栗醬 概率33% Lv1的噗栗桑 概率33% Lv1的噗栗大王 概率1%,"Lv1的噗栗君 ＋ 聖誕星人許願卡×1 ＋ 金幣100,000G ＝ / ├ Lv1的噗栗君（概率33%） / ├ Lv1的噗栗醬（概率33%） / ├ Lv1的噗栗桑（概率33%） / └ Lv1的噗栗大王（概率1%）",所需寵物：公告未另載；所需道具：公告未另載,[查看](https://cg.originmood.com/NewsContent/zh_TW/mlbb_news_16554.html)
2026-02-02～2026-03-03,2026-01-30,駕馭禁忌之力 簽訂噬歲時序的傳說,NPC：災歲鍛契者卡爾斯（魔法大學研究所 47.21）,Lv1的噬歲狼王,災厄王印*1,Lv1的噬歲狼王,Lv1的噬歲狼王 ＋ 災厄王印×1 ＝ Lv1的噬歲狼王,所需寵物：當期寶盒／活動抽取：噬歲狼王召喚書（0.1%）、向 NPC：血歲司祭赫摩爾（魔法大學研究所 48.21） 交付 Lv1的嗜血狂狼＋年獸歲血*188 取得：噬歲狼王召喚書(概率10%)、前置合成：Lv1的嗜血狂狼 ＋ 災厄王印×3 ＝ Lv1的噬歲狼王；所需道具：向 NPC：血歲司祭赫摩爾（魔法大學研究所 48.21） 交付 Lv1的嗜血狂狼＋年獸歲血*188 取得：災厄王印(概率90%),[查看](https://cg.originmood.com/NewsContent/zh_TW/mlbb_news_16484.html)
2026-02-02～2026-03-03,2026-01-30,駕馭禁忌之力 簽訂噬歲時序的傳說,NPC：災歲鍛契者卡爾斯（魔法大學研究所 47.21）,Lv1的嗜血狂狼,災厄王印*3,Lv1的噬歲狼王,Lv1的嗜血狂狼 ＋ 災厄王印×3 ＝ Lv1的噬歲狼王,所需寵物：當期寶盒／活動抽取：嗜血狂狼召喚書（1%）；所需道具：向 NPC：血歲司祭赫摩爾（魔法大學研究所 48.21） 交付 Lv1的嗜血狂狼＋年獸歲血*188 取得：災厄王印(概率90%),[查看](https://cg.originmood.com/NewsContent/zh_TW/mlbb_news_16484.html)
2026-01-22～2026-02-05,2026-01-21,黃金迷宮與神龍的傳說 保底必得限定黃金獸,裘瑟貝（法蘭城 195.67）,LV1的布丁史萊姆,布丁史萊姆設計圖ABC,Lv1的黃金史萊姆,LV1的布丁史萊姆 ＋ 布丁史萊姆設計圖ABC ＝ Lv1的黃金史萊姆,所需寵物：公告未另載；所需道具：公告未另載,[查看](https://cg.originmood.com/NewsContent/zh_TW/mlbb_news_16444.html)
2026-01-01～2026-02-02,2025-12-31,千年血脈的呼喚勇者小隊再集結 首日9折&首週血脈共鳴成功率直升三倍,NPC：血脈共鳴師（魔法大學研究所 12.26）,Lv1的魔術師艾夏菲,勇者之魂*3,Lv1的大魔導師艾夏菲,Lv1的魔術師艾夏菲 ＋ 勇者之魂×3 ＝ Lv1的大魔導師艾夏菲,所需寵物：當期寶盒／活動抽取：魔術師艾夏菲召喚書（1%）；所需道具：向 NPC：大賢者（魔法大學研究所 12.25） 交付 Lv1的劍士里昂＋記憶火種*188 取得：勇者之魂(概率70%)、向 NPC：大賢者（魔法大學研究所 12.25） 交付 Lv1的戰斧帕里修斯＋記憶火種*188 取得：勇者之魂(概率70%)、向 NPC：大賢者（魔法大學研究所 12.25） 交付 Lv1的巫師耶克爾＋記憶火種*188 取得：勇者之魂(概率70%)、向 NPC：大賢者（魔法大學研究所 12.25） 交付 Lv1的魔術師艾夏菲＋記憶火種*188 取得：勇者之魂(概率70%),[查看](https://cg.originmood.com/NewsContent/zh_TW/mlbb_news_16364.html)
2026-01-01～2026-02-02,2025-12-31,千年血脈的呼喚勇者小隊再集結 首日9折&首週血脈共鳴成功率直升三倍,NPC：血脈共鳴師（魔法大學研究所 12.26）,Lv1的戰斧帕里修斯,勇者之魂*3,Lv1的戰斧大師帕里修斯,Lv1的戰斧帕里修斯 ＋ 勇者之魂×3 ＝ Lv1的戰斧大師帕里修斯,所需寵物：當期寶盒／活動抽取：戰斧帕里修斯召喚書（1%）；所需道具：向 NPC：大賢者（魔法大學研究所 12.25） 交付 Lv1的劍士里昂＋記憶火種*188 取得：勇者之魂(概率70%)、向 NPC：大賢者（魔法大學研究所 12.25） 交付 Lv1的戰斧帕里修斯＋記憶火種*188 取得：勇者之魂(概率70%)、向 NPC：大賢者（魔法大學研究所 12.25） 交付 Lv1的巫師耶克爾＋記憶火種*188 取得：勇者之魂(概率70%)、向 NPC：大賢者（魔法大學研究所 12.25） 交付 Lv1的魔術師艾夏菲＋記憶火種*188 取得：勇者之魂(概率70%),[查看](https://cg.originmood.com/NewsContent/zh_TW/mlbb_news_16364.html)
2026-01-01～2026-02-02,2025-12-31,千年血脈的呼喚勇者小隊再集結 首日9折&首週血脈共鳴成功率直升三倍,NPC：血脈共鳴師（魔法大學研究所 12.26）,Lv1的戰斧大師帕里修斯,勇者之魂*1,Lv1的戰斧大師帕里修斯,Lv1的戰斧大師帕里修斯 ＋ 勇者之魂×1 ＝ Lv1的戰斧大師帕里修斯,所需寵物：當期寶盒／活動抽取：戰斧大師帕里修斯召喚書（0.05%）、向 NPC：大賢者（魔法大學研究所 12.25） 交付 Lv1的戰斧帕里修斯＋記憶火種*188 取得：戰斧大師帕里修斯召喚書(概率30%)、前置合成：Lv1的戰斧帕里修斯 ＋ 勇者之魂×3 ＝ Lv1的戰斧大師帕里修斯；所需道具：向 NPC：大賢者（魔法大學研究所 12.25） 交付 Lv1的劍士里昂＋記憶火種*188 取得：勇者之魂(概率70%)、向 NPC：大賢者（魔法大學研究所 12.25） 交付 Lv1的戰斧帕里修斯＋記憶火種*188 取得：勇者之魂(概率70%)、向 NPC：大賢者（魔法大學研究所 12.25） 交付 Lv1的巫師耶克爾＋記憶火種*188 取得：勇者之魂(概率70%)、向 NPC：大賢者（魔法大學研究所 12.25） 交付 Lv1的魔術師艾夏菲＋記憶火種*188 取得：勇者之魂(概率70%),[查看](https://cg.originmood.com/NewsContent/zh_TW/mlbb_news_16364.html)
2026-01-01～2026-02-02,2025-12-31,千年血脈的呼喚勇者小隊再集結 首日9折&首週血脈共鳴成功率直升三倍,NPC：血脈共鳴師（魔法大學研究所 12.26）,Lv1的巫王耶克爾,勇者之魂*1,Lv1的巫王耶克爾,Lv1的巫王耶克爾 ＋ 勇者之魂×1 ＝ Lv1的巫王耶克爾,所需寵物：當期寶盒／活動抽取：巫王耶克爾召喚書（0.05%）、向 NPC：大賢者（魔法大學研究所 12.25） 交付 Lv1的巫師耶克爾＋記憶火種*188 取得：巫王耶克爾召喚書(概率30%)、前置合成：Lv1的巫師耶克爾 ＋ 勇者之魂×3 ＝ Lv1的巫王耶克爾；所需道具：向 NPC：大賢者（魔法大學研究所 12.25） 交付 Lv1的劍士里昂＋記憶火種*188 取得：勇者之魂(概率70%)、向 NPC：大賢者（魔法大學研究所 12.25） 交付 Lv1的戰斧帕里修斯＋記憶火種*188 取得：勇者之魂(概率70%)、向 NPC：大賢者（魔法大學研究所 12.25） 交付 Lv1的巫師耶克爾＋記憶火種*188 取得：勇者之魂(概率70%)、向 NPC：大賢者（魔法大學研究所 12.25） 交付 Lv1的魔術師艾夏菲＋記憶火種*188 取得：勇者之魂(概率70%),[查看](https://cg.originmood.com/NewsContent/zh_TW/mlbb_news_16364.html)
2026-01-01～2026-02-02,2025-12-31,千年血脈的呼喚勇者小隊再集結 首日9折&首週血脈共鳴成功率直升三倍,NPC：血脈共鳴師（魔法大學研究所 12.26）,Lv1的巫師耶克爾,勇者之魂*3,Lv1的巫王耶克爾,Lv1的巫師耶克爾 ＋ 勇者之魂×3 ＝ Lv1的巫王耶克爾,所需寵物：當期寶盒／活動抽取：巫師耶克爾召喚書（1%）；所需道具：向 NPC：大賢者（魔法大學研究所 12.25） 交付 Lv1的劍士里昂＋記憶火種*188 取得：勇者之魂(概率70%)、向 NPC：大賢者（魔法大學研究所 12.25） 交付 Lv1的戰斧帕里修斯＋記憶火種*188 取得：勇者之魂(概率70%)、向 NPC：大賢者（魔法大學研究所 12.25） 交付 Lv1的巫師耶克爾＋記憶火種*188 取得：勇者之魂(概率70%)、向 NPC：大賢者（魔法大學研究所 12.25） 交付 Lv1的魔術師艾夏菲＋記憶火種*188 取得：勇者之魂(概率70%),[查看](https://cg.originmood.com/NewsContent/zh_TW/mlbb_news_16364.html)
2026-01-01～2026-02-02,2025-12-31,千年血脈的呼喚勇者小隊再集結 首日9折&首週血脈共鳴成功率直升三倍,NPC：血脈共鳴師（魔法大學研究所 12.26）,Lv1的大魔導師艾夏菲,勇者之魂*1,Lv1的大魔導師艾夏菲,Lv1的大魔導師艾夏菲 ＋ 勇者之魂×1 ＝ Lv1的大魔導師艾夏菲,所需寵物：當期寶盒／活動抽取：大魔導師艾夏菲召喚書（0.05%）、向 NPC：大賢者（魔法大學研究所 12.25） 交付 Lv1的魔術師艾夏菲＋記憶火種*188 取得：大魔導師艾夏菲召喚書(概率30%)、前置合成：Lv1的魔術師艾夏菲 ＋ 勇者之魂×3 ＝ Lv1的大魔導師艾夏菲；所需道具：向 NPC：大賢者（魔法大學研究所 12.25） 交付 Lv1的劍士里昂＋記憶火種*188 取得：勇者之魂(概率70%)、向 NPC：大賢者（魔法大學研究所 12.25） 交付 Lv1的戰斧帕里修斯＋記憶火種*188 取得：勇者之魂(概率70%)、向 NPC：大賢者（魔法大學研究所 12.25） 交付 Lv1的巫師耶克爾＋記憶火種*188 取得：勇者之魂(概率70%)、向 NPC：大賢者（魔法大學研究所 12.25） 交付 Lv1的魔術師艾夏菲＋記憶火種*188 取得：勇者之魂(概率70%),[查看](https://cg.originmood.com/NewsContent/zh_TW/mlbb_news_16364.html)
2026-01-01～2026-02-02,2025-12-31,千年血脈的呼喚勇者小隊再集結 首日9折&首週血脈共鳴成功率直升三倍,NPC：血脈共鳴師（魔法大學研究所 12.26）,Lv1的劍術大師里昂,勇者之魂*1,Lv1的劍術大師里昂,Lv1的劍術大師里昂 ＋ 勇者之魂×1 ＝ Lv1的劍術大師里昂,所需寵物：當期寶盒／活動抽取：劍術大師里昂召喚書（0.05%）、向 NPC：大賢者（魔法大學研究所 12.25） 交付 Lv1的劍士里昂＋記憶火種*188 取得：劍術大師里昂召喚書(概率30%)、前置合成：Lv1的劍士里昂 ＋ 勇者之魂×3 ＝ Lv1的劍術大師里昂；所需道具：向 NPC：大賢者（魔法大學研究所 12.25） 交付 Lv1的劍士里昂＋記憶火種*188 取得：勇者之魂(概率70%)、向 NPC：大賢者（魔法大學研究所 12.25） 交付 Lv1的戰斧帕里修斯＋記憶火種*188 取得：勇者之魂(概率70%)、向 NPC：大賢者（魔法大學研究所 12.25） 交付 Lv1的巫師耶克爾＋記憶火種*188 取得：勇者之魂(概率70%)、向 NPC：大賢者（魔法大學研究所 12.25） 交付 Lv1的魔術師艾夏菲＋記憶火種*188 取得：勇者之魂(概率70%),[查看](https://cg.originmood.com/NewsContent/zh_TW/mlbb_news_16364.html)
2026-01-01～2026-02-02,2025-12-31,千年血脈的呼喚勇者小隊再集結 首日9折&首週血脈共鳴成功率直升三倍,NPC：血脈共鳴師（魔法大學研究所 12.26）,Lv1的劍士里昂,勇者之魂*3,Lv1的劍術大師里昂,Lv1的劍士里昂 ＋ 勇者之魂×3 ＝ Lv1的劍術大師里昂,所需寵物：當期寶盒／活動抽取：劍士里昂召喚書（1%）；所需道具：向 NPC：大賢者（魔法大學研究所 12.25） 交付 Lv1的劍士里昂＋記憶火種*188 取得：勇者之魂(概率70%)、向 NPC：大賢者（魔法大學研究所 12.25） 交付 Lv1的戰斧帕里修斯＋記憶火種*188 取得：勇者之魂(概率70%)、向 NPC：大賢者（魔法大學研究所 12.25） 交付 Lv1的巫師耶克爾＋記憶火種*188 取得：勇者之魂(概率70%)、向 NPC：大賢者（魔法大學研究所 12.25） 交付 Lv1的魔術師艾夏菲＋記憶火種*188 取得：勇者之魂(概率70%),[查看](https://cg.originmood.com/NewsContent/zh_TW/mlbb_news_16364.html)
2025-12-25～2026-01-22,2025-12-24,失蹤的馴鹿大作戰 與搗蛋大王的約定,裘瑟貝（法蘭城 195.67）,任意等級的聖誕馴鹿,聖誕馴鹿設計圖ABC,Lv1的改造馴鹿,任意等級的聖誕馴鹿 ＋ 聖誕馴鹿設計圖ABC ＝ Lv1的改造馴鹿,所需寵物：當期寶盒／活動抽取：聖誕馴鹿召喚書（9.5%）；所需道具：當期寶盒／活動抽取：聖誕馴鹿設計圖A（12%）,[查看](https://cg.originmood.com/NewsContent/zh_TW/mlbb_news_16344.html)
2025-12-25～2026-01-22,2025-12-24,失蹤的馴鹿大作戰 與搗蛋大王的約定,裘瑟貝（法蘭城 195.67）,任意等級的聖誕水藍鼠,聖誕水藍鼠設計圖ABC,Lv1的改造聖誕水藍鼠,任意等級的聖誕水藍鼠 ＋ 聖誕水藍鼠設計圖ABC ＝ Lv1的改造聖誕水藍鼠,所需寵物：當期寶盒／活動抽取：聖誕水藍鼠召喚書（6%）；所需道具：當期寶盒／活動抽取：聖誕水藍鼠設計圖A（5%）,[查看](https://cg.originmood.com/NewsContent/zh_TW/mlbb_news_16344.html)
2025-12-25～2026-01-22,2025-12-24,失蹤的馴鹿大作戰 與搗蛋大王的約定,裘瑟貝（法蘭城 195.67）,任意等級的糖果大地鼠,糖果大地鼠設計圖ABC,Lv1的改造糖果大地鼠,任意等級的糖果大地鼠 ＋ 糖果大地鼠設計圖ABC ＝ Lv1的改造糖果大地鼠,所需寵物：當期寶盒／活動抽取：糖果大地鼠召喚書（1%）；所需道具：當期寶盒／活動抽取：糖果大地鼠設計圖A（8%）,[查看](https://cg.originmood.com/NewsContent/zh_TW/mlbb_news_16344.html)
2025-12-25～2026-01-22,2025-12-24,失蹤的馴鹿大作戰 與搗蛋大王的約定,奔旦一族（里謝里雅堡 52.81）,Lv1的奔旦醬,"聖誕星人許願卡*1 100,000G金幣",Lv1的奔旦君 概率33% Lv1的奔旦醬 概率33% Lv1的奔旦桑 概率33% Lv1的奔旦大王 概率1%,"Lv1的奔旦醬 ＋ 聖誕星人許願卡×1 ＋ 金幣100,000G ＝ / ├ Lv1的奔旦君（概率33%） / ├ Lv1的奔旦醬（概率33%） / ├ Lv1的奔旦桑（概率33%） / └ Lv1的奔旦大王（概率1%）",所需寵物：公告未另載；所需道具：公告未另載,[查看](https://cg.originmood.com/NewsContent/zh_TW/mlbb_news_16344.html)
2025-12-25～2026-01-22,2025-12-24,失蹤的馴鹿大作戰 與搗蛋大王的約定,奔旦一族（里謝里雅堡 52.81）,Lv1的奔旦桑,"聖誕星人許願卡*1 100,000G金幣",Lv1的奔旦君 概率33% Lv1的奔旦醬 概率33% Lv1的奔旦桑 概率33% Lv1的奔旦大王 概率1%,"Lv1的奔旦桑 ＋ 聖誕星人許願卡×1 ＋ 金幣100,000G ＝ / ├ Lv1的奔旦君（概率33%） / ├ Lv1的奔旦醬（概率33%） / ├ Lv1的奔旦桑（概率33%） / └ Lv1的奔旦大王（概率1%）",所需寵物：公告未另載；所需道具：公告未另載,[查看](https://cg.originmood.com/NewsContent/zh_TW/mlbb_news_16344.html)
2025-12-25～2026-01-22,2025-12-24,失蹤的馴鹿大作戰 與搗蛋大王的約定,奔旦一族（里謝里雅堡 52.81）,Lv1的奔旦君,"聖誕星人許願卡*1 100,000G金幣",Lv1的奔旦君 概率33% Lv1的奔旦醬 概率33% Lv1的奔旦桑 概率33% Lv1的奔旦大王 概率1%,"Lv1的奔旦君 ＋ 聖誕星人許願卡×1 ＋ 金幣100,000G ＝ / ├ Lv1的奔旦君（概率33%） / ├ Lv1的奔旦醬（概率33%） / ├ Lv1的奔旦桑（概率33%） / └ Lv1的奔旦大王（概率1%）",所需寵物：公告未另載；所需道具：公告未另載,[查看](https://cg.originmood.com/NewsContent/zh_TW/mlbb_news_16344.html)
2025-12-25～2026-01-22,2025-12-24,失蹤的馴鹿大作戰 與搗蛋大王的約定,NPC：奇奇卡(精靈城寵物店15，6）,Lv1赤燄,變異之源*3 希望火柴盒*10 精靈王契約*50 金幣100000G,火柴小王子,"Lv1赤燄 ＋ 變異之源×3 ＋ 希望火柴盒×10 ＋ 精靈王契約×50 ＋ 金幣100,000G ＝ 火柴小王子",所需寵物：公告未另載；所需道具：公告未另載,[查看](https://cg.originmood.com/NewsContent/zh_TW/mlbb_news_16344.html)
2025-12-25～2026-01-22,2025-12-24,失蹤的馴鹿大作戰 與搗蛋大王的約定,NPC：奇奇卡(精靈城寵物店15，6）,Lv1碧燄,變異之源*3 希望火柴盒*10 精靈王契約*50 金幣100000G,火柴小王子,"Lv1碧燄 ＋ 變異之源×3 ＋ 希望火柴盒×10 ＋ 精靈王契約×50 ＋ 金幣100,000G ＝ 火柴小王子",所需寵物：公告未另載；所需道具：公告未另載,[查看](https://cg.originmood.com/NewsContent/zh_TW/mlbb_news_16344.html)
2025-12-12～2026-01-01,2025-12-12,虛無暗淵之主 沉睡的紫獄龍王,NPC：幻龍契約大師（魔法大學研究所 45.20）,Lv1的紫獄龍王,紫龍魂契*1,Lv1的紫獄龍王,Lv1的紫獄龍王 ＋ 紫龍魂契×1 ＝ Lv1的紫獄龍王,所需寵物：當期寶盒／活動抽取：紫獄龍王召喚書（0.1%）、向 NPC：幻龍契約師（魔法大學研究所 46.21） 交付 Lv1的幻紫飛龍＋升華之血*188 取得：紫獄龍王召喚書(概率10%)、前置合成：Lv1的幻紫飛龍 ＋ 紫龍魂契×3 ＝ Lv1的紫獄龍王；所需道具：向 NPC：幻龍契約師（魔法大學研究所 46.21） 交付 Lv1的幻紫飛龍＋升華之血*188 取得：紫龍魂契(概率90%),[查看](https://cg.originmood.com/NewsContent/zh_TW/mlbb_news_16314.html)
2025-12-12～2026-01-01,2025-12-12,虛無暗淵之主 沉睡的紫獄龍王,NPC：幻龍契約大師（魔法大學研究所 45.20）,Lv1的幻紫飛龍,紫龍魂契*3,Lv1的紫獄龍王,Lv1的幻紫飛龍 ＋ 紫龍魂契×3 ＝ Lv1的紫獄龍王,所需寵物：當期寶盒／活動抽取：幻紫飛龍召喚書（1%）；所需道具：向 NPC：幻龍契約師（魔法大學研究所 46.21） 交付 Lv1的幻紫飛龍＋升華之血*188 取得：紫龍魂契(概率90%),[查看](https://cg.originmood.com/NewsContent/zh_TW/mlbb_news_16314.html)
2025-12-11～2025-12-25,2025-12-10,惡龍大亂鬥 拯救聖誕火雞,巫妖蛇姬長老（里謝里雅堡 32.66）,Lv1的巫蛇妖姬,"女媧重石*1 100,000G金幣",Lv1的八重紫 概率3% Lv1的巫蛇妖姬 概率97%,"Lv1的巫蛇妖姬 ＋ 女媧重石×1 ＋ 金幣100,000G ＝ / ├ Lv1的八重紫（概率3%） / └ Lv1的巫蛇妖姬（概率97%）",所需寵物：公告所列任務獎品輪換：巫蛇妖姬召喚書（50%）；所需道具：當期寶盒／活動抽取：女媧重石（0.5%）,[查看](https://cg.originmood.com/NewsContent/zh_TW/mlbb_news_16284.html)
2025-12-05～2026-01-01,2025-12-05,法蘭聖誕序曲 暖冬歸途獻豪禮,聖誕星人（里謝里雅堡 52.78）,Lv1的劈哩醬,"聖誕星人許願卡*1 100,000G金幣",Lv1的劈哩君 概率33% Lv1的劈哩醬 概率33% Lv1的劈哩桑 概率33% Lv1的劈哩大王 概率1%,"Lv1的劈哩醬 ＋ 聖誕星人許願卡×1 ＋ 金幣100,000G ＝ / ├ Lv1的劈哩君（概率33%） / ├ Lv1的劈哩醬（概率33%） / ├ Lv1的劈哩桑（概率33%） / └ Lv1的劈哩大王（概率1%）",所需寵物：公告未另載；所需道具：公告未另載,[查看](https://cg.originmood.com/NewsContent/zh_TW/mlbb_news_16264.html)
2025-12-05～2026-01-01,2025-12-05,法蘭聖誕序曲 暖冬歸途獻豪禮,聖誕星人（里謝里雅堡 52.78）,Lv1的劈哩桑,"聖誕星人許願卡*1 100,000G金幣",Lv1的劈哩君 概率33% Lv1的劈哩醬 概率33% Lv1的劈哩桑 概率33% Lv1的劈哩大王 概率1%,"Lv1的劈哩桑 ＋ 聖誕星人許願卡×1 ＋ 金幣100,000G ＝ / ├ Lv1的劈哩君（概率33%） / ├ Lv1的劈哩醬（概率33%） / ├ Lv1的劈哩桑（概率33%） / └ Lv1的劈哩大王（概率1%）",所需寵物：公告未另載；所需道具：公告未另載,[查看](https://cg.originmood.com/NewsContent/zh_TW/mlbb_news_16264.html)
2025-12-05～2026-01-01,2025-12-05,法蘭聖誕序曲 暖冬歸途獻豪禮,聖誕星人（里謝里雅堡 52.78）,Lv1的劈哩君,"聖誕星人許願卡*1 100,000G金幣",Lv1的劈哩君 概率33% Lv1的劈哩醬 概率33% Lv1的劈哩桑 概率33% Lv1的劈哩大王 概率1%,"Lv1的劈哩君 ＋ 聖誕星人許願卡×1 ＋ 金幣100,000G ＝ / ├ Lv1的劈哩君（概率33%） / ├ Lv1的劈哩醬（概率33%） / ├ Lv1的劈哩桑（概率33%） / └ Lv1的劈哩大王（概率1%）",所需寵物：公告未另載；所需道具：公告未另載,[查看](https://cg.originmood.com/NewsContent/zh_TW/mlbb_news_16264.html)
2025-11-11～2025-12-12,2025-11-10,跨越死亡冥域的契約 掌控不朽龍王之力,NPC：冥界祭司長海文克（魔法大學研究所 41.45）,Lv1的紫金暴龍王,冥龍之心*1,Lv1的紫金暴龍王,Lv1的紫金暴龍王 ＋ 冥龍之心×1 ＝ Lv1的紫金暴龍王,所需寵物：當期寶盒／活動抽取：紫金暴龍王召喚書（0.1%）；所需道具：向 NPC：冥界祭司佐爾薩（魔法大學研究所 42.46） 交付 Lv1的紫金冥龍＋冥域魔晶*188 取得：冥龍之心 概率90%,[查看](https://cg.originmood.com/NewsContent/zh_TW/mlbb_news_16164.html)
2025-11-11～2025-12-12,2025-11-10,跨越死亡冥域的契約 掌控不朽龍王之力,NPC：冥界祭司長海文克（魔法大學研究所 41.45）,Lv1的紫金冥龍,冥龍之心*3,Lv1的紫金暴龍王 概率50% Lv1的渡 概率50%,Lv1的紫金冥龍 ＋ 冥龍之心×3 ＝ / ├ Lv1的紫金暴龍王（概率50%） / └ Lv1的渡（概率50%）,所需寵物：當期寶盒／活動抽取：紫金冥龍召喚書（1%）；所需道具：向 NPC：冥界祭司佐爾薩（魔法大學研究所 42.46） 交付 Lv1的紫金冥龍＋冥域魔晶*188 取得：冥龍之心 概率90%,[查看](https://cg.originmood.com/NewsContent/zh_TW/mlbb_news_16164.html)
2025-11-11～2025-12-12,2025-11-10,跨越死亡冥域的契約 掌控不朽龍王之力,NPC：冥界祭司長海文克（魔法大學研究所 41.45）,Lv1的渡,冥龍之心*1,Lv1的渡,Lv1的渡 ＋ 冥龍之心×1 ＝ Lv1的渡,所需寵物：當期寶盒／活動抽取：渡召喚書（0.1%）；所需道具：向 NPC：冥界祭司佐爾薩（魔法大學研究所 42.46） 交付 Lv1的紫金冥龍＋冥域魔晶*188 取得：冥龍之心 概率90%,[查看](https://cg.originmood.com/NewsContent/zh_TW/mlbb_news_16164.html)
2025-10-30～2025-11-13,2025-10-29,勇闖寵物傳承聖殿 狂歡萬聖驚魂夜,大法師安蕾雅(艾爾瑪城元素師家 216.188）,任意等級的的天空元素使,風元素之卵*1 閃耀變異之源*10 50000G金幣,Lv1的天空元素使 概率95% Lv1的風之使徒 概率5%,"任意等級的的天空元素使 ＋ 風元素之卵×1 ＋ 閃耀變異之源×10 ＋ 金幣50,000G ＝ / ├ Lv1的天空元素使（概率95%） / └ Lv1的風之使徒（概率5%）",所需寵物：公告未另載；所需道具：公告未另載,[查看](https://cg.originmood.com/NewsContent/zh_TW/mlbb_news_16124.html)
2025-10-10～2025-11-11,2025-10-10,改造狂想曲 超越極限的雙重詠嘆,NPC：暗醫凱洛斯（魔法大學研究所 33.9）,Lv1的艾德奇美拉,共生記憶活體*3,Lv1的寒冰奇美拉 概率50% Lv1的綾香 概率50%,Lv1的艾德奇美拉 ＋ 共生記憶活體×3 ＝ / ├ Lv1的寒冰奇美拉（概率50%） / └ Lv1的綾香（概率50%）,所需寵物：當期寶盒／活動抽取：艾德奇美拉召喚書（1%）；所需道具：向 NPC：基因調製師瑪薇拉（魔法大學研究所 34.10） 交付 Lv1的艾德奇美拉＋魔導因數*188 取得：共生記憶活體 概率90%,[查看](https://cg.originmood.com/NewsContent/zh_TW/mlbb_news_16044.html)
2025-10-10～2025-11-11,2025-10-10,改造狂想曲 超越極限的雙重詠嘆,NPC：暗醫凱洛斯（魔法大學研究所 33.9）,Lv1的聖紋地龍,共生記憶活體*1,Lv1的寒冰奇美拉,Lv1的聖紋地龍 ＋ 共生記憶活體×1 ＝ Lv1的寒冰奇美拉,所需寵物：公告未另載；所需道具：向 NPC：基因調製師瑪薇拉（魔法大學研究所 34.10） 交付 Lv1的艾德奇美拉＋魔導因數*188 取得：共生記憶活體 概率90%,[查看](https://cg.originmood.com/NewsContent/zh_TW/mlbb_news_16044.html)
2025-10-10～2025-11-11,2025-10-10,改造狂想曲 超越極限的雙重詠嘆,NPC：暗醫凱洛斯（魔法大學研究所 33.9）,Lv1的綾香,共生記憶活體*1,Lv1的綾香,Lv1的綾香 ＋ 共生記憶活體×1 ＝ Lv1的綾香,所需寵物：當期寶盒／活動抽取：綾香召喚書（0.1%）；所需道具：向 NPC：基因調製師瑪薇拉（魔法大學研究所 34.10） 交付 Lv1的艾德奇美拉＋魔導因數*188 取得：共生記憶活體 概率90%,[查看](https://cg.originmood.com/NewsContent/zh_TW/mlbb_news_16044.html)
2025-10-02～2025-10-16,2025-10-01,中秋月宮遇奇緣 嫦娥邀君解危局,NPC：奇奇卡(精靈城寵物店15，6）,任意等級的黑醬麻薯兔兔,閃耀變異之源*3 大福糯團*10 精靈王契約*100 100000G金幣,Lv1黑糖大福兔兔,"任意等級的黑醬麻薯兔兔 ＋ 閃耀變異之源×3 ＋ 大福糯團×10 ＋ 精靈王契約×100 ＋ 金幣100,000G ＝ Lv1黑糖大福兔兔",所需寵物：公告未另載；所需道具：公告未另載,[查看](https://cg.originmood.com/NewsContent/zh_TW/mlbb_news_16004.html)
2025-10-02～2025-10-16,2025-10-01,中秋月宮遇奇緣 嫦娥邀君解危局,NPC：奇奇卡(精靈城寵物店15，6）,任意等級的白櫻麻薯兔兔,閃耀變異之源*3 大福糯團*10 精靈王契約*100 100000G金幣,Lv1雪見大福兔兔,"任意等級的白櫻麻薯兔兔 ＋ 閃耀變異之源×3 ＋ 大福糯團×10 ＋ 精靈王契約×100 ＋ 金幣100,000G ＝ Lv1雪見大福兔兔",所需寵物：公告未另載；所需道具：公告未另載,[查看](https://cg.originmood.com/NewsContent/zh_TW/mlbb_news_16004.html)
2025-10-02～2025-10-16,2025-10-01,中秋月宮遇奇緣 嫦娥邀君解危局,NPC：奇奇卡(精靈城寵物店15，6）,Lv100以上的黃金樹精,變異之源*3 黃金樹根*10 精靈王契約*100 100000G金幣,Lv1黃金樹靈,"Lv100以上的黃金樹精 ＋ 變異之源×3 ＋ 黃金樹根×10 ＋ 精靈王契約×100 ＋ 金幣100,000G ＝ Lv1黃金樹靈",所需寵物：公告未另載；所需道具：公告未另載,[查看](https://cg.originmood.com/NewsContent/zh_TW/mlbb_news_16004.html)
未載明（公告日 2025-09-17）,2025-09-17,孵化家族至尊聖獸 海洋使徒的四方之契,大法師安蕾雅(艾爾瑪城元素師家 216.188）,任意等級的的海洋元素使,水元素之卵*1 閃耀變異之源*10 50000G金幣,Lv1的海洋元素使 概率95% Lv1的海洋使徒 概率5%,"任意等級的的海洋元素使 ＋ 水元素之卵×1 ＋ 閃耀變異之源×10 ＋ 金幣50,000G ＝ / ├ Lv1的海洋元素使（概率95%） / └ Lv1的海洋使徒（概率5%）",所需寵物：公告未另載；所需道具：公告未另載,[查看](https://cg.originmood.com/NewsContent/zh_TW/mlbb_news_15874.html)
2025-09-09～2025-10-10,2025-09-09,聖紋啟示錄 龍與騎士的誓約,NPC：聖紋長老奎瑟斯（魔法大學研究所 38.47）,Lv1的魔紋幼龍,地核晶石*3,Lv1的聖紋地龍 概率50% Lv1的聖槍騎士 概率50%,Lv1的魔紋幼龍 ＋ 地核晶石×3 ＝ / ├ Lv1的聖紋地龍（概率50%） / └ Lv1的聖槍騎士（概率50%）,所需寵物：當期寶盒／活動抽取：魔紋幼龍召喚書（1%）；所需道具：向 NPC：聖紋研究員薩里昂（魔法大學研究所 39.47） 交付 Lv1的魔紋幼龍＋聖泉之水*188 取得：地核晶石 概率90%,[查看](https://cg.originmood.com/NewsContent/zh_TW/mlbb_news_15804.html)
2025-09-09～2025-10-10,2025-09-09,聖紋啟示錄 龍與騎士的誓約,NPC：聖紋長老奎瑟斯（魔法大學研究所 38.47）,Lv1的聖紋地龍,地核晶石*1,Lv1的聖紋地龍,Lv1的聖紋地龍 ＋ 地核晶石×1 ＝ Lv1的聖紋地龍,所需寵物：當期寶盒／活動抽取：聖紋地龍召喚書（0.1%）；所需道具：向 NPC：聖紋研究員薩里昂（魔法大學研究所 39.47） 交付 Lv1的魔紋幼龍＋聖泉之水*188 取得：地核晶石 概率90%,[查看](https://cg.originmood.com/NewsContent/zh_TW/mlbb_news_15804.html)
2025-09-09～2025-10-10,2025-09-09,聖紋啟示錄 龍與騎士的誓約,NPC：聖紋長老奎瑟斯（魔法大學研究所 38.47）,Lv1的聖槍騎士,地核晶石*1,Lv1的聖槍騎士,Lv1的聖槍騎士 ＋ 地核晶石×1 ＝ Lv1的聖槍騎士,所需寵物：當期寶盒／活動抽取：聖槍騎士召喚書（0.1%）；所需道具：向 NPC：聖紋研究員薩里昂（魔法大學研究所 39.47） 交付 Lv1的魔紋幼龍＋聖泉之水*188 取得：地核晶石 概率90%,[查看](https://cg.originmood.com/NewsContent/zh_TW/mlbb_news_15804.html)
未載明（公告日 2025-09-04）,2025-09-04,中元幽冥之瞳 骷髏王的王權迴響,NPC：奈克羅斯（艾爾瑪城 251.262）僅夜晚出現,Lv1的伯爵之棺,不死冥蝠*1 閃耀變異之源*10 50000G金幣,Lv1的伯爵之棺 概率95% Lv1的魔女妮可 概率5%,"Lv1的伯爵之棺 ＋ 不死冥蝠×1 ＋ 閃耀變異之源×10 ＋ 金幣50,000G ＝ / ├ Lv1的伯爵之棺（概率95%） / └ Lv1的魔女妮可（概率5%）",所需寵物：公告未另載；所需道具：公告未另載,[查看](https://cg.originmood.com/NewsContent/zh_TW/mlbb_news_15784.html)
2025-08-08～2025-09-09,2025-08-07,血染千魂妖刀 白焰的救贖對決,NPC：斬魂者合葉（魔法大學研究所 38.49）,Lv1的鬼眼村正,噬主之魄*3,Lv1的白焰 概率5% Lv1的鬼眼村正 概率95%,Lv1的鬼眼村正 ＋ 噬主之魄×3 ＝ / ├ Lv1的白焰（概率5%） / └ Lv1的鬼眼村正（概率95%）,所需寵物：當期寶盒／活動抽取：鬼眼村正召喚書（0.1%）；所需道具：向 NPC：銹蝕的刀匠大河（魔法大學研究所 39.50） 交付 Lv1的妖刀＋血淬之魂*188 取得：噬主之魄 概率90%,[查看](https://cg.originmood.com/NewsContent/zh_TW/mlbb_news_15704.html)
2025-08-08～2025-09-09,2025-08-07,血染千魂妖刀 白焰的救贖對決,NPC：斬魂者合葉（魔法大學研究所 38.49）,Lv1的白焰,噬主之魄*3,Lv1的白焰,Lv1的白焰 ＋ 噬主之魄×3 ＝ Lv1的白焰,所需寵物：當期寶盒／活動抽取：白焰召喚書（0.1%）；所需道具：向 NPC：銹蝕的刀匠大河（魔法大學研究所 39.50） 交付 Lv1的妖刀＋血淬之魂*188 取得：噬主之魄 概率90%,[查看](https://cg.originmood.com/NewsContent/zh_TW/mlbb_news_15704.html)
2025-08-08～2025-09-09,2025-08-07,血染千魂妖刀 白焰的救贖對決,NPC：斬魂者合葉（魔法大學研究所 38.49）,Lv1的妖刀,噬主之魄*3,Lv1的白焰 概率5% Lv1的鬼眼村正 概率95%,Lv1的妖刀 ＋ 噬主之魄×3 ＝ / ├ Lv1的白焰（概率5%） / └ Lv1的鬼眼村正（概率95%）,所需寵物：當期寶盒／活動抽取：妖刀召喚書（1%）；所需道具：向 NPC：銹蝕的刀匠大河（魔法大學研究所 39.50） 交付 Lv1的妖刀＋血淬之魂*188 取得：噬主之魄 概率90%,[查看](https://cg.originmood.com/NewsContent/zh_TW/mlbb_news_15704.html)
2025-06-06～2025-07-07,2025-06-06,命運雙子 共譜星辰之路,NPC：雙子觀測師（魔法大學研究所 56.17）,Lv1的流星,雙子晶核*1,Lv1的流星,Lv1的流星 ＋ 雙子晶核×1 ＝ Lv1的流星,所需寵物：當期寶盒／活動抽取：流星召喚書（0.05%）；所需道具：向 NPC：雙子觀測員（魔法大學研究所 57.18） 交付 Lv1的黃金加百列＋雙子晶碎*188 取得：雙子晶核 概率90%,[查看](https://cg.originmood.com/NewsContent/zh_TW/mlbb_news_15384.html)
2025-06-06～2025-07-07,2025-06-06,命運雙子 共譜星辰之路,NPC：雙子觀測師（魔法大學研究所 56.17）,Lv1的星雲,雙子晶核*1,Lv1的星雲,Lv1的星雲 ＋ 雙子晶核×1 ＝ Lv1的星雲,所需寵物：當期寶盒／活動抽取：星雲召喚書（0.05%）；所需道具：向 NPC：雙子觀測員（魔法大學研究所 57.18） 交付 Lv1的黃金加百列＋雙子晶碎*188 取得：雙子晶核 概率90%,[查看](https://cg.originmood.com/NewsContent/zh_TW/mlbb_news_15384.html)
2025-05-15～2025-05-22,2025-05-14,《魔力寶貝：永恆初心》四週年活動第三彈 王者道場試煉開啟,大法師安蕾雅(艾爾瑪城元素師家 216.188）,任意等級的的大地元素使,地元素之卵*1 閃耀變異之源*10 50000G金幣,Lv1的大地元素使 概率95% Lv1的地之使徒 概率5%,"任意等級的的大地元素使 ＋ 地元素之卵×1 ＋ 閃耀變異之源×10 ＋ 金幣50,000G ＝ / ├ Lv1的大地元素使（概率95%） / └ Lv1的地之使徒（概率5%）",所需寵物：公告未另載；所需道具：公告未另載,[查看](https://cg.originmood.com/NewsContent/zh_TW/mlbb_news_15274.html)
2025-05-08～2025-05-15（公告原文末年為 2024）,2025-05-07,《魔力寶貝：永恆初心》四週年活動第二彈火熱進行中,裘瑟貝（法蘭城195.67）,鈦白嚇人箱,改造鈦白嚇人箱設計圖ABCDE,改造鈦白嚇人箱,鈦白嚇人箱 ＋ 改造鈦白嚇人箱設計圖ABCDE ＝ 改造鈦白嚇人箱,所需寵物：公告未另載；所需道具：公告未另載,[查看](https://cg.originmood.com/NewsContent/zh_TW/mlbb_news_15254.html)
2025-05-08～2025-05-15（公告原文末年為 2024）,2025-05-07,《魔力寶貝：永恆初心》四週年活動第二彈火熱進行中,寵物改造研究員（寵物研究所大廳14.8）,改造鈦白嚇人箱,白雪設計圖ABCDE 1000000G金幣,白雪,"改造鈦白嚇人箱 ＋ 白雪設計圖ABCDE ＋ 金幣1,000,000G ＝ 白雪",所需寵物：公告未另載；所需道具：公告未另載,[查看](https://cg.originmood.com/NewsContent/zh_TW/mlbb_news_15254.html)
2025-05-05～2025-06-06,2025-05-04,銀龍傳說再現 重塑世界法則,NPC：龍使伊克西諾（魔法大學研究所 23.47）,Lv1的裁決白龍王,龍脈光能寶石*1,Lv1的裁決白龍王,Lv1的裁決白龍王 ＋ 龍脈光能寶石×1 ＝ Lv1的裁決白龍王,所需寵物：當期寶盒／活動抽取：裁決白龍王召喚書（0.05%）、向 NPC：龍使費拉姆（魔法大學研究所 25.48） 交付 Lv1的白銀巨龍＋光能碎片*188 取得：裁決白龍王召喚書（概率5%）、向 NPC：龍使薩德利（魔法大學研究所 24.47） 交付 Lv1的白銀巨龍＋龍脈光能寶石*3 取得：裁決白龍王召喚書（概率50%）；所需道具：向 NPC：龍使費拉姆（魔法大學研究所 25.48） 交付 Lv1的白銀巨龍＋光能碎片*188 取得：龍脈光能寶石（概率90%）,[查看](https://cg.originmood.com/NewsContent/zh_TW/mlbb_news_15234.html)
2025-05-05～2025-06-06,2025-05-04,銀龍傳說再現 重塑世界法則,NPC：龍使伊克西諾（魔法大學研究所 23.47）,Lv1的神聖白龍王,龍脈光能寶石*1,Lv1的神聖白龍王,Lv1的神聖白龍王 ＋ 龍脈光能寶石×1 ＝ Lv1的神聖白龍王,所需寵物：當期寶盒／活動抽取：神聖白龍王召喚書（0.05%）、向 NPC：龍使費拉姆（魔法大學研究所 25.48） 交付 Lv1的白銀巨龍＋光能碎片*188 取得：神聖白龍王召喚書（概率5%）、向 NPC：龍使薩德利（魔法大學研究所 24.47） 交付 Lv1的白銀巨龍＋龍脈光能寶石*3 取得：神聖白龍王召喚書（概率50%）；所需道具：向 NPC：龍使費拉姆（魔法大學研究所 25.48） 交付 Lv1的白銀巨龍＋光能碎片*188 取得：龍脈光能寶石（概率90%）,[查看](https://cg.originmood.com/NewsContent/zh_TW/mlbb_news_15234.html)
2025-05-01～2025-05-29,2025-05-01,《魔力寶貝：永恆初心》四週年慶典燃情啟幕！神代戰神「玄黎」破界降臨，與你共鑄不朽傳說！,四週年鼠鼠培養員（里謝里雅堡 36.72）,小紅鼠,奈斯紅米*1,火焰倉鼠,小紅鼠 ＋ 奈斯紅米×1 ＝ 火焰倉鼠,所需寵物：公告未另載；所需道具：公告未另載,[查看](https://cg.originmood.com/NewsContent/zh_TW/mlbb_news_15224.html)
2025-05-01～2025-05-29,2025-05-01,《魔力寶貝：永恆初心》四週年慶典燃情啟幕！神代戰神「玄黎」破界降臨，與你共鑄不朽傳說！,四週年鼠鼠培養員（里謝里雅堡 36.72）,小白鼠,奈斯橙米*1,胖寶倉鼠,小白鼠 ＋ 奈斯橙米×1 ＝ 胖寶倉鼠,所需寵物：公告未另載；所需道具：公告未另載,[查看](https://cg.originmood.com/NewsContent/zh_TW/mlbb_news_15224.html)
2025-05-01～2025-05-29,2025-05-01,《魔力寶貝：永恆初心》四週年慶典燃情啟幕！神代戰神「玄黎」破界降臨，與你共鑄不朽傳說！,四週年鼠鼠培養員（里謝里雅堡 36.72）,小紅鼠,奈斯橙米*1,胖寶倉鼠,小紅鼠 ＋ 奈斯橙米×1 ＝ 胖寶倉鼠,所需寵物：公告未另載；所需道具：公告未另載,[查看](https://cg.originmood.com/NewsContent/zh_TW/mlbb_news_15224.html)
2025-05-01～2025-05-29,2025-05-01,《魔力寶貝：永恆初心》四週年慶典燃情啟幕！神代戰神「玄黎」破界降臨，與你共鑄不朽傳說！,四週年鼠鼠培養員（里謝里雅堡 36.72）,小白鼠,奈斯白米*1,雪地倉鼠,小白鼠 ＋ 奈斯白米×1 ＝ 雪地倉鼠,所需寵物：公告未另載；所需道具：公告未另載,[查看](https://cg.originmood.com/NewsContent/zh_TW/mlbb_news_15224.html)
2025-04-04～2025-05-05,2025-04-03,無盡櫻海綻放 緋紅巨龍歸來,NPC：大學者艾德爾（魔法大學研究所 27.45）,Lv1的緋紅巨龍,灼炎龍心玉*1,Lv1的緋紅巨龍,Lv1的緋紅巨龍 ＋ 灼炎龍心玉×1 ＝ Lv1的緋紅巨龍,所需寵物：當期寶盒／活動抽取：緋紅巨龍召喚書（0.05%）、向 NPC：學者盧米耶（魔法大學研究所 29.46） 交付 Lv1的櫻花龍＋緋色之種*188 取得：緋紅巨龍召喚書（概率5%）、向 NPC：大學者赫姆司（魔法大學研究所 28.45） 交付 Lv1的櫻花龍＋灼炎龍心玉*3 取得：緋紅巨龍召喚書（概率50%）；所需道具：向 NPC：學者盧米耶（魔法大學研究所 29.46） 交付 Lv1的櫻花龍＋緋色之種*188 取得：灼炎龍心玉（概率90%）,[查看](https://cg.originmood.com/NewsContent/zh_TW/mlbb_news_15044.html)
未載明（公告日 2025-02-06）,2025-02-06,今宵共賞月 愛鼠來相伴,公告未載明,丘比特,愛神丘比特設計圖A*1 愛神丘比特設計圖B*1 愛神丘比特設計圖C*1 愛神丘比特設計圖D*1 愛神丘比特設計圖E*1,愛神丘比特,丘比特 ＋ 愛神丘比特設計圖A×1 ＋ 愛神丘比特設計圖B×1 ＋ 愛神丘比特設計圖C×1 ＋ 愛神丘比特設計圖D×1 ＋ 愛神丘比特設計圖E×1 ＝ 愛神丘比特,所需寵物：公告明載需投入此寵物；所需道具：當期寶盒／活動抽取：愛神丘比特設計圖A（1.6%）、愛神丘比特設計圖B（1.6%）、愛神丘比特設計圖C（1.6%）、愛神丘比特設計圖D（1.6%）、愛神丘比特設計圖E（1.6%）,[查看](https://cg.originmood.com/NewsContent/zh_TW/mlbb_news_14704.html)
2025-01-01～2025-02-02,2025-01-01,遠古傳承的交織 賽格梅特之魂,聖巫羅莎（魔法大學公會 49.33）,Lv40以上的新生賽格梅特,女皇長槍*1 阿爾卡迪亞記憶*10,Lv1騎士賽格梅特,Lv40以上的新生賽格梅特 ＋ 女皇長槍×1 ＋ 阿爾卡迪亞記憶×10 ＝ Lv1騎士賽格梅特,所需寵物：公告未另載；所需道具：當期寶盒／活動抽取：阿爾卡迪亞記憶（7%）、當期寶盒／活動抽取：女皇長槍（16.7%）,[查看](https://cg.originmood.com/NewsContent/zh_TW/mlbb_news_14474.html)
2025-01-01～2025-02-02,2025-01-01,遠古傳承的交織 賽格梅特之魂,聖巫羅莎（魔法大學公會 49.33）,Lv40以上的新生賽格梅特,女皇長劍*1 阿爾卡迪亞記憶*10,Lv1劍士賽格梅特,Lv40以上的新生賽格梅特 ＋ 女皇長劍×1 ＋ 阿爾卡迪亞記憶×10 ＝ Lv1劍士賽格梅特,所需寵物：公告未另載；所需道具：當期寶盒／活動抽取：阿爾卡迪亞記憶（7%）、當期寶盒／活動抽取：女皇長劍（16.7%）,[查看](https://cg.originmood.com/NewsContent/zh_TW/mlbb_news_14474.html)
2025-01-01～2025-02-02,2025-01-01,遠古傳承的交織 賽格梅特之魂,聖巫羅莎（魔法大學公會 49.33）,Lv40以上的新生賽格梅特,女皇護腕*1 阿爾卡迪亞記憶*10,Lv1格鬥家賽格梅特,Lv40以上的新生賽格梅特 ＋ 女皇護腕×1 ＋ 阿爾卡迪亞記憶×10 ＝ Lv1格鬥家賽格梅特,所需寵物：公告未另載；所需道具：當期寶盒／活動抽取：阿爾卡迪亞記憶（7%）、當期寶盒／活動抽取：女皇護腕（16.7%）,[查看](https://cg.originmood.com/NewsContent/zh_TW/mlbb_news_14474.html)
2025-01-01～2025-02-02,2025-01-01,遠古傳承的交織 賽格梅特之魂,聖巫羅莎（魔法大學公會 49.33）,Lv40以上的新生賽格梅特,女皇獵弓*1 阿爾卡迪亞記憶*10,Lv1弓箭手賽格梅特,Lv40以上的新生賽格梅特 ＋ 女皇獵弓×1 ＋ 阿爾卡迪亞記憶×10 ＝ Lv1弓箭手賽格梅特,所需寵物：公告未另載；所需道具：當期寶盒／活動抽取：阿爾卡迪亞記憶（7%）、當期寶盒／活動抽取：女皇獵弓（16.6%）,[查看](https://cg.originmood.com/NewsContent/zh_TW/mlbb_news_14474.html)
2025-01-01～2025-02-02,2025-01-01,遠古傳承的交織 賽格梅特之魂,聖巫羅莎（魔法大學公會 49.33）,Lv40以上的新生賽格梅特,女皇戰斧*1 阿爾卡迪亞記憶*10,Lv1戰斧賽格梅特,Lv40以上的新生賽格梅特 ＋ 女皇戰斧×1 ＋ 阿爾卡迪亞記憶×10 ＝ Lv1戰斧賽格梅特,所需寵物：公告未另載；所需道具：當期寶盒／活動抽取：阿爾卡迪亞記憶（7%）、當期寶盒／活動抽取：女皇戰斧（16.6%）,[查看](https://cg.originmood.com/NewsContent/zh_TW/mlbb_news_14474.html)
2025-01-01～2025-02-02,2025-01-01,遠古傳承的交織 賽格梅特之魂,聖巫羅莎（魔法大學公會 49.33）,Lv40以上的新生賽格梅特,女皇咒鈴*1 阿爾卡迪亞記憶*10,Lv1咒師賽格梅特,Lv40以上的新生賽格梅特 ＋ 女皇咒鈴×1 ＋ 阿爾卡迪亞記憶×10 ＝ Lv1咒師賽格梅特,所需寵物：公告未另載；所需道具：當期寶盒／活動抽取：阿爾卡迪亞記憶（7%）、當期寶盒／活動抽取：女皇咒鈴（16.7%）,[查看](https://cg.originmood.com/NewsContent/zh_TW/mlbb_news_14474.html)
2025-01-01～2025-02-02,2025-01-01,遠古傳承的交織 賽格梅特之魂,聖巫卡瑞娜（魔法大學公會 47.32）,任意等級的騎士賽格梅特,閃耀變異之源*10 阿爾卡迪亞記憶*30,Lv1聖咒賽格梅特 概率95% Lv1的女皇賽格梅特 概率5%,任意等級的騎士賽格梅特 ＋ 閃耀變異之源×10 ＋ 阿爾卡迪亞記憶×30 ＝ / ├ Lv1聖咒賽格梅特（概率95%） / └ Lv1的女皇賽格梅特（概率5%）,所需寵物：前置合成：Lv40以上的新生賽格梅特 ＋ 女皇長槍×1 ＋ 阿爾卡迪亞記憶×10 ＝ Lv1騎士賽格梅特；所需道具：當期寶盒／活動抽取：阿爾卡迪亞記憶（7%）,[查看](https://cg.originmood.com/NewsContent/zh_TW/mlbb_news_14474.html)
2025-01-01～2025-02-02,2025-01-01,遠古傳承的交織 賽格梅特之魂,聖巫卡瑞娜（魔法大學公會 47.32）,任意等級的格鬥家賽格梅特,閃耀變異之源*10 阿爾卡迪亞記憶*30,Lv1聖鬥賽格梅特 概率95% Lv1的女皇賽格梅特 概率5%,任意等級的格鬥家賽格梅特 ＋ 閃耀變異之源×10 ＋ 阿爾卡迪亞記憶×30 ＝ / ├ Lv1聖鬥賽格梅特（概率95%） / └ Lv1的女皇賽格梅特（概率5%）,所需寵物：前置合成：Lv40以上的新生賽格梅特 ＋ 女皇護腕×1 ＋ 阿爾卡迪亞記憶×10 ＝ Lv1格鬥家賽格梅特；所需道具：當期寶盒／活動抽取：阿爾卡迪亞記憶（7%）,[查看](https://cg.originmood.com/NewsContent/zh_TW/mlbb_news_14474.html)
2025-01-01～2025-02-02,2025-01-01,遠古傳承的交織 賽格梅特之魂,聖巫卡瑞娜（魔法大學公會 47.32）,任意等級的戰斧賽格梅特,閃耀變異之源*10 阿爾卡迪亞記憶*30,Lv1的聖斧賽格梅特 概率95% Lv1的女皇賽格梅特 概率5%,任意等級的戰斧賽格梅特 ＋ 閃耀變異之源×10 ＋ 阿爾卡迪亞記憶×30 ＝ / ├ Lv1的聖斧賽格梅特（概率95%） / └ Lv1的女皇賽格梅特（概率5%）,所需寵物：前置合成：Lv40以上的新生賽格梅特 ＋ 女皇戰斧×1 ＋ 阿爾卡迪亞記憶×10 ＝ Lv1戰斧賽格梅特；所需道具：當期寶盒／活動抽取：阿爾卡迪亞記憶（7%）,[查看](https://cg.originmood.com/NewsContent/zh_TW/mlbb_news_14474.html)
2025-01-01～2025-02-02,2025-01-01,遠古傳承的交織 賽格梅特之魂,聖巫卡瑞娜（魔法大學公會 47.32）,任意等級的弓箭手賽格梅特,閃耀變異之源*10 阿爾卡迪亞記憶*30,Lv1聖弓賽格梅特 概率95% Lv1的女皇賽格梅特 概率5%,任意等級的弓箭手賽格梅特 ＋ 閃耀變異之源×10 ＋ 阿爾卡迪亞記憶×30 ＝ / ├ Lv1聖弓賽格梅特（概率95%） / └ Lv1的女皇賽格梅特（概率5%）,所需寵物：前置合成：Lv40以上的新生賽格梅特 ＋ 女皇獵弓×1 ＋ 阿爾卡迪亞記憶×10 ＝ Lv1弓箭手賽格梅特；所需道具：當期寶盒／活動抽取：阿爾卡迪亞記憶（7%）,[查看](https://cg.originmood.com/NewsContent/zh_TW/mlbb_news_14474.html)
2025-01-01～2025-02-02,2025-01-01,遠古傳承的交織 賽格梅特之魂,聖巫卡瑞娜（魔法大學公會 47.32）,任意等級的咒師賽格梅特,閃耀變異之源*10 阿爾卡迪亞記憶*30,Lv1聖騎賽格梅特 概率95% Lv1的女皇賽格梅特 概率5%,任意等級的咒師賽格梅特 ＋ 閃耀變異之源×10 ＋ 阿爾卡迪亞記憶×30 ＝ / ├ Lv1聖騎賽格梅特（概率95%） / └ Lv1的女皇賽格梅特（概率5%）,所需寵物：前置合成：Lv40以上的新生賽格梅特 ＋ 女皇咒鈴×1 ＋ 阿爾卡迪亞記憶×10 ＝ Lv1咒師賽格梅特；所需道具：當期寶盒／活動抽取：阿爾卡迪亞記憶（7%）,[查看](https://cg.originmood.com/NewsContent/zh_TW/mlbb_news_14474.html)
2025-01-01～2025-02-02,2025-01-01,遠古傳承的交織 賽格梅特之魂,聖巫卡瑞娜（魔法大學公會 47.32）,任意等級的劍士賽格梅特,閃耀變異之源*10 阿爾卡迪亞記憶*30,Lv1聖劍賽格梅特 概率95% Lv1的女皇賽格梅特 概率5%,任意等級的劍士賽格梅特 ＋ 閃耀變異之源×10 ＋ 阿爾卡迪亞記憶×30 ＝ / ├ Lv1聖劍賽格梅特（概率95%） / └ Lv1的女皇賽格梅特（概率5%）,所需寵物：前置合成：Lv40以上的新生賽格梅特 ＋ 女皇長劍×1 ＋ 阿爾卡迪亞記憶×10 ＝ Lv1劍士賽格梅特；所需道具：當期寶盒／活動抽取：阿爾卡迪亞記憶（7%）,[查看](https://cg.originmood.com/NewsContent/zh_TW/mlbb_news_14474.html)
未載明（公告日 2024-11-22）,2024-11-22,惡魔龍骨狂舞 感恩節大挑戰,NPC：奇奇卡(精靈城寵物店15，6）,Lv1幼年聖金龍骨,聖金魔紋基因*3 閃耀變異之源*10 精靈王契約*100 100000G金幣,聖金龍骨,"Lv1幼年聖金龍骨 ＋ 聖金魔紋基因×3 ＋ 閃耀變異之源×10 ＋ 精靈王契約×100 ＋ 金幣100,000G ＝ 聖金龍骨",所需寵物：公告未另載；所需道具：公告未另載,[查看](https://cg.originmood.com/NewsContent/zh_TW/mlbb_news_14254.html)
未載明（公告日 2024-11-22）,2024-11-22,惡魔龍骨狂舞 感恩節大挑戰,NPC：奇奇卡(精靈城寵物店15，6）,Lv1幼年岩帝龍骨,岩帝魔紋基因*3 閃耀變異之源*10 精靈王契約*100 100000G金幣,岩帝龍骨,"Lv1幼年岩帝龍骨 ＋ 岩帝魔紋基因×3 ＋ 閃耀變異之源×10 ＋ 精靈王契約×100 ＋ 金幣100,000G ＝ 岩帝龍骨",所需寵物：公告未另載；所需道具：公告未另載,[查看](https://cg.originmood.com/NewsContent/zh_TW/mlbb_news_14254.html)
未載明（公告日 2024-11-22）,2024-11-22,惡魔龍骨狂舞 感恩節大挑戰,NPC：奇奇卡(精靈城寵物店15，6）,Lv1仙靈,變異之源*3 逐月石*10 精靈王契約*100,逐月仙靈,Lv1仙靈 ＋ 變異之源×3 ＋ 逐月石×10 ＋ 精靈王契約×100 ＝ 逐月仙靈,所需寵物：當期寶盒／活動抽取：仙靈召喚書（1%）；所需道具：公告未另載,[查看](https://cg.originmood.com/NewsContent/zh_TW/mlbb_news_14254.html)
未載明（公告日 2024-11-22）,2024-11-22,惡魔龍骨狂舞 感恩節大挑戰,NPC：奇奇卡(精靈城寵物店15，6）,Lv1仙靈,變異之源*3 星輝石*10 精靈王契約*100,星輝仙靈,Lv1仙靈 ＋ 變異之源×3 ＋ 星輝石×10 ＋ 精靈王契約×100 ＝ 星輝仙靈,所需寵物：當期寶盒／活動抽取：仙靈召喚書（1%）；所需道具：公告未另載,[查看](https://cg.originmood.com/NewsContent/zh_TW/mlbb_news_14254.html)
2024-10-24～2024-11-07,2024-10-24,午夜狂歡 萬鬼夜行,NPC：裘瑟貝（法蘭城 195.67）,任意等級的鐮刀魔,鐮刀魔設計圖ABCDE*1,Lv1改造鐮刀魔,任意等級的鐮刀魔 ＋ 鐮刀魔設計圖ABCDE×1 ＝ Lv1改造鐮刀魔,所需寵物：公告未另載；所需道具：公告未另載,[查看](https://cg.originmood.com/NewsContent/zh_TW/mlbb_news_14144.html)
2024-10-24～2024-11-07,2024-10-24,午夜狂歡 萬鬼夜行,NPC：裘瑟貝（法蘭城 195.67）,任意等級的暗黑僧侶,暗黑僧侶設計圖ABCDE*1,Lv1改造暗黑僧侶,任意等級的暗黑僧侶 ＋ 暗黑僧侶設計圖ABCDE×1 ＝ Lv1改造暗黑僧侶,所需寵物：公告未另載；所需道具：公告未另載,[查看](https://cg.originmood.com/NewsContent/zh_TW/mlbb_news_14144.html)
2024-10-24～2024-11-07,2024-10-24,午夜狂歡 萬鬼夜行,NPC：裘瑟貝（法蘭城 195.67）,任意等級的斬首者,斬首者設計圖ABCDE*1,Lv1改造斬首者,任意等級的斬首者 ＋ 斬首者設計圖ABCDE×1 ＝ Lv1改造斬首者,所需寵物：公告未另載；所需道具：公告未另載,[查看](https://cg.originmood.com/NewsContent/zh_TW/mlbb_news_14144.html)
2024-10-24～2024-11-07,2024-10-24,午夜狂歡 萬鬼夜行,NPC：裘瑟貝（法蘭城 195.67）,任意等級的冥界死神,冥界死神設計圖ABCDE*1,Lv1改造冥界死神,任意等級的冥界死神 ＋ 冥界死神設計圖ABCDE×1 ＝ Lv1改造冥界死神,所需寵物：公告未另載；所需道具：公告未另載,[查看](https://cg.originmood.com/NewsContent/zh_TW/mlbb_news_14144.html)
2024-10-10～2024-10-17,2024-10-10,夢魘降臨 解秘惡魔的呢喃,大法師安蕾雅(艾爾瑪城元素師家 216.188）,Lv1的夢之惡魔,惡魔之力*1 閃耀變異之源*10 50000G金幣,Lv1的夢之惡魔 概率95% Lv1的惡魔女帝 概率5%,"Lv1的夢之惡魔 ＋ 惡魔之力×1 ＋ 閃耀變異之源×10 ＋ 金幣50,000G ＝ / ├ Lv1的夢之惡魔（概率95%） / └ Lv1的惡魔女帝（概率5%）",所需寵物：公告未另載；所需道具：公告未另載,[查看](https://cg.originmood.com/NewsContent/zh_TW/mlbb_news_14084.html)
2024-09-12～2024-09-26,2024-09-12,中秋月下會嫦娥 月宮奇遇結仙緣,NPC：奇奇卡(精靈城寵物店15，6）,Lv100以上的黃金樹精,變異之源*3 黃金樹根*10 精靈王契約*100 100000G金幣,Lv1黃金樹靈,"Lv100以上的黃金樹精 ＋ 變異之源×3 ＋ 黃金樹根×10 ＋ 精靈王契約×100 ＋ 金幣100,000G ＝ Lv1黃金樹靈",所需寵物：公告未另載；所需道具：公告未另載,[查看](https://cg.originmood.com/NewsContent/zh_TW/mlbb_news_13934.html)
2024-09-09～2024-10-10,2024-09-06,召喚風暴軍團 掌控疾風之力,NPC：召喚師阿諾蘭（魔法大學研究所 58.45）,Lv1的兵長馬里諾,風暴魂晶*188,Lv1的風暴軍團長武魂 概率5% Lv1的風暴軍團長魔魂 概率5% Lv1的兵長馬里諾 概率90%,Lv1的兵長馬里諾 ＋ 風暴魂晶×188 ＝ / ├ Lv1的風暴軍團長武魂（概率5%） / ├ Lv1的風暴軍團長魔魂（概率5%） / └ Lv1的兵長馬里諾（概率90%）,所需寵物：當期寶盒／活動抽取：兵長馬里諾召喚書（1%）；所需道具：當期寶盒／活動抽取：風暴魂晶（9%）、向 NPC：召喚師瑪西爾（魔法大學研究所 57.44） 交付 任意等級的兵長馬里諾＋/ 取得：風暴魂晶*138,[查看](https://cg.originmood.com/NewsContent/zh_TW/mlbb_news_13904.html)
未載明（公告日 2024-08-29）,2024-08-29,麗夏村的騷亂 隱密的魅影惡魔,大法師安蕾雅(艾爾瑪城元素師家 216.188）,Lv1的魅之惡魔,惡魔之力*1 閃耀變異之源*10 50000G金幣,Lv1的魅之惡魔 概率95% Lv1的惡魔女帝 概率5%,"Lv1的魅之惡魔 ＋ 惡魔之力×1 ＋ 閃耀變異之源×10 ＋ 金幣50,000G ＝ / ├ Lv1的魅之惡魔（概率95%） / └ Lv1的惡魔女帝（概率5%）",所需寵物：公告未另載；所需道具：公告未另載,[查看](https://cg.originmood.com/NewsContent/zh_TW/mlbb_news_13884.html)
2024-08-15～2024-08-29,2024-08-15,中元節驚悚來襲 魔女妮可的低語,NPC：瘋狂怪醫拉米亞（蒂娜村 36.31）僅夜晚出現,Lv1的死靈,死靈精華*1 變異之源*10 50000G金幣,Lv1的死靈 概率90% Lv1的魔道死靈 概率10%,"Lv1的死靈 ＋ 死靈精華×1 ＋ 變異之源×10 ＋ 金幣50,000G ＝ / ├ Lv1的死靈（概率90%） / └ Lv1的魔道死靈（概率10%）",所需寵物：公告未另載；所需道具：當期寶盒／活動抽取：死靈精華（2%）,[查看](https://cg.originmood.com/NewsContent/zh_TW/mlbb_news_13784.html)
2024-08-08～2024-09-09,2024-08-08,《魔力寶貝》23週年慶最終彈,NPC：大主教路恩格（法蘭城魔法大學研究所 45.45）,Lv1的依格羅斯,神聖之羽*188,Lv1的依格羅斯 概率90% Lv1的神聖天使 概率5% Lv1的時雨天 概率5%,Lv1的依格羅斯 ＋ 神聖之羽×188 ＝ / ├ Lv1的依格羅斯（概率90%） / ├ Lv1的神聖天使（概率5%） / └ Lv1的時雨天（概率5%）,所需寵物：當期寶盒／活動抽取：依格羅斯召喚書（1%）；所需道具：當期寶盒／活動抽取：神聖之羽（9%）、向 NPC：主教彼得烈夫（法蘭城魔法大學研究所 44.44） 交付 任意等級的依格羅斯＋/ 取得：神聖之羽*138,[查看](https://cg.originmood.com/NewsContent/zh_TW/mlbb_news_13744.html)
2024-07-18～2024-08-15,2024-07-17,魔力寶貝23週年慶第一彈正式開啟,詛咒者白利茲(里謝里雅堡 50.75）,Lv100以上的虛弱的雷霆詛咒者,詛咒之鈴（雷）*1 幽冥之火*50,Lv1雷霆詛咒者,Lv100以上的虛弱的雷霆詛咒者 ＋ 詛咒之鈴（雷）×1 ＋ 幽冥之火×50 ＝ Lv1雷霆詛咒者,所需寵物：公告未另載；所需道具：公告未另載,[查看](https://cg.originmood.com/NewsContent/zh_TW/mlbb_news_13624.html)
2024-07-18～2024-08-15,2024-07-17,魔力寶貝23週年慶第一彈正式開啟,詛咒者白利茲(里謝里雅堡 50.75）,Lv100以上的虛弱的火焰詛咒者,詛咒之鈴（火）*1 幽冥之火*50,Lv1火焰詛咒者,Lv100以上的虛弱的火焰詛咒者 ＋ 詛咒之鈴（火）×1 ＋ 幽冥之火×50 ＝ Lv1火焰詛咒者,所需寵物：公告未另載；所需道具：公告未另載,[查看](https://cg.originmood.com/NewsContent/zh_TW/mlbb_news_13624.html)
2024-07-18～2024-08-15,2024-07-17,魔力寶貝23週年慶第一彈正式開啟,詛咒者白利茲(里謝里雅堡 50.75）,Lv100以上的虛弱的寒冰詛咒者,詛咒之鈴（水）*1 幽冥之火*50,Lv1寒冰詛咒者,Lv100以上的虛弱的寒冰詛咒者 ＋ 詛咒之鈴（水）×1 ＋ 幽冥之火×50 ＝ Lv1寒冰詛咒者,所需寵物：公告未另載；所需道具：公告未另載,[查看](https://cg.originmood.com/NewsContent/zh_TW/mlbb_news_13624.html)
2024-07-18～2024-08-15,2024-07-17,魔力寶貝23週年慶第一彈正式開啟,詛咒者白利茲(里謝里雅堡 50.75）,Lv100以上的虛弱的大地詛咒者,詛咒之鈴（地）*1 幽冥之火*50,Lv1大地詛咒者,Lv100以上的虛弱的大地詛咒者 ＋ 詛咒之鈴（地）×1 ＋ 幽冥之火×50 ＝ Lv1大地詛咒者,所需寵物：公告未另載；所需道具：公告未另載,[查看](https://cg.originmood.com/NewsContent/zh_TW/mlbb_news_13624.html)
2024-07-18～2024-08-01,2024-07-17,魔力寶貝23週年慶第一彈正式開啟,大法師安蕾雅(艾爾瑪城元素師家 216.188）,Lv1的幻之惡魔,惡魔之力*1 閃耀變異之源*10 50000G金幣,Lv1的幻之惡魔 概率95% Lv1的惡魔女帝 概率5%,"Lv1的幻之惡魔 ＋ 惡魔之力×1 ＋ 閃耀變異之源×10 ＋ 金幣50,000G ＝ / ├ Lv1的幻之惡魔（概率95%） / └ Lv1的惡魔女帝（概率5%）",所需寵物：公告未另載；所需道具：公告未另載,[查看](https://cg.originmood.com/NewsContent/zh_TW/mlbb_news_13624.html)
未載明（公告日 2024-07-05）,2024-07-05,改造藝術的巔峰 黑暗奇美拉登場,NPC：黑暗醫生阿莫拉（魔法大學研究所 34.8）,Lv1的阿魯巴斯試做體,奇美拉試做基因*888,Lv1的艾克尼奇美拉,Lv1的阿魯巴斯試做體 ＋ 奇美拉試做基因×888 ＝ Lv1的艾克尼奇美拉,所需寵物：當期寶盒／活動抽取：阿魯巴斯試做體召喚書（1%）；所需道具：當期寶盒／活動抽取：奇美拉試做基因（9%）、向 NPC：助手艾妮茲（魔法大學研究所 33.7） 交付 任意等級的阿魯巴斯試做體＋/ 取得：奇美拉試做基因*138,[查看](https://cg.originmood.com/NewsContent/zh_TW/mlbb_news_13544.html)
2024-06-20～2024-07-04,2024-06-19,玩轉小任務 轉盤樂翻天,寵物改造研究員（寵物改造研究所 14.8）,不需要,彼特設計圖A-E 50000G金幣,lv1彼特,"彼特設計圖A-E ＋ 金幣50,000G ＝ lv1彼特",所需寵物：不需要；所需道具：公告未另載,[查看](https://cg.originmood.com/NewsContent/zh_TW/mlbb_news_13394.html)
2024-06-20～2024-07-04,2024-06-19,玩轉小任務 轉盤樂翻天,NPC：奇奇卡(精靈城寵物店15，6）,lv1殺人螳螂,變異之源*3 地獄魔炎花*10 精靈王契約*100 100000G金幣,lv1地獄殺人螳螂,"lv1殺人螳螂 ＋ 變異之源×3 ＋ 地獄魔炎花×10 ＋ 精靈王契約×100 ＋ 金幣100,000G ＝ lv1地獄殺人螳螂",所需寵物：公告未另載；所需道具：公告未另載,[查看](https://cg.originmood.com/NewsContent/zh_TW/mlbb_news_13394.html)
2024-06-20～2024-07-04,2024-06-19,玩轉小任務 轉盤樂翻天,NPC：奇奇卡(精靈城寵物店15，6）,lv1戰錘魔偶,變異之源*3 審判之鐮*10 精靈王契約*50 100000G金幣,lv1審判魔靈,"lv1戰錘魔偶 ＋ 變異之源×3 ＋ 審判之鐮×10 ＋ 精靈王契約×50 ＋ 金幣100,000G ＝ lv1審判魔靈",所需寵物：公告未另載；所需道具：公告未另載,[查看](https://cg.originmood.com/NewsContent/zh_TW/mlbb_news_13394.html)
未載明（公告日 2024-06-06）,2024-06-06,歸來的王者 煉獄軍團長登場,寵物改造研究員（寵物改造研究所 14.8）,不需要,烏莉兒設計圖A-E 50000G金幣,lv1烏莉兒,"烏莉兒設計圖A-E ＋ 金幣50,000G ＝ lv1烏莉兒",所需寵物：不需要；所需道具：公告未另載,[查看](https://cg.originmood.com/NewsContent/zh_TW/mlbb_news_13264.html)
未載明（公告日 2024-06-06）,2024-06-06,歸來的王者 煉獄軍團長登場,寵物改造研究員（寵物改造研究所 14.8）,lv1火焰翼龍,火焰翼龍設計圖A-E 50000G金幣,lv1改造火焰翼龍,"lv1火焰翼龍 ＋ 火焰翼龍設計圖A-E ＋ 金幣50,000G ＝ lv1改造火焰翼龍",所需寵物：公告未另載；所需道具：公告未另載,[查看](https://cg.originmood.com/NewsContent/zh_TW/mlbb_news_13264.html)
未載明（公告日 2024-06-06）,2024-06-06,歸來的王者 煉獄軍團長登場,寵物改造研究員（寵物改造研究所 14.8）,lv1殺人蜂,殺人蜂設計圖A-E 50000G金幣,lv1改造殺人蜂,"lv1殺人蜂 ＋ 殺人蜂設計圖A-E ＋ 金幣50,000G ＝ lv1改造殺人蜂",所需寵物：公告未另載；所需道具：公告未另載,[查看](https://cg.originmood.com/NewsContent/zh_TW/mlbb_news_13264.html)
未載明（公告日 2024-06-06）,2024-06-06,歸來的王者 煉獄軍團長登場,寵物改造研究員（寵物改造研究所 14.8）,lv1布丁史萊姆,布丁史萊姆設計圖A-E 50000G金幣,lv1改造布丁史萊姆,"lv1布丁史萊姆 ＋ 布丁史萊姆設計圖A-E ＋ 金幣50,000G ＝ lv1改造布丁史萊姆",所需寵物：公告未另載；所需道具：公告未另載,[查看](https://cg.originmood.com/NewsContent/zh_TW/mlbb_news_13264.html)
未載明（公告日 2024-06-06）,2024-06-06,歸來的王者 煉獄軍團長登場,寵物改造研究員（寵物改造研究所 14.8）,lv1山賊,山賊設計圖A-E 50000G金幣,lv1山賊王,"lv1山賊 ＋ 山賊設計圖A-E ＋ 金幣50,000G ＝ lv1山賊王",所需寵物：公告未另載；所需道具：公告未另載,[查看](https://cg.originmood.com/NewsContent/zh_TW/mlbb_news_13264.html)
未載明（公告日 2024-06-06）,2024-06-06,歸來的王者 煉獄軍團長登場,寵物改造研究員（寵物改造研究所 14.8）,lv1墮天使,墮天使設計圖A-E 50000G金幣,lv1改造墮天使,"lv1墮天使 ＋ 墮天使設計圖A-E ＋ 金幣50,000G ＝ lv1改造墮天使",所需寵物：公告未另載；所需道具：公告未另載,[查看](https://cg.originmood.com/NewsContent/zh_TW/mlbb_news_13264.html)
未載明（公告日 2024-06-06）,2024-06-06,歸來的王者 煉獄軍團長登場,NPC：鋼鐵大師布萊恩（魔法大學研究所 27.32）,Lv1的猩紅騎士,鋼鐵之心*888,Lv1的煉獄軍團長,Lv1的猩紅騎士 ＋ 鋼鐵之心×888 ＝ Lv1的煉獄軍團長,所需寵物：當期寶盒／活動抽取：猩紅騎士召喚書（1%）；所需道具：當期寶盒／活動抽取：鋼鐵之心（9%）、向 NPC：助手達洛爾（魔法大學研究所 56.10） 交付 任意等級的兵長麥＋/ 取得：鋼鐵之心*138,[查看](https://cg.originmood.com/NewsContent/zh_TW/mlbb_news_13264.html)
未載明（公告日 2024-05-23）,2024-05-23,《魔力寶貝：永恆初心》三週年活動最終彈,寵物改造研究員（寵物改造研究所 14.8）,lv1迷你石像怪,迷你石像怪設計圖A 迷你石像怪設計圖B 迷你石像怪設計圖C 迷你石像怪設計圖D 迷你石像怪設計圖E 50000G金幣,lv1改造迷你石像怪,"lv1迷你石像怪 ＋ 迷你石像怪設計圖A ＋ 迷你石像怪設計圖B ＋ 迷你石像怪設計圖C ＋ 迷你石像怪設計圖D ＋ 迷你石像怪設計圖E ＋ 金幣50,000G ＝ lv1改造迷你石像怪",所需寵物：公告未另載；所需道具：公告未另載,[查看](https://cg.originmood.com/NewsContent/zh_TW/mlbb_news_13104.html)
未載明（公告日 2024-05-23）,2024-05-23,《魔力寶貝：永恆初心》三週年活動最終彈,寵物改造研究員（寵物改造研究所 14.8）,lv1赤熊,赤熊設計圖A 赤熊設計圖B 赤熊設計圖C 赤熊設計圖D 赤熊設計圖E 50000G金幣,lv1改造赤熊,"lv1赤熊 ＋ 赤熊設計圖A ＋ 赤熊設計圖B ＋ 赤熊設計圖C ＋ 赤熊設計圖D ＋ 赤熊設計圖E ＋ 金幣50,000G ＝ lv1改造赤熊",所需寵物：公告未另載；所需道具：公告未另載,[查看](https://cg.originmood.com/NewsContent/zh_TW/mlbb_news_13104.html)
未載明（公告日 2024-05-23）,2024-05-23,《魔力寶貝：永恆初心》三週年活動最終彈,寵物改造研究員（寵物改造研究所 14.8）,lv1貓妖,貓妖設計圖A 貓妖設計圖B 貓妖設計圖C 貓妖設計圖D 貓妖設計圖E 50000G金幣,lv1改造貓妖,"lv1貓妖 ＋ 貓妖設計圖A ＋ 貓妖設計圖B ＋ 貓妖設計圖C ＋ 貓妖設計圖D ＋ 貓妖設計圖E ＋ 金幣50,000G ＝ lv1改造貓妖",所需寵物：公告未另載；所需道具：公告未另載,[查看](https://cg.originmood.com/NewsContent/zh_TW/mlbb_news_13104.html)
未載明（公告日 2024-05-23）,2024-05-23,《魔力寶貝：永恆初心》三週年活動最終彈,寵物改造研究員（寵物改造研究所 14.8）,lv1水藍菇,水藍菇設計圖A 水藍菇設計圖B 水藍菇設計圖C 水藍菇設計圖D 水藍菇設計圖E 50000G金幣,lv1改造水藍菇,"lv1水藍菇 ＋ 水藍菇設計圖A ＋ 水藍菇設計圖B ＋ 水藍菇設計圖C ＋ 水藍菇設計圖D ＋ 水藍菇設計圖E ＋ 金幣50,000G ＝ lv1改造水藍菇",所需寵物：公告未另載；所需道具：公告未另載,[查看](https://cg.originmood.com/NewsContent/zh_TW/mlbb_news_13104.html)
未載明（公告日 2024-05-23）,2024-05-23,《魔力寶貝：永恆初心》三週年活動最終彈,寵物改造研究員（寵物改造研究所 14.8）,lv1地獄骷髏,地獄骷髏設計圖A 地獄骷髏設計圖B 地獄骷髏設計圖C 地獄骷髏設計圖D 地獄骷髏設計圖E 50000G金幣,lv1改造地獄骷髏,"lv1地獄骷髏 ＋ 地獄骷髏設計圖A ＋ 地獄骷髏設計圖B ＋ 地獄骷髏設計圖C ＋ 地獄骷髏設計圖D ＋ 地獄骷髏設計圖E ＋ 金幣50,000G ＝ lv1改造地獄骷髏",所需寵物：公告未另載；所需道具：公告未另載,[查看](https://cg.originmood.com/NewsContent/zh_TW/mlbb_news_13104.html)
2024-05-02～2024-05-30,2024-05-02,《魔力寶貝：永恆初心》三週年活動盛大開啟,NPC：飛龍長老(里謝里雅堡 50.78）,純白雛龍,碧空寶珠*1 影獸的果實*10,Lv1的碧空幼龍,純白雛龍 ＋ 碧空寶珠×1 ＋ 影獸的果實×10 ＝ Lv1的碧空幼龍,所需寵物：公告未另載；所需道具：公告未另載,[查看](https://cg.originmood.com/NewsContent/zh_TW/mlbb_news_12864.html)
2024-05-02～2024-05-30,2024-05-02,《魔力寶貝：永恆初心》三週年活動盛大開啟,NPC：碧空飛龍長老(里謝里雅堡 50.75）,Lv100碧空幼龍,碧空寶珠*1 影獸的果實*50,Lv1的碧空飛龍,Lv100碧空幼龍 ＋ 碧空寶珠×1 ＋ 影獸的果實×50 ＝ Lv1的碧空飛龍,所需寵物：前置合成：純白雛龍 ＋ 碧空寶珠×1 ＋ 影獸的果實×10 ＝ Lv1的碧空幼龍；所需道具：公告未另載,[查看](https://cg.originmood.com/NewsContent/zh_TW/mlbb_news_12864.html)
未載明（公告日 2024-04-04）,2024-04-04,古代沙漠傳說 埃及三頭龍復生,NPC：祭司埃瑪（魔法大學研究所 27.32）,Lv1的埃及三頭龍,冥府血脈*888,Lv1埃及冥龍:卡洛斯 概率33% Lv1埃及冥龍：海因茨 概率33% Lv1埃及冥龍：索爾格 概率34%,Lv1的埃及三頭龍 ＋ 冥府血脈×888 ＝ / ├ Lv1埃及冥龍:卡洛斯（概率33%） / ├ Lv1埃及冥龍：海因茨（概率33%） / └ Lv1埃及冥龍：索爾格（概率34%）,所需寵物：公告未另載；所需道具：向 NPC：巫女奈芙蒂蒂（魔法大學研究所 28.33） 交付 任意等級的冥凱＋/ 取得：冥府血脈*138,[查看](https://cg.originmood.com/NewsContent/zh_TW/mlbb_news_12184.html)
未載明（公告日 2024-03-21）,2024-03-21,開拓新大陸 櫻花樹精綁架事件,NPC：奇奇卡(精靈城寵物店15，6）,Lv1櫻花冰冷樹精,變異之源*3 櫻花魔枝*10 精靈王契約*50,櫻花冰冷樹精長老,Lv1櫻花冰冷樹精 ＋ 變異之源×3 ＋ 櫻花魔枝×10 ＋ 精靈王契約×50 ＝ 櫻花冰冷樹精長老,所需寵物：公告未另載；所需道具：公告未另載,[查看](https://cg.originmood.com/NewsContent/zh_TW/mlbb_news_11964.html)
未載明（公告日 2024-03-21）,2024-03-21,開拓新大陸 櫻花樹精綁架事件,NPC：奇奇卡(精靈城寵物店15，6）,Lv100的冰冷樹精,變異之源*3 櫻花培養液*10 精靈王契約*50,櫻花冰冷樹精,Lv100的冰冷樹精 ＋ 變異之源×3 ＋ 櫻花培養液×10 ＋ 精靈王契約×50 ＝ 櫻花冰冷樹精,所需寵物：公告未另載；所需道具：公告未另載,[查看](https://cg.originmood.com/NewsContent/zh_TW/mlbb_news_11964.html)
未載明（公告日 2024-03-07）,2024-03-07,決鬥絕望之森 掌控雷霆的魔王,NPC：奇奇卡(精靈城寵物店15，6）,Lv1蒼蠅王,變異之源*3 碧電能量*10 精靈王契約*50,別西卜,Lv1蒼蠅王 ＋ 變異之源×3 ＋ 碧電能量×10 ＋ 精靈王契約×50 ＝ 別西卜,所需寵物：公告未另載；所需道具：公告未另載,[查看](https://cg.originmood.com/NewsContent/zh_TW/mlbb_news_11824.html)
未載明（公告日 2024-03-07）,2024-03-07,決鬥絕望之森 掌控雷霆的魔王,NPC：奇奇卡(精靈城寵物店15，6）,Lv100以上穴龍,變異之源*3 黃電能量*10 精靈王契約*50,雷鳴穴龍,Lv100以上穴龍 ＋ 變異之源×3 ＋ 黃電能量×10 ＋ 精靈王契約×50 ＝ 雷鳴穴龍,所需寵物：公告未另載；所需道具：公告未另載,[查看](https://cg.originmood.com/NewsContent/zh_TW/mlbb_news_11824.html)
未載明（公告日 2024-03-01）,2024-03-01,引領正義的使命 貝尼恰斯教團,NPC：聖女瑪爾（魔法大學研究所 28.6）,Lv1的寒冰巨龍,聖龍之契*888,Lv1寒冰龍王,Lv1的寒冰巨龍 ＋ 聖龍之契×888 ＝ Lv1寒冰龍王,所需寵物：當期寶盒／活動抽取：寒冰巨龍召喚書（0.5%）；所需道具：當期寶盒／活動抽取：聖龍之契（9%）、向 NPC：聖女愛扎（魔法大學研究所 26.5） 交付 任意等級的白銀騎士＋/ 取得：聖龍之契*138、向 NPC：聖女愛扎（魔法大學研究所 26.5） 交付 任意等級的百合少女＋/ 取得：聖龍之契*138,[查看](https://cg.originmood.com/NewsContent/zh_TW/mlbb_news_11804.html)
未載明（公告日 2024-03-01）,2024-03-01,引領正義的使命 貝尼恰斯教團,NPC：奧維爾（魔法大學研究所 24.7）,Lv1百合少女,百合之花*1,Lv1百合少女,Lv1百合少女 ＋ 百合之花×1 ＝ Lv1百合少女,所需寵物：當期寶盒／活動抽取：百合少女召喚書（1%）；所需道具：當期寶盒／活動抽取：百合之花（2%）,[查看](https://cg.originmood.com/NewsContent/zh_TW/mlbb_news_11804.html)
未載明（公告日 2024-03-01）,2024-03-01,引領正義的使命 貝尼恰斯教團,NPC：奧維爾（魔法大學研究所 24.7）,Lv1白銀騎士,白銀之心*1,Lv1白銀騎士,Lv1白銀騎士 ＋ 白銀之心×1 ＝ Lv1白銀騎士,所需寵物：當期寶盒／活動抽取：白銀騎士召喚書（1%）；所需道具：當期寶盒／活動抽取：白銀之心（2%）,[查看](https://cg.originmood.com/NewsContent/zh_TW/mlbb_news_11804.html)
未載明（公告日 2024-02-21）,2024-02-21,元宵情人節 探尋天空城,公告未載明,丘比特,愛神丘比特設計圖A*1 愛神丘比特設計圖B*1 愛神丘比特設計圖C*1 愛神丘比特設計圖D*1 愛神丘比特設計圖E*1,愛神丘比特,丘比特 ＋ 愛神丘比特設計圖A×1 ＋ 愛神丘比特設計圖B×1 ＋ 愛神丘比特設計圖C×1 ＋ 愛神丘比特設計圖D×1 ＋ 愛神丘比特設計圖E×1 ＝ 愛神丘比特,所需寵物：公告明載需投入此寵物；所需道具：當期寶盒／活動抽取：愛神丘比特設計圖A（1.6%）、愛神丘比特設計圖B（1.6%）、愛神丘比特設計圖C（1.6%）、愛神丘比特設計圖D（1.6%）、愛神丘比特設計圖E（1.6%）,[查看](https://cg.originmood.com/NewsContent/zh_TW/mlbb_news_11704.html)
未載明（公告日 2024-02-07）,2024-02-07,辰龍賜福 結締龍族羈絆,NPC：辰龍祝福使（魔法大學研究所 23.44）,Lv1紅蓮法師,辰龍之力*5,Lv1紅蓮法師（概率95%） Lv1辰龍神使紅蓮（概率5%）,Lv1紅蓮法師 ＋ 辰龍之力×5 ＝ / ├ Lv1紅蓮法師（概率95%） / └ Lv1辰龍神使紅蓮（概率5%）,所需寵物：前置合成：Lv1紅蓮 ＋ 紅蓮設計圖ABCDE×1 ＝ Lv1紅蓮法師；所需道具：公告未另載,[查看](https://cg.originmood.com/NewsContent/zh_TW/mlbb_news_11634.html)
未載明（公告日 2024-02-07）,2024-02-07,辰龍賜福 結締龍族羈絆,NPC：辰龍祝福使（魔法大學研究所 23.44）,Lv1紅炎巨龍,辰龍之力*5,Lv1紅炎巨龍（概率95%） Lv1辰龍紅炎（概率5%）,Lv1紅炎巨龍 ＋ 辰龍之力×5 ＝ / ├ Lv1紅炎巨龍（概率95%） / └ Lv1辰龍紅炎（概率5%）,所需寵物：公告未另載；所需道具：公告未另載,[查看](https://cg.originmood.com/NewsContent/zh_TW/mlbb_news_11634.html)
未載明（公告日 2024-02-07）,2024-02-07,辰龍賜福 結締龍族羈絆,NPC：辰龍大使雷奇（魔法大學研究所 24.46）,任意等級的辰龍紅炎,轉生辰願*1,Lv1紅炎巨龍,任意等級的辰龍紅炎 ＋ 轉生辰願×1 ＝ Lv1紅炎巨龍,所需寵物：前置合成：Lv1紅炎巨龍 ＋ 辰龍之力×5 ＝ / ├ Lv1紅炎巨龍（概率95%） / └ Lv1辰龍紅炎（概率5%）；所需道具：公告未另載,[查看](https://cg.originmood.com/NewsContent/zh_TW/mlbb_news_11634.html)
未載明（公告日 2024-02-07）,2024-02-07,辰龍賜福 結締龍族羈絆,NPC：辰龍大使雷奇（魔法大學研究所 24.46）,任意等級的辰龍神使紅蓮,轉生辰願*1,Lv1紅蓮,任意等級的辰龍神使紅蓮 ＋ 轉生辰願×1 ＝ Lv1紅蓮,所需寵物：前置合成：Lv1紅蓮法師 ＋ 辰龍之力×5 ＝ / ├ Lv1紅蓮法師（概率95%） / └ Lv1辰龍神使紅蓮（概率5%）；所需道具：公告未另載,[查看](https://cg.originmood.com/NewsContent/zh_TW/mlbb_news_11634.html)
未載明（公告日 2024-02-07）,2024-02-07,辰龍賜福 結締龍族羈絆,NPC：裘瑟貝（法蘭城 195.67）,Lv1紅蓮,紅蓮設計圖ABCDE*1,Lv1紅蓮法師,Lv1紅蓮 ＋ 紅蓮設計圖ABCDE×1 ＝ Lv1紅蓮法師,所需寵物：公告未另載；所需道具：公告未另載,[查看](https://cg.originmood.com/NewsContent/zh_TW/mlbb_news_11634.html)
2024-02-01～2024-02-29,2024-02-01,迎新回歸活動,純白豬王使者（里謝里雅堡47.75）,Lv1白豬寶寶,純白精華*100,Lv1白豬太郎,Lv1白豬寶寶 ＋ 純白精華×100 ＝ Lv1白豬太郎,所需寵物：公告未另載；所需道具：公告未另載,[查看](https://cg.originmood.com/NewsContent/zh_TW/mlbb_news_11604.html)
2024-02-01～2024-02-29,2024-02-01,迎新回歸活動,純白豬王使者（里謝里雅堡47.75）,Lv1白豬太郎,純白精華*100,Lv1純白豬王 概率5% Lv1白豬太郎 概率95%,Lv1白豬太郎 ＋ 純白精華×100 ＝ / ├ Lv1純白豬王（概率5%） / └ Lv1白豬太郎（概率95%）,所需寵物：前置合成：Lv1白豬寶寶 ＋ 純白精華×100 ＝ Lv1白豬太郎；所需道具：公告未另載,[查看](https://cg.originmood.com/NewsContent/zh_TW/mlbb_news_11604.html)
未載明（公告日 2024-02-01）,2024-02-01,新春遇神龍 龍寶大救援,小神龍長老（里謝里雅堡50.78）,Lv1龍寶,小神龍之力*388,水龍寶,Lv1龍寶 ＋ 小神龍之力×388 ＝ 水龍寶,所需寵物：公告未另載；所需道具：當期寶盒／活動抽取：小神龍之力*2（7%）、當期寶盒／活動抽取：小神龍之力*1（14%）,[查看](https://cg.originmood.com/NewsContent/zh_TW/mlbb_news_11584.html)
未載明（公告日 2024-02-01）,2024-02-01,新春遇神龍 龍寶大救援,小神龍長老（里謝里雅堡50.78）,Lv1風龍寶,小神龍之力*2888,小神龍,Lv1風龍寶 ＋ 小神龍之力×2888 ＝ 小神龍,所需寵物：公告未另載；所需道具：當期寶盒／活動抽取：小神龍之力*2（7%）、當期寶盒／活動抽取：小神龍之力*1（14%）,[查看](https://cg.originmood.com/NewsContent/zh_TW/mlbb_news_11584.html)
未載明（公告日 2024-02-01）,2024-02-01,新春遇神龍 龍寶大救援,小神龍長老（里謝里雅堡50.78）,Lv1炎龍寶,小神龍之力*1688,風龍寶,Lv1炎龍寶 ＋ 小神龍之力×1688 ＝ 風龍寶,所需寵物：公告未另載；所需道具：當期寶盒／活動抽取：小神龍之力*2（7%）、當期寶盒／活動抽取：小神龍之力*1（14%）,[查看](https://cg.originmood.com/NewsContent/zh_TW/mlbb_news_11584.html)
未載明（公告日 2024-02-01）,2024-02-01,新春遇神龍 龍寶大救援,小神龍長老（里謝里雅堡50.78）,Lv1水龍寶,小神龍之力*888,炎龍寶,Lv1水龍寶 ＋ 小神龍之力×888 ＝ 炎龍寶,所需寵物：公告未另載；所需道具：當期寶盒／活動抽取：小神龍之力*2（7%）、當期寶盒／活動抽取：小神龍之力*1（14%）,[查看](https://cg.originmood.com/NewsContent/zh_TW/mlbb_news_11584.html)
未載明（公告日 2024-02-01）,2024-02-01,新春遇神龍 龍寶大救援,小神龍長老（里謝里雅堡50.78）,Lv1小神龍,小神龍之力*3888 衝浪神木*1,衝浪小神龍 概率50% 衝浪小魔龍 概率50%,Lv1小神龍 ＋ 小神龍之力×3888 ＋ 衝浪神木×1 ＝ / ├ 衝浪小神龍（概率50%） / └ 衝浪小魔龍（概率50%）,所需寵物：公告未另載；所需道具：當期寶盒／活動抽取：小神龍之力*2（7%）、當期寶盒／活動抽取：小神龍之力*1（14%）、前置合成：Lv1風龍寶 ＋ 小神龍之力×2888 ＝ 小神龍,[查看](https://cg.originmood.com/NewsContent/zh_TW/mlbb_news_11584.html)
2024-01-18～2024-02-01,2024-01-18,海巨獸之影 金鱗龍魚來襲,NPC：奇奇卡(精靈城寵物店15，6）,Lv1鸚鵡綠螺,變異之源*3 烏賊進化液*10 精靈王契約*10 100000G金幣,Lv1西比亞烏賊,"Lv1鸚鵡綠螺 ＋ 變異之源×3 ＋ 烏賊進化液×10 ＋ 精靈王契約×10 ＋ 金幣100,000G ＝ Lv1西比亞烏賊",所需寵物：公告未另載；所需道具：公告未另載,[查看](https://cg.originmood.com/NewsContent/zh_TW/mlbb_news_11534.html)
未載明（公告日 2024-01-04）,2024-01-04,聖誕花環會 相遇帝王獅,NPC：奇奇卡(精靈城寵物店15，6）,Lv1雪獅,變異之源*3 暴雪花*10 精靈王契約*50,暴雪魔獸,Lv1雪獅 ＋ 變異之源×3 ＋ 暴雪花×10 ＋ 精靈王契約×50 ＝ 暴雪魔獸,所需寵物：公告未另載；所需道具：公告未另載,[查看](https://cg.originmood.com/NewsContent/zh_TW/mlbb_news_11014.html)
未載明（公告日 2024-01-04）,2024-01-04,聖誕花環會 相遇帝王獅,NPC：奇奇卡(精靈城寵物店15，6）,Lv1鐵獅,變異之源*3 赤焰花*10 精靈王契約*50,赤焰獅王,Lv1鐵獅 ＋ 變異之源×3 ＋ 赤焰花×10 ＋ 精靈王契約×50 ＝ 赤焰獅王,所需寵物：公告未另載；所需道具：公告未另載,[查看](https://cg.originmood.com/NewsContent/zh_TW/mlbb_news_11014.html)
未載明（公告日 2024-01-04）,2024-01-04,聖誕花環會 相遇帝王獅,NPC：奇奇卡(精靈城寵物店15，6）,Lv1銅獅,變異之源*3 黃金花*10 精靈王契約*50,黃金帝獅,Lv1銅獅 ＋ 變異之源×3 ＋ 黃金花×10 ＋ 精靈王契約×50 ＝ 黃金帝獅,所需寵物：公告未另載；所需道具：公告未另載,[查看](https://cg.originmood.com/NewsContent/zh_TW/mlbb_news_11014.html)
未載明（公告日 2024-01-04）,2024-01-04,聖誕花環會 相遇帝王獅,NPC：奇奇卡(精靈城寵物店15，6）,Lv1月獅,變異之源*3 蝕月花*10 精靈王契約*50,蝕月炎獸,Lv1月獅 ＋ 變異之源×3 ＋ 蝕月花×10 ＋ 精靈王契約×50 ＝ 蝕月炎獸,所需寵物：公告未另載；所需道具：公告未另載,[查看](https://cg.originmood.com/NewsContent/zh_TW/mlbb_news_11014.html)
2024-01-01～2024-02-02,2023-12-28,女帝降臨 阿爾卡迪亞登場,狄羅歐迪（魔法大學公會 48.26）,任意等級的魔法師阿爾卡迪亞,閃耀變異之源*10 阿爾卡迪亞記憶*30,Lv1魔魂阿爾卡迪亞 概率95% Lv1女帝阿爾卡迪亞 概率5%,任意等級的魔法師阿爾卡迪亞 ＋ 閃耀變異之源×10 ＋ 阿爾卡迪亞記憶×30 ＝ / ├ Lv1魔魂阿爾卡迪亞（概率95%） / └ Lv1女帝阿爾卡迪亞（概率5%）,所需寵物：前置合成：Lv40以上的新生阿爾卡迪亞 ＋ 女帝魔杖×1 ＋ 阿爾卡迪亞記憶×10 ＝ Lv1魔法師阿爾卡迪亞；所需道具：公告未另載,[查看](https://cg.originmood.com/NewsContent/zh_TW/mlbb_news_10894.html)
2024-01-01～2024-02-02,2023-12-28,女帝降臨 阿爾卡迪亞登場,狄羅歐迪（魔法大學公會 48.26）,任意等級的格鬥家阿爾卡迪亞,閃耀變異之源*10 阿爾卡迪亞記憶*30,Lv1鬥魂阿爾卡迪亞 概率95% Lv1女帝阿爾卡迪亞 概率5%,任意等級的格鬥家阿爾卡迪亞 ＋ 閃耀變異之源×10 ＋ 阿爾卡迪亞記憶×30 ＝ / ├ Lv1鬥魂阿爾卡迪亞（概率95%） / └ Lv1女帝阿爾卡迪亞（概率5%）,所需寵物：前置合成：Lv40以上的新生阿爾卡迪亞 ＋ 女帝護腕×1 ＋ 阿爾卡迪亞記憶×10 ＝ Lv1格鬥家阿爾卡迪亞；所需道具：公告未另載,[查看](https://cg.originmood.com/NewsContent/zh_TW/mlbb_news_10894.html)
2024-01-01～2024-02-02,2023-12-28,女帝降臨 阿爾卡迪亞登場,狄羅歐迪（魔法大學公會 48.26）,任意等級的戰斧阿爾卡迪亞,閃耀變異之源*10 阿爾卡迪亞記憶*30,Lv1戰魂阿爾卡迪亞 概率95% Lv1女帝阿爾卡迪亞 概率5%,任意等級的戰斧阿爾卡迪亞 ＋ 閃耀變異之源×10 ＋ 阿爾卡迪亞記憶×30 ＝ / ├ Lv1戰魂阿爾卡迪亞（概率95%） / └ Lv1女帝阿爾卡迪亞（概率5%）,所需寵物：前置合成：Lv40以上的新生阿爾卡迪亞 ＋ 女帝戰斧×1 ＋ 阿爾卡迪亞記憶×10 ＝ Lv1戰斧阿爾卡迪亞；所需道具：公告未另載,[查看](https://cg.originmood.com/NewsContent/zh_TW/mlbb_news_10894.html)
2024-01-01～2024-02-02,2023-12-28,女帝降臨 阿爾卡迪亞登場,狄羅歐迪（魔法大學公會 48.26）,任意等級的弓箭手阿爾卡迪亞,閃耀變異之源*10 阿爾卡迪亞記憶*30,Lv1技魂阿爾卡迪亞 概率95% Lv1女帝阿爾卡迪亞 概率5%,任意等級的弓箭手阿爾卡迪亞 ＋ 閃耀變異之源×10 ＋ 阿爾卡迪亞記憶×30 ＝ / ├ Lv1技魂阿爾卡迪亞（概率95%） / └ Lv1女帝阿爾卡迪亞（概率5%）,所需寵物：前置合成：Lv40以上的新生阿爾卡迪亞 ＋ 女帝獵弓×1 ＋ 阿爾卡迪亞記憶×10 ＝ Lv1弓箭手阿爾卡迪亞；所需道具：公告未另載,[查看](https://cg.originmood.com/NewsContent/zh_TW/mlbb_news_10894.html)
2024-01-01～2024-02-02,2023-12-28,女帝降臨 阿爾卡迪亞登場,狄羅歐迪（魔法大學公會 48.26）,任意等級的咒術師阿爾卡迪亞,閃耀變異之源*10 阿爾卡迪亞記憶*30,Lv1靈魂阿爾卡迪亞 概率95% Lv1女帝阿爾卡迪亞 概率5%,任意等級的咒術師阿爾卡迪亞 ＋ 閃耀變異之源×10 ＋ 阿爾卡迪亞記憶×30 ＝ / ├ Lv1靈魂阿爾卡迪亞（概率95%） / └ Lv1女帝阿爾卡迪亞（概率5%）,所需寵物：前置合成：Lv40以上的新生阿爾卡迪亞 ＋ 女帝咒鈴×1 ＋ 阿爾卡迪亞記憶×10 ＝ Lv1咒術師阿爾卡迪亞；所需道具：公告未另載,[查看](https://cg.originmood.com/NewsContent/zh_TW/mlbb_news_10894.html)
2024-01-01～2024-02-02,2023-12-28,女帝降臨 阿爾卡迪亞登場,狄羅歐迪（魔法大學公會 48.26）,任意等級的劍士阿爾卡迪亞,閃耀變異之源*10 阿爾卡迪亞記憶*30,Lv1武魂阿爾卡迪亞 概率95% Lv1女帝阿爾卡迪亞 概率5%,任意等級的劍士阿爾卡迪亞 ＋ 閃耀變異之源×10 ＋ 阿爾卡迪亞記憶×30 ＝ / ├ Lv1武魂阿爾卡迪亞（概率95%） / └ Lv1女帝阿爾卡迪亞（概率5%）,所需寵物：前置合成：Lv40以上的新生阿爾卡迪亞 ＋ 女帝長劍×1 ＋ 阿爾卡迪亞記憶×10 ＝ Lv1劍士阿爾卡迪亞；所需道具：公告未另載,[查看](https://cg.originmood.com/NewsContent/zh_TW/mlbb_news_10894.html)
2024-01-01～2024-02-02,2023-12-28,女帝降臨 阿爾卡迪亞登場,威廉斯（魔法大學公會 48.28）,Lv40以上的新生阿爾卡迪亞,女帝魔杖*1 阿爾卡迪亞記憶*10,Lv1魔法師阿爾卡迪亞,Lv40以上的新生阿爾卡迪亞 ＋ 女帝魔杖×1 ＋ 阿爾卡迪亞記憶×10 ＝ Lv1魔法師阿爾卡迪亞,所需寵物：公告未另載；所需道具：當期寶盒／活動抽取：女帝魔杖（16.7%）,[查看](https://cg.originmood.com/NewsContent/zh_TW/mlbb_news_10894.html)
2024-01-01～2024-02-02,2023-12-28,女帝降臨 阿爾卡迪亞登場,威廉斯（魔法大學公會 48.28）,Lv40以上的新生阿爾卡迪亞,女帝長劍*1 阿爾卡迪亞記憶*10,Lv1劍士阿爾卡迪亞,Lv40以上的新生阿爾卡迪亞 ＋ 女帝長劍×1 ＋ 阿爾卡迪亞記憶×10 ＝ Lv1劍士阿爾卡迪亞,所需寵物：公告未另載；所需道具：當期寶盒／活動抽取：女帝長劍（16.7%）,[查看](https://cg.originmood.com/NewsContent/zh_TW/mlbb_news_10894.html)
2024-01-01～2024-02-02,2023-12-28,女帝降臨 阿爾卡迪亞登場,威廉斯（魔法大學公會 48.28）,Lv40以上的新生阿爾卡迪亞,女帝護腕*1 阿爾卡迪亞記憶*10,Lv1格鬥家阿爾卡迪亞,Lv40以上的新生阿爾卡迪亞 ＋ 女帝護腕×1 ＋ 阿爾卡迪亞記憶×10 ＝ Lv1格鬥家阿爾卡迪亞,所需寵物：公告未另載；所需道具：當期寶盒／活動抽取：女帝護腕（16.7%）,[查看](https://cg.originmood.com/NewsContent/zh_TW/mlbb_news_10894.html)
2024-01-01～2024-02-02,2023-12-28,女帝降臨 阿爾卡迪亞登場,威廉斯（魔法大學公會 48.28）,Lv40以上的新生阿爾卡迪亞,女帝獵弓*1 阿爾卡迪亞記憶*10,Lv1弓箭手阿爾卡迪亞,Lv40以上的新生阿爾卡迪亞 ＋ 女帝獵弓×1 ＋ 阿爾卡迪亞記憶×10 ＝ Lv1弓箭手阿爾卡迪亞,所需寵物：公告未另載；所需道具：當期寶盒／活動抽取：女帝獵弓（16.6%）,[查看](https://cg.originmood.com/NewsContent/zh_TW/mlbb_news_10894.html)
2024-01-01～2024-02-02,2023-12-28,女帝降臨 阿爾卡迪亞登場,威廉斯（魔法大學公會 48.28）,Lv40以上的新生阿爾卡迪亞,女帝戰斧*1 阿爾卡迪亞記憶*10,Lv1戰斧阿爾卡迪亞,Lv40以上的新生阿爾卡迪亞 ＋ 女帝戰斧×1 ＋ 阿爾卡迪亞記憶×10 ＝ Lv1戰斧阿爾卡迪亞,所需寵物：公告未另載；所需道具：當期寶盒／活動抽取：女帝戰斧（16.6%）,[查看](https://cg.originmood.com/NewsContent/zh_TW/mlbb_news_10894.html)
2024-01-01～2024-02-02,2023-12-28,女帝降臨 阿爾卡迪亞登場,威廉斯（魔法大學公會 48.28）,Lv40以上的新生阿爾卡迪亞,女帝咒鈴*1 阿爾卡迪亞記憶*10,Lv1咒術師阿爾卡迪亞,Lv40以上的新生阿爾卡迪亞 ＋ 女帝咒鈴×1 ＋ 阿爾卡迪亞記憶×10 ＝ Lv1咒術師阿爾卡迪亞,所需寵物：公告未另載；所需道具：當期寶盒／活動抽取：女帝咒鈴（16.7%）,[查看](https://cg.originmood.com/NewsContent/zh_TW/mlbb_news_10894.html)
未載明（公告日 2023-12-20）,2023-12-20,冰雪奇緣 來自聖誕的新夥伴,NPC：奇奇卡(精靈城寵物店15，6）,Lv1的舞動花妖,變異之源*3 琉璃草*10 精靈王契約*50 100000G金幣,Lv1琉璃花妖王,"Lv1的舞動花妖 ＋ 變異之源×3 ＋ 琉璃草×10 ＋ 精靈王契約×50 ＋ 金幣100,000G ＝ Lv1琉璃花妖王",所需寵物：公告未另載；所需道具：公告未另載,[查看](https://cg.originmood.com/NewsContent/zh_TW/mlbb_news_10844.html)
未載明（公告日 2023-12-20）,2023-12-20,冰雪奇緣 來自聖誕的新夥伴,NPC：奇奇卡(精靈城寵物店15，6）,Lv1水藍鼠,變異之源*3 聖誕冰雪*10 精靈王契約*50 100000G金幣,Lv1冰雪水藍鼠,"Lv1水藍鼠 ＋ 變異之源×3 ＋ 聖誕冰雪×10 ＋ 精靈王契約×50 ＋ 金幣100,000G ＝ Lv1冰雪水藍鼠",所需寵物：公告未另載；所需道具：公告未另載,[查看](https://cg.originmood.com/NewsContent/zh_TW/mlbb_news_10844.html)
2023-12-14～2023-01-01,2023-12-13,黑夜之影 夢魘奪魂之主,NPC：裘瑟貝（法蘭城 195.67）,Lv1陰影,奪魂陰影設計圖ABCDE*1,Lv1奪魂陰影,Lv1陰影 ＋ 奪魂陰影設計圖ABCDE×1 ＝ Lv1奪魂陰影,所需寵物：公告未另載；所需道具：公告未另載,[查看](https://cg.originmood.com/NewsContent/zh_TW/mlbb_news_10804.html)
2023-12-14～2023-01-01,2023-12-13,黑夜之影 夢魘奪魂之主,NPC：裘瑟貝（法蘭城 195.67）,Lv1闇影,奪魂闇影設計圖ABCDE*1,Lv1奪魂闇影,Lv1闇影 ＋ 奪魂闇影設計圖ABCDE×1 ＝ Lv1奪魂闇影,所需寵物：公告未另載；所需道具：公告未另載,[查看](https://cg.originmood.com/NewsContent/zh_TW/mlbb_news_10804.html)
2023-12-14～2023-01-01,2023-12-13,黑夜之影 夢魘奪魂之主,NPC：艾薇拉（魔法大學研究所 10.30）,Lv1奪魂陰影,奪魂晶礦*1,Lv1奪魂陰影（概率95%） Lv1奪魂陰影之主（概率5%）,Lv1奪魂陰影 ＋ 奪魂晶礦×1 ＝ / ├ Lv1奪魂陰影（概率95%） / └ Lv1奪魂陰影之主（概率5%）,所需寵物：前置合成：Lv1陰影 ＋ 奪魂陰影設計圖ABCDE×1 ＝ Lv1奪魂陰影；所需道具：公告未另載,[查看](https://cg.originmood.com/NewsContent/zh_TW/mlbb_news_10804.html)
2023-12-14～2023-01-01,2023-12-13,黑夜之影 夢魘奪魂之主,NPC：艾薇拉（魔法大學研究所 10.30）,Lv1奪魂闇影,奪魂晶礦*1,Lv1奪魂闇影（概率95%） Lv1奪魂闇影之主（概率5%）,Lv1奪魂闇影 ＋ 奪魂晶礦×1 ＝ / ├ Lv1奪魂闇影（概率95%） / └ Lv1奪魂闇影之主（概率5%）,所需寵物：前置合成：Lv1闇影 ＋ 奪魂闇影設計圖ABCDE×1 ＝ Lv1奪魂闇影；所需道具：公告未另載,[查看](https://cg.originmood.com/NewsContent/zh_TW/mlbb_news_10804.html)
2023-12-14～2023-01-01,2023-12-13,黑夜之影 夢魘奪魂之主,NPC：艾爾文（魔法大學研究所 8.31）,任意等級的奪魂陰影之主,轉生影珠*1,Lv1奪魂陰影,任意等級的奪魂陰影之主 ＋ 轉生影珠×1 ＝ Lv1奪魂陰影,所需寵物：前置合成：Lv1奪魂陰影 ＋ 奪魂晶礦×1 ＝ / ├ Lv1奪魂陰影（概率95%） / └ Lv1奪魂陰影之主（概率5%）；所需道具：公告未另載,[查看](https://cg.originmood.com/NewsContent/zh_TW/mlbb_news_10804.html)
2023-12-14～2023-01-01,2023-12-13,黑夜之影 夢魘奪魂之主,NPC：艾爾文（魔法大學研究所 8.31）,任意等級的奪魂闇影之主,轉生影珠*1,Lv1奪魂闇影,任意等級的奪魂闇影之主 ＋ 轉生影珠×1 ＝ Lv1奪魂闇影,所需寵物：前置合成：Lv1奪魂闇影 ＋ 奪魂晶礦×1 ＝ / ├ Lv1奪魂闇影（概率95%） / └ Lv1奪魂闇影之主（概率5%）；所需道具：公告未另載,[查看](https://cg.originmood.com/NewsContent/zh_TW/mlbb_news_10804.html)
未載明（公告日 2023-12-06）,2023-12-06,蒼月聖域的呼喚 探尋元素秘境,NPC：奇奇卡(精靈城寵物店15，6）,任意等級的雪兒精靈,變異之源*3 極寒雪兒精靈進化卡*10 精靈王契約*50 100000G金幣,Lv1極寒雪兒精靈,"任意等級的雪兒精靈 ＋ 變異之源×3 ＋ 極寒雪兒精靈進化卡×10 ＋ 精靈王契約×50 ＋ 金幣100,000G ＝ Lv1極寒雪兒精靈",所需寵物：公告未另載；所需道具：公告未另載,[查看](https://cg.originmood.com/NewsContent/zh_TW/mlbb_news_10764.html)
未載明（公告日 2023-12-06）,2023-12-06,蒼月聖域的呼喚 探尋元素秘境,NPC：奇奇卡(精靈城寵物店15，6）,任意等級的聖誕精靈,變異之源*3 銀雪聖誕精靈進化卡*10 精靈王契約*50 100000G金幣,Lv1銀雪聖誕精靈,"任意等級的聖誕精靈 ＋ 變異之源×3 ＋ 銀雪聖誕精靈進化卡×10 ＋ 精靈王契約×50 ＋ 金幣100,000G ＝ Lv1銀雪聖誕精靈",所需寵物：公告未另載；所需道具：公告未另載,[查看](https://cg.originmood.com/NewsContent/zh_TW/mlbb_news_10764.html)
未載明（公告日 2023-12-06）,2023-12-06,蒼月聖域的呼喚 探尋元素秘境,NPC：奇奇卡(精靈城寵物店15，6）,任意等級的絲諾精靈,變異之源*3 寒晶絲諾精靈進化卡*10 精靈王契約*50 100000G金幣,Lv1寒晶絲諾精靈,"任意等級的絲諾精靈 ＋ 變異之源×3 ＋ 寒晶絲諾精靈進化卡×10 ＋ 精靈王契約×50 ＋ 金幣100,000G ＝ Lv1寒晶絲諾精靈",所需寵物：公告未另載；所需道具：公告未另載,[查看](https://cg.originmood.com/NewsContent/zh_TW/mlbb_news_10764.html)
未載明（公告日 2023-12-06）,2023-12-06,蒼月聖域的呼喚 探尋元素秘境,NPC：奇奇卡(精靈城寵物店15，6）,任意等級的愛絲精靈,變異之源*3 冰雪愛絲精靈進化卡*10 精靈王契約*50 100000G金幣,Lv1冰雪愛絲精靈,"任意等級的愛絲精靈 ＋ 變異之源×3 ＋ 冰雪愛絲精靈進化卡×10 ＋ 精靈王契約×50 ＋ 金幣100,000G ＝ Lv1冰雪愛絲精靈",所需寵物：公告未另載；所需道具：公告未另載,[查看](https://cg.originmood.com/NewsContent/zh_TW/mlbb_news_10764.html)
未載明（公告日 2023-11-23）,2023-11-23,挑戰星辰塔 鍛造傳奇套裝,NPC：奇奇卡(精靈城寵物店15，6）,Lv1魔術地雷,變異之源*3 魔術核心*10 精靈王契約*50 100000G金幣,Lv1魔術機甲ROX,"Lv1魔術地雷 ＋ 變異之源×3 ＋ 魔術核心×10 ＋ 精靈王契約×50 ＋ 金幣100,000G ＝ Lv1魔術機甲ROX",所需寵物：公告未另載；所需道具：公告未另載,[查看](https://cg.originmood.com/NewsContent/zh_TW/mlbb_news_10704.html)
未載明（公告日 2023-11-23）,2023-11-23,挑戰星辰塔 鍛造傳奇套裝,NPC：奇奇卡(精靈城寵物店15，6）,Lv1闇影地雷,變異之源*3 闇影核心*10 精靈王契約*50 100000G金幣,Lv1闇影機甲NXT,"Lv1闇影地雷 ＋ 變異之源×3 ＋ 闇影核心×10 ＋ 精靈王契約×50 ＋ 金幣100,000G ＝ Lv1闇影機甲NXT",所需寵物：公告未另載；所需道具：公告未另載,[查看](https://cg.originmood.com/NewsContent/zh_TW/mlbb_news_10704.html)
未載明（公告日 2023-11-23）,2023-11-23,挑戰星辰塔 鍛造傳奇套裝,NPC：奇奇卡(精靈城寵物店15，6）,Lv1閃光地雷,變異之源*3 閃光核心*10 精靈王契約*50 100000G金幣,Lv1閃光機甲AEX,"Lv1閃光地雷 ＋ 變異之源×3 ＋ 閃光核心×10 ＋ 精靈王契約×50 ＋ 金幣100,000G ＝ Lv1閃光機甲AEX",所需寵物：公告未另載；所需道具：公告未另載,[查看](https://cg.originmood.com/NewsContent/zh_TW/mlbb_news_10704.html)
未載明（公告日 2023-11-23）,2023-11-23,挑戰星辰塔 鍛造傳奇套裝,NPC：奇奇卡(精靈城寵物店15，6）,Lv1強襲地雷,變異之源*3 強襲核心*10 精靈王契約*50 100000G金幣,Lv1強襲機甲LMX,"Lv1強襲地雷 ＋ 變異之源×3 ＋ 強襲核心×10 ＋ 精靈王契約×50 ＋ 金幣100,000G ＝ Lv1強襲機甲LMX",所需寵物：公告未另載；所需道具：公告未另載,[查看](https://cg.originmood.com/NewsContent/zh_TW/mlbb_news_10704.html)
2023-11-11～2023-12-12,2023-11-10,刀客之志 狂魔與少年,NPC：裘瑟貝（法蘭城 195.67）,Lv1劍次,刀客劍次設計圖ABCDE*1,Lv1刀客劍次,Lv1劍次 ＋ 刀客劍次設計圖ABCDE×1 ＝ Lv1刀客劍次,所需寵物：公告未另載；所需道具：公告未另載,[查看](https://cg.originmood.com/NewsContent/zh_TW/mlbb_news_10564.html)
2023-11-11～2023-12-12,2023-11-10,刀客之志 狂魔與少年,NPC：和夫（魔法大學研究所 9.27）,任意等級的狂魔劍次,轉生刀魄*1,Lv1刀客劍次,任意等級的狂魔劍次 ＋ 轉生刀魄×1 ＝ Lv1刀客劍次,所需寵物：前置合成：Lv1刀客劍次 ＋ 狂魔刀譜×1 ＝ / ├ Lv1刀客劍次（概率95%） / └ Lv1狂魔劍次（概率5%）；所需道具：公告未另載,[查看](https://cg.originmood.com/NewsContent/zh_TW/mlbb_news_10564.html)
2023-11-11～2023-12-12,2023-11-10,刀客之志 狂魔與少年,NPC：刀客秀川（魔法大學研究所 8.26）,Lv1刀客劍次,狂魔刀譜*1,Lv1刀客劍次（概率95%） Lv1狂魔劍次（概率5%）,Lv1刀客劍次 ＋ 狂魔刀譜×1 ＝ / ├ Lv1刀客劍次（概率95%） / └ Lv1狂魔劍次（概率5%）,所需寵物：前置合成：Lv1劍次 ＋ 刀客劍次設計圖ABCDE×1 ＝ Lv1刀客劍次；所需道具：公告未另載,[查看](https://cg.originmood.com/NewsContent/zh_TW/mlbb_news_10564.html)
2023-11-09～2023-12-28,2023-11-09,新職業登場！無雙刀客參上,NPC：蘆一郎（精靈城刀客公會 15.19）,任意等級的牛丸,變異之源*10 精靈王契約*10,Lv1牛丸（概率98%） Lv1牛鬼丸（概率2%）,任意等級的牛丸 ＋ 變異之源×10 ＋ 精靈王契約×10 ＝ / ├ Lv1牛丸（概率98%） / └ Lv1牛鬼丸（概率2%）,所需寵物：公告未另載；所需道具：公告未另載,[查看](https://cg.originmood.com/NewsContent/zh_TW/mlbb_news_10534.html)
2023-11-09～2023-11-23,2023-11-09,新職業登場！無雙刀客參上,NPC：奇奇卡(精靈城寵物店15，6）,任意等級的血腥魔刃,閃耀變異之源*3 流刃鍛刀石*10 精靈王契約*50 100000G金幣,Lv1血腥流刃,"任意等級的血腥魔刃 ＋ 閃耀變異之源×3 ＋ 流刃鍛刀石×10 ＋ 精靈王契約×50 ＋ 金幣100,000G ＝ Lv1血腥流刃",所需寵物：公告未另載；所需道具：公告未另載,[查看](https://cg.originmood.com/NewsContent/zh_TW/mlbb_news_10534.html)
2023-11-09～2023-11-23,2023-11-09,新職業登場！無雙刀客參上,NPC：奇奇卡(精靈城寵物店15，6）,任意等級的石像魔王,閃耀變異之源*3 石像魔王塊*10 精靈王契約*50 100000G金幣,Lv1深淵石像魔王,"任意等級的石像魔王 ＋ 閃耀變異之源×3 ＋ 石像魔王塊×10 ＋ 精靈王契約×50 ＋ 金幣100,000G ＝ Lv1深淵石像魔王",所需寵物：公告未另載；所需道具：公告未另載,[查看](https://cg.originmood.com/NewsContent/zh_TW/mlbb_news_10534.html)
2023-11-09～2023-11-23,2023-11-09,新職業登場！無雙刀客參上,NPC：奇奇卡(精靈城寵物店15，6）,Lv1的殺龍之刃,變異之源*3 逆刃鍛刀石*10 精靈王契約*50 100000G金幣,Lv1殺龍逆刃,"Lv1的殺龍之刃 ＋ 變異之源×3 ＋ 逆刃鍛刀石×10 ＋ 精靈王契約×50 ＋ 金幣100,000G ＝ Lv1殺龍逆刃",所需寵物：公告未另載；所需道具：公告未另載,[查看](https://cg.originmood.com/NewsContent/zh_TW/mlbb_news_10534.html)
未載明（公告日 2023-10-25）,2023-10-25,萬聖狂欢 百魅之夜,NPC：裘瑟貝（法蘭城 195.67）,任意等級的鐮刀魔,鐮刀魔設計圖ABCDE*1,Lv1改造鐮刀魔,任意等級的鐮刀魔 ＋ 鐮刀魔設計圖ABCDE×1 ＝ Lv1改造鐮刀魔,所需寵物：公告未另載；所需道具：公告未另載,[查看](https://cg.originmood.com/NewsContent/zh_TW/mlbb_news_10474.html)
未載明（公告日 2023-10-25）,2023-10-25,萬聖狂欢 百魅之夜,NPC：裘瑟貝（法蘭城 195.67）,任意等級的暗黑僧侶,暗黑僧侶設計圖ABCDE*1,Lv1改造暗黑僧侶,任意等級的暗黑僧侶 ＋ 暗黑僧侶設計圖ABCDE×1 ＝ Lv1改造暗黑僧侶,所需寵物：公告未另載；所需道具：公告未另載,[查看](https://cg.originmood.com/NewsContent/zh_TW/mlbb_news_10474.html)
未載明（公告日 2023-10-25）,2023-10-25,萬聖狂欢 百魅之夜,NPC：裘瑟貝（法蘭城 195.67）,任意等級的斬首者,斬首者設計圖ABCDE*1,Lv1改造斬首者,任意等級的斬首者 ＋ 斬首者設計圖ABCDE×1 ＝ Lv1改造斬首者,所需寵物：公告未另載；所需道具：公告未另載,[查看](https://cg.originmood.com/NewsContent/zh_TW/mlbb_news_10474.html)
未載明（公告日 2023-10-25）,2023-10-25,萬聖狂欢 百魅之夜,NPC：裘瑟貝（法蘭城 195.67）,任意等級的冥界死神,冥界死神設計圖ABCDE*1,Lv1改造冥界死神,任意等級的冥界死神 ＋ 冥界死神設計圖ABCDE×1 ＝ Lv1改造冥界死神,所需寵物：公告未另載；所需道具：公告未另載,[查看](https://cg.originmood.com/NewsContent/zh_TW/mlbb_news_10474.html)
2023-10-10～2023-11-11,2023-10-09,劍之侍魂 武魂狂人,NPC：隆一（魔法大學研究所 24.31）,Lv1武士和馬,侍魂之證*1,Lv1武士和馬（概率95%） Lv1侍魂和馬（概率5%）,Lv1武士和馬 ＋ 侍魂之證×1 ＝ / ├ Lv1武士和馬（概率95%） / └ Lv1侍魂和馬（概率5%）,所需寵物：前置合成：Lv1和馬 ＋ 武士和馬設計圖ABCDE×1 ＝ Lv1武士和馬；所需道具：公告未另載,[查看](https://cg.originmood.com/NewsContent/zh_TW/mlbb_news_10404.html)
2023-10-10～2023-11-11,2023-10-09,劍之侍魂 武魂狂人,NPC：裘瑟貝（法蘭城 195.67）,Lv1和馬,武士和馬設計圖ABCDE*1,Lv1武士和馬,Lv1和馬 ＋ 武士和馬設計圖ABCDE×1 ＝ Lv1武士和馬,所需寵物：公告未另載；所需道具：公告未另載,[查看](https://cg.originmood.com/NewsContent/zh_TW/mlbb_news_10404.html)
2023-10-10～2023-11-11,2023-10-09,劍之侍魂 武魂狂人,NPC：和夫（魔法大學研究所 25.33）,任意等級的侍魂和馬,轉生武魂*1,Lv1武士和馬,任意等級的侍魂和馬 ＋ 轉生武魂×1 ＝ Lv1武士和馬,所需寵物：前置合成：Lv1武士和馬 ＋ 侍魂之證×1 ＝ / ├ Lv1武士和馬（概率95%） / └ Lv1侍魂和馬（概率5%）；所需道具：公告未另載,[查看](https://cg.originmood.com/NewsContent/zh_TW/mlbb_news_10404.html)
未載明（公告日 2023-09-22）,2023-09-22,嫦娥公主伴佳節 飛仙奔月共團圓（秘寶8折特惠！）,NPC：奇奇卡(精靈城寵物店15，6）,任意等級的風月之靈,變異之源*3 月靈花*10 精靈王契約*50 100000G金幣,Lv1風月公主,"任意等級的風月之靈 ＋ 變異之源×3 ＋ 月靈花×10 ＋ 精靈王契約×50 ＋ 金幣100,000G ＝ Lv1風月公主",所需寵物：公告未另載；所需道具：公告未另載,[查看](https://cg.originmood.com/NewsContent/zh_TW/mlbb_news_10334.html)
未載明（公告日 2023-09-22）,2023-09-22,嫦娥公主伴佳節 飛仙奔月共團圓（秘寶8折特惠！）,NPC：奇奇卡(精靈城寵物店15，6）,任意等級的皎月之靈,閃耀變異之源*3 皎月花*10 精靈王契約*50 100000G金幣,Lv1皎月公主,"任意等級的皎月之靈 ＋ 閃耀變異之源×3 ＋ 皎月花×10 ＋ 精靈王契約×50 ＋ 金幣100,000G ＝ Lv1皎月公主",所需寵物：公告未另載；所需道具：公告未另載,[查看](https://cg.originmood.com/NewsContent/zh_TW/mlbb_news_10334.html)
未載明（公告日 2023-09-22）,2023-09-22,嫦娥公主伴佳節 飛仙奔月共團圓（秘寶8折特惠！）,NPC：奇奇卡(精靈城寵物店15，6）,任意等級的猩紅之靈,變異之源*3 月靈花*10 精靈王契約*50 100000G金幣,Lv1猩紅公主,"任意等級的猩紅之靈 ＋ 變異之源×3 ＋ 月靈花×10 ＋ 精靈王契約×50 ＋ 金幣100,000G ＝ Lv1猩紅公主",所需寵物：公告未另載；所需道具：公告未另載,[查看](https://cg.originmood.com/NewsContent/zh_TW/mlbb_news_10334.html)
未載明（公告日 2023-09-22）,2023-09-22,嫦娥公主伴佳節 飛仙奔月共團圓（秘寶8折特惠！）,NPC：奇奇卡(精靈城寵物店15，6）,任意等級的水月之靈,變異之源*3 月靈花*10 精靈王契約*50 100000G金幣,Lv1水月公主,"任意等級的水月之靈 ＋ 變異之源×3 ＋ 月靈花×10 ＋ 精靈王契約×50 ＋ 金幣100,000G ＝ Lv1水月公主",所需寵物：公告未另載；所需道具：公告未另載,[查看](https://cg.originmood.com/NewsContent/zh_TW/mlbb_news_10334.html)
未載明（公告日 2023-09-22）,2023-09-22,嫦娥公主伴佳節 飛仙奔月共團圓（秘寶8折特惠！）,NPC：奇奇卡(精靈城寵物店15，6）,任意等級的月宮之靈,變異之源*3 月靈花*10 精靈王契約*50 100000G金幣,Lv1月宮公主,"任意等級的月宮之靈 ＋ 變異之源×3 ＋ 月靈花×10 ＋ 精靈王契約×50 ＋ 金幣100,000G ＝ Lv1月宮公主",所需寵物：公告未另載；所需道具：公告未另載,[查看](https://cg.originmood.com/NewsContent/zh_TW/mlbb_news_10334.html)
未載明（公告日 2023-09-22）,2023-09-22,嫦娥公主伴佳節 飛仙奔月共團圓（秘寶8折特惠！）,NPC：奇奇卡(精靈城寵物店15，6）,任意等級的暗月之靈,閃耀變異之源*3 暗月花*10 精靈王契約*50 100000G金幣,Lv1暗月公主,"任意等級的暗月之靈 ＋ 閃耀變異之源×3 ＋ 暗月花×10 ＋ 精靈王契約×50 ＋ 金幣100,000G ＝ Lv1暗月公主",所需寵物：公告未另載；所需道具：公告未另載,[查看](https://cg.originmood.com/NewsContent/zh_TW/mlbb_news_10334.html)
未載明（公告日 2023-09-21）,2023-09-21,霸氣魔蛇現世 元素使限時返場,NPC：愛卡勒恩(寵物研究所15，8）,Lv1炎精靈,火元素之卵*3 閃耀變異之源*10 精靈王契約*100,烈焰元素使,Lv1炎精靈 ＋ 火元素之卵×3 ＋ 閃耀變異之源×10 ＋ 精靈王契約×100 ＝ 烈焰元素使,所需寵物：公告未另載；所需道具：公告未另載,[查看](https://cg.originmood.com/NewsContent/zh_TW/mlbb_news_10324.html)
未載明（公告日 2023-09-21）,2023-09-21,霸氣魔蛇現世 元素使限時返場,NPC：愛卡勒恩(寵物研究所15，8）,Lv1木精靈,地元素之卵*3 閃耀變異之源*10 精靈王契約*100,大地元素使,Lv1木精靈 ＋ 地元素之卵×3 ＋ 閃耀變異之源×10 ＋ 精靈王契約×100 ＝ 大地元素使,所需寵物：公告未另載；所需道具：公告未另載,[查看](https://cg.originmood.com/NewsContent/zh_TW/mlbb_news_10324.html)
未載明（公告日 2023-09-21）,2023-09-21,霸氣魔蛇現世 元素使限時返場,NPC：愛卡勒恩(寵物研究所15，8）,Lv1光精靈,風元素之卵*3 閃耀變異之源*10 精靈王契約*100,天空元素使,Lv1光精靈 ＋ 風元素之卵×3 ＋ 閃耀變異之源×10 ＋ 精靈王契約×100 ＝ 天空元素使,所需寵物：公告未另載；所需道具：公告未另載,[查看](https://cg.originmood.com/NewsContent/zh_TW/mlbb_news_10324.html)
未載明（公告日 2023-09-21）,2023-09-21,霸氣魔蛇現世 元素使限時返場,NPC：寵物研究所的愛卡勒恩(法蘭城 116.75）,Lv1冰精靈,水元素之卵*3 閃耀變異之源*10 精靈王契約*100 50000G金幣,Lv1海洋元素使,"Lv1冰精靈 ＋ 水元素之卵×3 ＋ 閃耀變異之源×10 ＋ 精靈王契約×100 ＋ 金幣50,000G ＝ Lv1海洋元素使",所需寵物：公告未另載；所需道具：公告未另載,[查看](https://cg.originmood.com/NewsContent/zh_TW/mlbb_news_10324.html)
2023-09-09～2023-10-10,2023-09-08,開啟回憶的羈絆 白銀之魂猶大,NPC：馬娜喜（魔法大學研究所 57.38）,任意等級的天啟者猶大,轉生鎧甲*1,Lv1猶大,任意等級的天啟者猶大 ＋ 轉生鎧甲×1 ＝ Lv1猶大,所需寵物：前置合成：Lv1的猶大 ＋ 天啟鎧甲×1 ＝ / ├ Lv1猶大（概率95%） / └ Lv1天啟者猶大（概率5%）；所需道具：公告未另載,[查看](https://cg.originmood.com/NewsContent/zh_TW/mlbb_news_10254.html)
2023-09-09～2023-10-10,2023-09-08,開啟回憶的羈絆 白銀之魂猶大,NPC：裘瑟貝（法蘭城 195.67）,Lv1地獄將軍,猶大設計圖ABCDE*1,Lv1猶大,Lv1地獄將軍 ＋ 猶大設計圖ABCDE×1 ＝ Lv1猶大,所需寵物：公告未另載；所需道具：公告未另載,[查看](https://cg.originmood.com/NewsContent/zh_TW/mlbb_news_10254.html)
2023-09-09～2023-10-10,2023-09-08,開啟回憶的羈絆 白銀之魂猶大,NPC：皮德榮（魔法大學研究所 58.39）,Lv1的猶大,天啟鎧甲*1,Lv1猶大（概率95%） Lv1天啟者猶大（概率5%）,Lv1的猶大 ＋ 天啟鎧甲×1 ＝ / ├ Lv1猶大（概率95%） / └ Lv1天啟者猶大（概率5%）,所需寵物：前置合成：Lv1地獄將軍 ＋ 猶大設計圖ABCDE×1 ＝ Lv1猶大；所需道具：公告未另載,[查看](https://cg.originmood.com/NewsContent/zh_TW/mlbb_news_10254.html)
未載明（公告日 2023-09-08）,2023-09-08,不死的試煉 挑戰幽靈道場,NPC：奇奇卡(精靈城寵物店15，6）,任意等級的符能青鸞,閃耀變異之源*3 青鸞之翼*10 精靈王契約*50 100000G金幣,Lv1青鸞聖鳥,"任意等級的符能青鸞 ＋ 閃耀變異之源×3 ＋ 青鸞之翼×10 ＋ 精靈王契約×50 ＋ 金幣100,000G ＝ Lv1青鸞聖鳥",所需寵物：公告未另載；所需道具：公告未另載,[查看](https://cg.originmood.com/NewsContent/zh_TW/mlbb_news_10234.html)
未載明（公告日 2023-09-08）,2023-09-08,不死的試煉 挑戰幽靈道場,NPC：奇奇卡(精靈城寵物店15，6）,任意等級的幽紫妖靈,閃耀變異之源*3 幽靈魔鏡*10 精靈王契約*50 100000G金幣,Lv1幽紫魔靈,"任意等級的幽紫妖靈 ＋ 閃耀變異之源×3 ＋ 幽靈魔鏡×10 ＋ 精靈王契約×50 ＋ 金幣100,000G ＝ Lv1幽紫魔靈",所需寵物：公告未另載；所需道具：公告未另載,[查看](https://cg.originmood.com/NewsContent/zh_TW/mlbb_news_10234.html)
未載明（公告日 2023-09-08）,2023-09-08,不死的試煉 挑戰幽靈道場,NPC：奇奇卡(精靈城寵物店15，6）,Lv1的德魯伊之鬼,變異之源*3 德魯伊之血*10 精靈王契約*50 100000G金幣,Lv1德魯伊之魂,"Lv1的德魯伊之鬼 ＋ 變異之源×3 ＋ 德魯伊之血×10 ＋ 精靈王契約×50 ＋ 金幣100,000G ＝ Lv1德魯伊之魂",所需寵物：公告未另載；所需道具：公告未另載,[查看](https://cg.originmood.com/NewsContent/zh_TW/mlbb_news_10234.html)
未載明（公告日 2023-08-24）,2023-08-24,相遇花妖王 雷霆幻獸大加強,NPC：奇奇卡(精靈城寵物店15，6）,任意等級的雷霆幻獸,閃耀變異之源*3 神獸之力*10 精靈王契約*50 100000G金幣,Lv1雷霆神獸,"任意等級的雷霆幻獸 ＋ 閃耀變異之源×3 ＋ 神獸之力×10 ＋ 精靈王契約×50 ＋ 金幣100,000G ＝ Lv1雷霆神獸",所需寵物：公告未另載；所需道具：公告未另載,[查看](https://cg.originmood.com/NewsContent/zh_TW/mlbb_news_10184.html)
未載明（公告日 2023-08-24）,2023-08-24,相遇花妖王 雷霆幻獸大加強,NPC：奇奇卡(精靈城寵物店15，6）,任意等級的蟲毒魔蟹,閃耀變異之源*3 毒蟹精魄*10 精靈王契約*50 100000G金幣,Lv1噬魂毒蟹,"任意等級的蟲毒魔蟹 ＋ 閃耀變異之源×3 ＋ 毒蟹精魄×10 ＋ 精靈王契約×50 ＋ 金幣100,000G ＝ Lv1噬魂毒蟹",所需寵物：公告未另載；所需道具：公告未另載,[查看](https://cg.originmood.com/NewsContent/zh_TW/mlbb_news_10184.html)
未載明（公告日 2023-08-24）,2023-08-24,相遇花妖王 雷霆幻獸大加強,NPC：奇奇卡(精靈城寵物店15，6）,Lv1散步花妖,變異之源*3 星綠草*10 精靈王契約*50 100000G金幣,Lv1星綠花妖王,"Lv1散步花妖 ＋ 變異之源×3 ＋ 星綠草×10 ＋ 精靈王契約×50 ＋ 金幣100,000G ＝ Lv1星綠花妖王",所需寵物：公告未另載；所需道具：公告未另載,[查看](https://cg.originmood.com/NewsContent/zh_TW/mlbb_news_10184.html)
未載明（公告日 2023-08-09）,2023-08-09,22週年慶最終彈,NPC：奇奇卡(精靈城寵物店15，6）,任意等級的黃金鼠王,變異之源*3 22週年鼠王彩帶*10 精靈王契約*50 100000G金幣,Lv1 22週年鼠王,"任意等級的黃金鼠王 ＋ 變異之源×3 22週年鼠王彩帶×10 ＋ 精靈王契約×50 ＋ 金幣100,000G ＝ Lv1 22週年鼠王",所需寵物：公告未另載；所需道具：公告未另載,[查看](https://cg.originmood.com/NewsContent/zh_TW/mlbb_news_10104.html)
未載明（公告日 2023-08-09）,2023-08-09,22週年慶最終彈,NPC：奇奇卡(精靈城寵物店15，6）,任意等級的純白液態史萊姆,變異之源*3 22週年史萊姆精華*10 精靈王契約*50 100000G金幣,Lv1 22週年液態史萊姆,"任意等級的純白液態史萊姆 ＋ 變異之源×3 22週年史萊姆精華×10 ＋ 精靈王契約×50 ＋ 金幣100,000G ＝ Lv1 22週年液態史萊姆",所需寵物：公告未另載；所需道具：公告未另載,[查看](https://cg.originmood.com/NewsContent/zh_TW/mlbb_news_10104.html)
未載明（公告日 2023-08-09）,2023-08-09,22週年慶最終彈,NPC：奇奇卡(精靈城寵物店15，6）,任意等級的懷舊樹精,變異之源*3 22週年樹精寶珠*10 精靈王契約*50 100000G金幣,Lv1 22週年樹精,"任意等級的懷舊樹精 ＋ 變異之源×3 22週年樹精寶珠×10 ＋ 精靈王契約×50 ＋ 金幣100,000G ＝ Lv1 22週年樹精",所需寵物：公告未另載；所需道具：公告未另載,[查看](https://cg.originmood.com/NewsContent/zh_TW/mlbb_news_10104.html)
2023-08-08～2023-09-09,2023-08-07,改造的巔峰藝術 紅翼奇美拉的崛起,NPC：裘瑟貝（法蘭城 195.67）,Lv1布雷歐,布雷歐設計圖ABCDE*1,Lv1改造布雷歐,Lv1布雷歐 ＋ 布雷歐設計圖ABCDE×1 ＝ Lv1改造布雷歐,所需寵物：公告未另載；所需道具：公告未另載,[查看](https://cg.originmood.com/NewsContent/zh_TW/mlbb_news_10084.html)
2023-08-08～2023-09-09,2023-08-07,改造的巔峰藝術 紅翼奇美拉的崛起,NPC：奇美拉重生研究員（魔法大學研究所 31.5）,任意等級的紅翼奇美拉,轉生火蛋殼*1,Lv1改造布雷歐,任意等級的紅翼奇美拉 ＋ 轉生火蛋殼×1 ＝ Lv1改造布雷歐,所需寵物：前置合成：任意等級的改造布雷歐 ＋ 浴火雛菊×1 ＝ / ├ Lv1改造布雷歐（概率95%） / └ Lv1紅翼奇美拉（概率5%）；所需道具：公告未另載,[查看](https://cg.originmood.com/NewsContent/zh_TW/mlbb_news_10084.html)
2023-08-08～2023-09-09,2023-08-07,改造的巔峰藝術 紅翼奇美拉的崛起,NPC：奇美拉研究員（魔法大學研究所 32.6）,任意等級的改造布雷歐,浴火雛菊*1,Lv1改造布雷歐（概率95%） Lv1紅翼奇美拉（概率5%）,任意等級的改造布雷歐 ＋ 浴火雛菊×1 ＝ / ├ Lv1改造布雷歐（概率95%） / └ Lv1紅翼奇美拉（概率5%）,所需寵物：前置合成：Lv1布雷歐 ＋ 布雷歐設計圖ABCDE×1 ＝ Lv1改造布雷歐；所需道具：公告未另載,[查看](https://cg.originmood.com/NewsContent/zh_TW/mlbb_news_10084.html)
未載明（公告日 2023-07-27）,2023-07-27,22週年慶第一彈,NPC：奇奇卡(精靈城寵物店15，6）,任意等級的赤炎黃蜂,變異之源*3 22週年黃蜂基因*10 精靈王契約*50 100000G金幣,Lv1 22週年黃蜂,"任意等級的赤炎黃蜂 ＋ 變異之源×3 22週年黃蜂基因×10 ＋ 精靈王契約×50 ＋ 金幣100,000G ＝ Lv1 22週年黃蜂",所需寵物：公告未另載；所需道具：公告未另載,[查看](https://cg.originmood.com/NewsContent/zh_TW/mlbb_news_9994.html)
未載明（公告日 2023-07-27）,2023-07-27,22週年慶第一彈,NPC：奇奇卡(精靈城寵物店15，6）,任意等級的櫻花螳螂,變異之源*3 22週年螳螂基因*10 精靈王契約*50 100000G金幣,Lv1 22週年螳螂,"任意等級的櫻花螳螂 ＋ 變異之源×3 22週年螳螂基因×10 ＋ 精靈王契約×50 ＋ 金幣100,000G ＝ Lv1 22週年螳螂",所需寵物：公告未另載；所需道具：公告未另載,[查看](https://cg.originmood.com/NewsContent/zh_TW/mlbb_news_9994.html)
未載明（公告日 2023-07-27）,2023-07-27,22週年慶第一彈,NPC：奇奇卡(精靈城寵物店15，6）,任意等級的暗黑水龍蜥,變異之源*3 22週年水龍蜥基因*10 精靈王契約*50 100000G金幣,Lv1 22週年水龍蜥,"任意等級的暗黑水龍蜥 ＋ 變異之源×3 22週年水龍蜥基因×10 ＋ 精靈王契約×50 ＋ 金幣100,000G ＝ Lv1 22週年水龍蜥",所需寵物：公告未另載；所需道具：公告未另載,[查看](https://cg.originmood.com/NewsContent/zh_TW/mlbb_news_9994.html)
未載明（公告日 2023-07-20）,2023-07-20,被詛咒的魔靈 神隱魔偶之謎,NPC：奇奇卡(精靈城寵物店15，6）,Lv1巨錘魔偶,變異之源*3 神隱之帽*10 精靈王契約*50 100000G金幣,Lv1神隱魔偶,"Lv1巨錘魔偶 ＋ 變異之源×3 ＋ 神隱之帽×10 ＋ 精靈王契約×50 ＋ 金幣100,000G ＝ Lv1神隱魔偶",所需寵物：公告未另載；所需道具：公告未另載,[查看](https://cg.originmood.com/NewsContent/zh_TW/mlbb_news_9954.html)
2023-07-07～2023-08-08,2023-07-07,魔族改造人 不死暗醫登場,NPC：黑暗醫生福爾（魔法大學研究所 25.37）,任意等級的暗醫阿魯巴斯,轉生手術刀*1,Lv1阿魯巴斯克隆體,任意等級的暗醫阿魯巴斯 ＋ 轉生手術刀×1 ＝ Lv1阿魯巴斯克隆體,所需寵物：前置合成：任意等級的阿魯巴斯克隆體 ＋ 超級手術刀×1 ＝ / ├ Lv1阿魯巴斯克隆體（概率95%） / └ Lv1暗醫阿魯巴斯（概率5%）；所需道具：公告未另載,[查看](https://cg.originmood.com/NewsContent/zh_TW/mlbb_news_9844.html)
2023-07-07～2023-08-08,2023-07-07,魔族改造人 不死暗醫登場,NPC：黑暗醫生哈利貝瑞（魔法大學研究所 25.38）,任意等級的阿魯巴斯克隆體,超級手術刀*1,Lv1阿魯巴斯克隆體（概率95%） Lv1暗醫阿魯巴斯（概率5%）,任意等級的阿魯巴斯克隆體 ＋ 超級手術刀×1 ＝ / ├ Lv1阿魯巴斯克隆體（概率95%） / └ Lv1暗醫阿魯巴斯（概率5%）,所需寵物：前置合成：Lv阿魯巴斯 ＋ 阿魯巴斯克隆體設計圖ABCDE×1 ＝ Lv1阿魯巴斯克隆體；所需道具：向 NPC：黑暗醫生萊克門（魔法大學研究所 24.37） 交付 任意等級的阿魯巴斯＋/ 取得：超級手術刀*5,[查看](https://cg.originmood.com/NewsContent/zh_TW/mlbb_news_9844.html)
2023-07-07～2023-08-08,2023-07-07,魔族改造人 不死暗醫登場,NPC：裘瑟貝（法蘭城 195.67）,Lv阿魯巴斯,阿魯巴斯克隆體設計圖ABCDE*1,Lv1阿魯巴斯克隆體,Lv阿魯巴斯 ＋ 阿魯巴斯克隆體設計圖ABCDE×1 ＝ Lv1阿魯巴斯克隆體,所需寵物：公告未另載；所需道具：公告未另載,[查看](https://cg.originmood.com/NewsContent/zh_TW/mlbb_news_9844.html)
未載明（公告日 2023-07-06）,2023-07-06,海洋之誓 美人魚之旅,NPC：荷拉斯博士(研究員的休息室10，6）,Lv1水母霸王,變異之源*7 海洋變異能量塊*100,Lv1雷暴娃娃水母,Lv1水母霸王 ＋ 變異之源×7 ＋ 海洋變異能量塊×100 ＝ Lv1雷暴娃娃水母,所需寵物：公告未另載；所需道具：公告未另載,[查看](https://cg.originmood.com/NewsContent/zh_TW/mlbb_news_9834.html)
未載明（公告日 2023-07-06）,2023-07-06,海洋之誓 美人魚之旅,NPC：維爾戈博士(研究員的休息室11，10）,Lv1水母霸王,水母再生結晶*1,Lv1雷暴娃娃水母,Lv1水母霸王 ＋ 水母再生結晶×1 ＝ Lv1雷暴娃娃水母,所需寵物：公告未另載；所需道具：公告未另載,[查看](https://cg.originmood.com/NewsContent/zh_TW/mlbb_news_9834.html)
未載明（公告日 2023-07-06）,2023-07-06,海洋之誓 美人魚之旅,NPC：奇奇卡(精靈城寵物店15，6）,Lv1小魚仙,變異之源*3 琴韻徽章*10 精靈王契約*50 100000G金幣,Lv1琴韻海妖,"Lv1小魚仙 ＋ 變異之源×3 ＋ 琴韻徽章×10 ＋ 精靈王契約×50 ＋ 金幣100,000G ＝ Lv1琴韻海妖",所需寵物：公告未另載；所需道具：公告未另載,[查看](https://cg.originmood.com/NewsContent/zh_TW/mlbb_news_9834.html)
未載明（公告日 2023-06-21）,2023-06-21,端午戰龍王 龍祖山激鬥,NPC：愛卡勒恩(寵物研究所大廳 15.14）,Lv100的樹精,古代巨櫻種子*3 閃耀變異之源*10 精靈王契約*100 100000G金幣,Lv1古代巨櫻樹王,"Lv100的樹精 ＋ 古代巨櫻種子×3 ＋ 閃耀變異之源×10 ＋ 精靈王契約×100 ＋ 金幣100,000G ＝ Lv1古代巨櫻樹王",所需寵物：公告未另載；所需道具：當期寶盒／活動抽取：古代巨櫻種子（3.5%）,[查看](https://cg.originmood.com/NewsContent/zh_TW/mlbb_news_9754.html)
未載明（公告日 2023-06-21）,2023-06-21,端午戰龍王 龍祖山激鬥,NPC：奇奇卡(精靈城寵物店15，6）,任意等級的暗裔龍祖,閃耀變異之源*3 暗裔覺醒*10 精靈王契約*50 100000G金幣,Lv1暗裔龍王,"任意等級的暗裔龍祖 ＋ 閃耀變異之源×3 ＋ 暗裔覺醒×10 ＋ 精靈王契約×50 ＋ 金幣100,000G ＝ Lv1暗裔龍王",所需寵物：公告未另載；所需道具：公告未另載,[查看](https://cg.originmood.com/NewsContent/zh_TW/mlbb_news_9754.html)
未載明（公告日 2023-06-21）,2023-06-21,端午戰龍王 龍祖山激鬥,NPC：奇奇卡(精靈城寵物店15，6）,Lv1口袋龍,變異之源*3 元素感知*10 精靈王契約*50 100000G金幣,Lv1反轉袋龍,"Lv1口袋龍 ＋ 變異之源×3 ＋ 元素感知×10 ＋ 精靈王契約×50 ＋ 金幣100,000G ＝ Lv1反轉袋龍",所需寵物：公告未另載；所需道具：公告未另載,[查看](https://cg.originmood.com/NewsContent/zh_TW/mlbb_news_9754.html)
2023-06-15～2023-06-21,2023-06-15,夏日的奇幻之旅 艷陽鼠王與百香公主的相遇,NPC：奇奇卡(精靈城寵物店15，6）,Lv1鼠王,變異之源*3 艷陽傳承*10 精靈王契約*50 100000G金幣,Lv1艷陽鼠王,"Lv1鼠王 ＋ 變異之源×3 ＋ 艷陽傳承×10 ＋ 精靈王契約×50 ＋ 金幣100,000G ＝ Lv1艷陽鼠王",所需寵物：公告未另載；所需道具：公告未另載,[查看](https://cg.originmood.com/NewsContent/zh_TW/mlbb_news_9724.html)
2023-06-15～2023-06-21,2023-06-15,夏日的奇幻之旅 艷陽鼠王與百香公主的相遇,NPC：奇奇卡(精靈城寵物店15，6）,Lv1百香小妖,變異之源*3 百香精華*10 精靈王契約*50 100000G金幣,Lv1百香公主,"Lv1百香小妖 ＋ 變異之源×3 ＋ 百香精華×10 ＋ 精靈王契約×50 ＋ 金幣100,000G ＝ Lv1百香公主",所需寵物：公告未另載；所需道具：公告未另載,[查看](https://cg.originmood.com/NewsContent/zh_TW/mlbb_news_9724.html)
2023-06-06～2023-07-07,2023-06-05,冠絕天際 龍威鎮魔界,NPC：裘瑟貝（法蘭城 195.67）,Lv達哈卡,九頭巨蛇設計圖ABCDE*1,Lv1九頭巨蛇,Lv達哈卡 ＋ 九頭巨蛇設計圖ABCDE×1 ＝ Lv1九頭巨蛇,所需寵物：公告未另載；所需道具：公告未另載,[查看](https://cg.originmood.com/NewsContent/zh_TW/mlbb_news_9654.html)
2023-06-06～2023-07-07,2023-06-05,冠絕天際 龍威鎮魔界,NPC：蛟龍使（魔法大學研究所 35.29）,任意等級的喪屍魔龍,轉生蛇毒*1,Lv1九頭巨蛇,任意等級的喪屍魔龍 ＋ 轉生蛇毒×1 ＝ Lv1九頭巨蛇,所需寵物：前置合成：任意等級的九頭巨蛇 ＋ 化龍泉水×1 ＝ / ├ Lv1九頭巨蛇（概率95%） / └ Lv1喪屍魔龍（概率5%）；所需道具：公告未另載,[查看](https://cg.originmood.com/NewsContent/zh_TW/mlbb_news_9654.html)
2023-06-06～2023-07-07,2023-06-05,冠絕天際 龍威鎮魔界,NPC：蛟魂使（魔法大學研究所 34.28）,任意等級的九頭巨蛇,化龍泉水*1,Lv1九頭巨蛇（概率95%） Lv1喪屍魔龍（概率5%）,任意等級的九頭巨蛇 ＋ 化龍泉水×1 ＝ / ├ Lv1九頭巨蛇（概率95%） / └ Lv1喪屍魔龍（概率5%）,所需寵物：前置合成：Lv達哈卡 ＋ 九頭巨蛇設計圖ABCDE×1 ＝ Lv1九頭巨蛇；所需道具：向 NPC：蛟龍祭司（魔法大學研究所 33.28） 交付 任意等級的九頭巨蛇＋/ 取得：化龍泉水*5,[查看](https://cg.originmood.com/NewsContent/zh_TW/mlbb_news_9654.html)
未載明（公告日 2023-06-01）,2023-06-01,炎熱夏至 甜蜜律動蜜瓜公主,NPC：奇奇卡(精靈城寵物店15，6）,Lv1蜜瓜小妖,變異之源*3 蜜瓜精華*10 精靈王契約*50 100000G金幣,Lv1蜜瓜公主,"Lv1蜜瓜小妖 ＋ 變異之源×3 ＋ 蜜瓜精華×10 ＋ 精靈王契約×50 ＋ 金幣100,000G ＝ Lv1蜜瓜公主",所需寵物：公告未另載；所需道具：公告未另載,[查看](https://cg.originmood.com/NewsContent/zh_TW/mlbb_news_9624.html)
2023-05-25～2023-06-01,2023-05-25,《魔力寶貝：永恆初心》二週年最終彈,NPC：悠米(精靈城寵物店地下一樓 28.19）,任意等級的聖劍,聖劍再生結晶*1 金幣20000G,Lv1聖劍,"任意等級的聖劍 ＋ 聖劍再生結晶×1 ＋ 金幣20,000G ＝ Lv1聖劍","所需寵物：前置合成：Lv1隕星之刃或 Lv1冰霜之刃或 Lv1滅魔之刃或 Lv1碧空之刃 ＋ 變異之源×3 ＋ 聖晶石×10 ＋ 精靈王契約×100 ＋ 金幣100,000G ＝ Lv1聖劍；所需道具：公告未另載",[查看](https://cg.originmood.com/NewsContent/zh_TW/mlbb_news_9584.html)
2023-05-25～2023-06-01,2023-05-25,《魔力寶貝：永恆初心》二週年最終彈,NPC：奇奇卡(精靈城寵物店 15.6）,Lv1隕星之刃,變異之源*3 聖晶石*10 精靈王契約*100 100000G金幣,Lv1聖劍,"Lv1隕星之刃 ＋ 變異之源×3 ＋ 聖晶石×10 ＋ 精靈王契約×100 ＋ 金幣100,000G ＝ Lv1聖劍",所需寵物：公告未另載；所需道具：公告未另載,[查看](https://cg.originmood.com/NewsContent/zh_TW/mlbb_news_9584.html)
2023-05-25～2023-06-01,2023-05-25,《魔力寶貝：永恆初心》二週年最終彈,NPC：奇奇卡(精靈城寵物店 15.6）,Lv1冰霜之刃,變異之源*3 聖晶石*10 精靈王契約*100 100000G金幣,Lv1聖劍,"Lv1冰霜之刃 ＋ 變異之源×3 ＋ 聖晶石×10 ＋ 精靈王契約×100 ＋ 金幣100,000G ＝ Lv1聖劍",所需寵物：公告未另載；所需道具：公告未另載,[查看](https://cg.originmood.com/NewsContent/zh_TW/mlbb_news_9584.html)
2023-05-25～2023-06-01,2023-05-25,《魔力寶貝：永恆初心》二週年最終彈,NPC：奇奇卡(精靈城寵物店 15.6）,Lv1滅魔之刃,變異之源*3 聖晶石*10 精靈王契約*100 100000G金幣,Lv1聖劍,"Lv1滅魔之刃 ＋ 變異之源×3 ＋ 聖晶石×10 ＋ 精靈王契約×100 ＋ 金幣100,000G ＝ Lv1聖劍",所需寵物：公告未另載；所需道具：公告未另載,[查看](https://cg.originmood.com/NewsContent/zh_TW/mlbb_news_9584.html)
2023-05-25～2023-06-01,2023-05-25,《魔力寶貝：永恆初心》二週年最終彈,NPC：奇奇卡(精靈城寵物店 15.6）,Lv1碧空之刃,變異之源*3 聖晶石*10 精靈王契約*100 100000G金幣,Lv1聖劍,"Lv1碧空之刃 ＋ 變異之源×3 ＋ 聖晶石×10 ＋ 精靈王契約×100 ＋ 金幣100,000G ＝ Lv1聖劍",所需寵物：公告未另載；所需道具：公告未另載,[查看](https://cg.originmood.com/NewsContent/zh_TW/mlbb_news_9584.html)
2023-05-11～2023-05-18,2023-05-11,《魔力寶貝：永恆初心》二週年第二彈,NPC：悠米(精靈城寵物店地下一樓 28.19）,任意等級的魔劍,魔劍再生結晶*1 金幣20000G,Lv1魔劍,"任意等級的魔劍 ＋ 魔劍再生結晶×1 ＋ 金幣20,000G ＝ Lv1魔劍","所需寵物：前置合成：Lv1裁岩劍或 Lv1霧雨劍或 Lv1赤炎劍或 Lv1疾風劍 ＋ 變異之源×3 ＋ 魔晶石×10 ＋ 精靈王契約×100 ＋ 金幣100,000G ＝ Lv1魔劍；所需道具：公告未另載",[查看](https://cg.originmood.com/NewsContent/zh_TW/mlbb_news_9524.html)
2023-05-11～2023-05-18,2023-05-11,《魔力寶貝：永恆初心》二週年第二彈,NPC：奇奇卡(精靈城寵物店 15.6）,Lv1裁岩劍,變異之源*3 魔晶石*10 精靈王契約*100 100000G金幣,Lv1魔劍,"Lv1裁岩劍 ＋ 變異之源×3 ＋ 魔晶石×10 ＋ 精靈王契約×100 ＋ 金幣100,000G ＝ Lv1魔劍",所需寵物：公告未另載；所需道具：公告未另載,[查看](https://cg.originmood.com/NewsContent/zh_TW/mlbb_news_9524.html)
2023-05-11～2023-05-18,2023-05-11,《魔力寶貝：永恆初心》二週年第二彈,NPC：奇奇卡(精靈城寵物店 15.6）,Lv1霧雨劍,變異之源*3 魔晶石*10 精靈王契約*100 100000G金幣,Lv1魔劍,"Lv1霧雨劍 ＋ 變異之源×3 ＋ 魔晶石×10 ＋ 精靈王契約×100 ＋ 金幣100,000G ＝ Lv1魔劍",所需寵物：公告未另載；所需道具：公告未另載,[查看](https://cg.originmood.com/NewsContent/zh_TW/mlbb_news_9524.html)
2023-05-11～2023-05-18,2023-05-11,《魔力寶貝：永恆初心》二週年第二彈,NPC：奇奇卡(精靈城寵物店 15.6）,Lv1赤炎劍,變異之源*3 魔晶石*10 精靈王契約*100 100000G金幣,Lv1魔劍,"Lv1赤炎劍 ＋ 變異之源×3 ＋ 魔晶石×10 ＋ 精靈王契約×100 ＋ 金幣100,000G ＝ Lv1魔劍",所需寵物：公告未另載；所需道具：公告未另載,[查看](https://cg.originmood.com/NewsContent/zh_TW/mlbb_news_9524.html)
2023-05-11～2023-05-18,2023-05-11,《魔力寶貝：永恆初心》二週年第二彈,NPC：奇奇卡(精靈城寵物店 15.6）,Lv1疾風劍,變異之源*3 魔晶石*10 精靈王契約*100 100000G金幣,Lv1魔劍,"Lv1疾風劍 ＋ 變異之源×3 ＋ 魔晶石×10 ＋ 精靈王契約×100 ＋ 金幣100,000G ＝ Lv1魔劍",所需寵物：公告未另載；所需道具：公告未另載,[查看](https://cg.originmood.com/NewsContent/zh_TW/mlbb_news_9524.html)
2023-05-05～2023-06-06,2023-04-29,《魔力寶貝：永恆初心》二週年活動盛大開啟,NPC：聖龍術士（魔法大學研究所 30.44）,任意等級的神聖巨龍,轉生龍魂*1,Lv1神聖翼龍,任意等級的神聖巨龍 ＋ 轉生龍魂×1 ＝ Lv1神聖翼龍,所需寵物：前置合成：任意等級的神聖翼龍 ＋ 聖龍血脈×1 ＝ / ├ Lv1神聖翼龍（概率90%） / └ Lv1神聖巨龍（概率10%）；所需道具：當期寶盒／活動抽取：轉生龍魂（4%）,[查看](https://cg.originmood.com/NewsContent/zh_TW/mlbb_news_9464.html)
2023-05-05～2023-06-06,2023-04-29,《魔力寶貝：永恆初心》二週年活動盛大開啟,NPC：聖龍使者（魔法大學研究所 32.44）,任意等級的神聖翼龍,聖龍血脈*1,Lv1神聖翼龍（概率90%） Lv1神聖巨龍（概率10%）,任意等級的神聖翼龍 ＋ 聖龍血脈×1 ＝ / ├ Lv1神聖翼龍（概率90%） / └ Lv1神聖巨龍（概率10%）,所需寵物：公告未另載；所需道具：當期寶盒／活動抽取：聖龍血脈（9%）、向 服務員（魔法大學公會 28.16） 以 轉生龍魂*1 兌換：聖龍血脈*2,[查看](https://cg.originmood.com/NewsContent/zh_TW/mlbb_news_9464.html)
2023-05-05～2023-06-03,2023-04-29,《魔力寶貝：永恆初心》二週年活動盛大開啟,NPC：尾狐長老(里謝里雅堡 46.78）,Lv70七尾狐,七尾狐之契*1 尾狐細胞*40,Lv1九尾狐,Lv70七尾狐 ＋ 七尾狐之契×1 ＋ 尾狐細胞×40 ＝ Lv1九尾狐,所需寵物：前置合成：Lv50五尾狐 ＋ 五尾狐之契×1 ＋ 尾狐細胞×30 ＝ Lv1七尾狐；所需道具：公告未另載,[查看](https://cg.originmood.com/NewsContent/zh_TW/mlbb_news_9464.html)
2023-05-05～2023-06-03,2023-04-29,《魔力寶貝：永恆初心》二週年活動盛大開啟,NPC：尾狐長老(里謝里雅堡 46.78）,Lv50五尾狐,五尾狐之契*1 尾狐細胞*30,Lv1七尾狐,Lv50五尾狐 ＋ 五尾狐之契×1 ＋ 尾狐細胞×30 ＝ Lv1七尾狐,所需寵物：前置合成：Lv30三尾狐 ＋ 三尾狐之契×1 ＋ 尾狐細胞×20 ＝ Lv1五尾狐；所需道具：公告未另載,[查看](https://cg.originmood.com/NewsContent/zh_TW/mlbb_news_9464.html)
2023-05-05～2023-06-03,2023-04-29,《魔力寶貝：永恆初心》二週年活動盛大開啟,NPC：尾狐長老(里謝里雅堡 46.78）,Lv30三尾狐,三尾狐之契*1 尾狐細胞*20,Lv1五尾狐,Lv30三尾狐 ＋ 三尾狐之契×1 ＋ 尾狐細胞×20 ＝ Lv1五尾狐,所需寵物：前置合成：Lv10一尾狐 ＋ 一尾狐之契×1 ＋ 尾狐細胞×10 ＝ Lv1三尾狐；所需道具：公告未另載,[查看](https://cg.originmood.com/NewsContent/zh_TW/mlbb_news_9464.html)
2023-05-05～2023-06-03,2023-04-29,《魔力寶貝：永恆初心》二週年活動盛大開啟,NPC：尾狐長老(里謝里雅堡 46.78）,Lv10一尾狐,一尾狐之契*1 尾狐細胞*10,Lv1三尾狐,Lv10一尾狐 ＋ 一尾狐之契×1 ＋ 尾狐細胞×10 ＝ Lv1三尾狐,所需寵物：公告未另載；所需道具：公告未另載,[查看](https://cg.originmood.com/NewsContent/zh_TW/mlbb_news_9464.html)
2023-05-05～2023-05-11,2023-04-29,《魔力寶貝：永恆初心》二週年活動盛大開啟,NPC：寵物研究所的愛卡勒恩(法蘭城 116.75）,Lv1冰精靈,水元素之卵*3 閃耀變異之源*10 精靈王契約*100 50000G金幣,Lv1海洋元素使,"Lv1冰精靈 ＋ 水元素之卵×3 ＋ 閃耀變異之源×10 ＋ 精靈王契約×100 ＋ 金幣50,000G ＝ Lv1海洋元素使",所需寵物：公告未另載；所需道具：公告未另載,[查看](https://cg.originmood.com/NewsContent/zh_TW/mlbb_news_9464.html)
2023-05-05～2023-06-03,2023-04-29,《魔力寶貝：永恆初心》二週年活動盛大開啟,NPC：九尾狐長老(里謝里雅堡 46.76）,Lv1九尾狐,返祖之珠*1 變異之源*10,Lv1銀狐（概率5%） Lv1九尾狐（概率95%）,Lv1九尾狐 ＋ 返祖之珠×1 ＋ 變異之源×10 ＝ / ├ Lv1銀狐（概率5%） / └ Lv1九尾狐（概率95%）,所需寵物：前置合成：Lv70七尾狐 ＋ 七尾狐之契×1 ＋ 尾狐細胞×40 ＝ Lv1九尾狐；所需道具：公告未另載,[查看](https://cg.originmood.com/NewsContent/zh_TW/mlbb_news_9464.html)
未載明（公告日 2023-04-27）,2023-04-27,強襲之心 永無止境,NPC：奇奇卡(精靈城寵物店15，6）,Lv1強襲地雷,變異之源*3 強襲核心*10 精靈王契約*50 100000G金幣,Lv1強襲機甲AEX,"Lv1強襲地雷 ＋ 變異之源×3 ＋ 強襲核心×10 ＋ 精靈王契約×50 ＋ 金幣100,000G ＝ Lv1強襲機甲AEX",所需寵物：公告未另載；所需道具：公告未另載,[查看](https://cg.originmood.com/NewsContent/zh_TW/mlbb_news_9444.html)
未載明（公告日 2023-04-13）,2023-04-13,速通星辰塔 智鬥機甲巨獸,NPC：奇奇卡(精靈城寵物店15，6）,Lv1閃光地雷,變異之源*3 閃光核心*10 精靈王契約*50 100000G金幣,Lv1閃光機甲AEX,"Lv1閃光地雷 ＋ 變異之源×3 ＋ 閃光核心×10 ＋ 精靈王契約×50 ＋ 金幣100,000G ＝ Lv1閃光機甲AEX",所需寵物：公告未另載；所需道具：公告未另載,[查看](https://cg.originmood.com/NewsContent/zh_TW/mlbb_news_9294.html)
未載明（公告日 2023-04-04）,2023-04-04,神之使者 天使降臨,NPC：神祇術士（魔法大學研究所 34.26）,任意等級的天使路西法,轉生之羽*1,Lv1光明天使,任意等級的天使路西法 ＋ 轉生之羽×1 ＝ Lv1光明天使,所需寵物：前置合成：任意等級的光明天使 ＋ 天使之羽×1 ＝ / ├ Lv1光明天使（概率90%） / └ Lv1天使路西法（概率10%）；所需道具：當期寶盒／活動抽取：轉生之羽（4%）,[查看](https://cg.originmood.com/NewsContent/zh_TW/mlbb_news_9264.html)
未載明（公告日 2023-04-04）,2023-04-04,神之使者 天使降臨,NPC：神祇研究員（魔法大學研究所 33.25）,任意等級的光明天使,天使之羽*1,Lv1光明天使（概率90%） Lv1天使路西法（概率10%）,任意等級的光明天使 ＋ 天使之羽×1 ＝ / ├ Lv1光明天使（概率90%） / └ Lv1天使路西法（概率10%）,所需寵物：公告未另載；所需道具：當期寶盒／活動抽取：天使之羽（20%）,[查看](https://cg.originmood.com/NewsContent/zh_TW/mlbb_news_9264.html)
2023-03-30～2023-04-27,2023-03-29,不屈意志 來自地獄的怒吼,NPC：奇奇卡(精靈城寵物店15，6）,任意等級的天狼星,變異之源*3 地獄火*10 精靈王契約*50 100000G金幣,Lv1地獄星,"任意等級的天狼星 ＋ 變異之源×3 ＋ 地獄火×10 ＋ 精靈王契約×50 ＋ 金幣100,000G ＝ Lv1地獄星",所需寵物：公告未另載；所需道具：公告未另載,[查看](https://cg.originmood.com/NewsContent/zh_TW/mlbb_news_9214.html)
未載明（公告日 2023-03-16）,2023-03-16,鬼焰燎原 冥府之主霸氣降臨,NPC：奇奇卡(精靈城寵物店15，6）,Lv1冥界騎士,變異之源*3 冥界單劍*10 精靈王契約*100 100000G金幣,Lv1冥府之主,"Lv1冥界騎士 ＋ 變異之源×3 ＋ 冥界單劍×10 ＋ 精靈王契約×100 ＋ 金幣100,000G ＝ Lv1冥府之主",所需寵物：公告未另載；所需道具：公告未另載,[查看](https://cg.originmood.com/NewsContent/zh_TW/mlbb_news_9184.html)
未載明（公告日 2023-03-15）,2023-03-15,連破競速賽 勇奪珍稀豪禮,NPC：雪歌妮(精靈城寵物店8，8）,Lv1螳螂,飛刃螳螂設計圖*ABCDE 100000G金幣,Lv1飛刃螳螂,"Lv1螳螂 ＋ 飛刃螳螂設計圖×ABCDE ＋ 金幣100,000G ＝ Lv1飛刃螳螂",所需寵物：公告未另載；所需道具：公告未另載,[查看](https://cg.originmood.com/NewsContent/zh_TW/mlbb_news_9174.html)
2023-03-03～2023-04-04,2023-03-03,霸天巨獸 牛鬼領主,NPC：牛族先知（魔法大學研究所 18.32）,任意等級的煉獄牛頭怪,領主之魂*1,Lv1煉獄牛頭怪（概率90%） Lv1火焰牛鬼領主（概率10%）,任意等級的煉獄牛頭怪 ＋ 領主之魂×1 ＝ / ├ Lv1煉獄牛頭怪（概率90%） / └ Lv1火焰牛鬼領主（概率10%）,所需寵物：公告未另載；所需道具：當期寶盒／活動抽取：領主之魂（20%）,[查看](https://cg.originmood.com/NewsContent/zh_TW/mlbb_news_9144.html)
2023-03-03～2023-04-04,2023-03-03,霸天巨獸 牛鬼領主,NPC：牛族先知（魔法大學研究所 18.32）,任意等級的烈風牛魔王,領主之魂*1,Lv1烈風牛魔王（概率90%） Lv1烈風牛鬼領主（概率10%）,任意等級的烈風牛魔王 ＋ 領主之魂×1 ＝ / ├ Lv1烈風牛魔王（概率90%） / └ Lv1烈風牛鬼領主（概率10%）,所需寵物：公告未另載；所需道具：當期寶盒／活動抽取：領主之魂（20%）,[查看](https://cg.originmood.com/NewsContent/zh_TW/mlbb_news_9144.html)
2023-03-03～2023-04-04,2023-03-03,霸天巨獸 牛鬼領主,NPC：牛族先知（魔法大學研究所 18.32）,任意等級的強襲牛鬼,領主之魂*1,Lv1強襲牛鬼（概率90%） Lv1大地牛鬼領主（概率10%）,任意等級的強襲牛鬼 ＋ 領主之魂×1 ＝ / ├ Lv1強襲牛鬼（概率90%） / └ Lv1大地牛鬼領主（概率10%）,所需寵物：公告未另載；所需道具：當期寶盒／活動抽取：領主之魂（20%）,[查看](https://cg.originmood.com/NewsContent/zh_TW/mlbb_news_9144.html)
2023-03-03～2023-04-04,2023-03-03,霸天巨獸 牛鬼領主,NPC：牛族先知（魔法大學研究所 18.32）,任意等級的寒冰牛魔王,領主之魂*1,Lv1寒冰牛魔王（概率90%） Lv1寒冰牛鬼領主（概率10%）,任意等級的寒冰牛魔王 ＋ 領主之魂×1 ＝ / ├ Lv1寒冰牛魔王（概率90%） / └ Lv1寒冰牛鬼領主（概率10%）,所需寵物：公告未另載；所需道具：當期寶盒／活動抽取：領主之魂（20%）,[查看](https://cg.originmood.com/NewsContent/zh_TW/mlbb_news_9144.html)
2023-03-03～2023-04-04,2023-03-03,霸天巨獸 牛鬼領主,NPC：牛族先知（魔法大學研究所 18.30）,任意等級的烈風牛鬼領主,轉生之魂*1,Lv1烈風牛魔王,任意等級的烈風牛鬼領主 ＋ 轉生之魂×1 ＝ Lv1烈風牛魔王,所需寵物：前置合成：任意等級的烈風牛魔王 ＋ 領主之魂×1 ＝ / ├ Lv1烈風牛魔王（概率90%） / └ Lv1烈風牛鬼領主（概率10%）；所需道具：當期寶盒／活動抽取：轉生之魂（4%）,[查看](https://cg.originmood.com/NewsContent/zh_TW/mlbb_news_9144.html)
2023-03-03～2023-04-04,2023-03-03,霸天巨獸 牛鬼領主,NPC：牛族先知（魔法大學研究所 18.30）,任意等級的火焰牛鬼領主,轉生之魂*1,Lv1煉獄牛魔王,任意等級的火焰牛鬼領主 ＋ 轉生之魂×1 ＝ Lv1煉獄牛魔王,所需寵物：前置合成：任意等級的煉獄牛頭怪 ＋ 領主之魂×1 ＝ / ├ Lv1煉獄牛頭怪（概率90%） / └ Lv1火焰牛鬼領主（概率10%）；所需道具：當期寶盒／活動抽取：轉生之魂（4%）,[查看](https://cg.originmood.com/NewsContent/zh_TW/mlbb_news_9144.html)
2023-03-03～2023-04-04,2023-03-03,霸天巨獸 牛鬼領主,NPC：牛族先知（魔法大學研究所 18.30）,任意等級的寒冰牛鬼領主,轉生之魂*1,Lv1寒冰牛魔王,任意等級的寒冰牛鬼領主 ＋ 轉生之魂×1 ＝ Lv1寒冰牛魔王,所需寵物：前置合成：任意等級的寒冰牛魔王 ＋ 領主之魂×1 ＝ / ├ Lv1寒冰牛魔王（概率90%） / └ Lv1寒冰牛鬼領主（概率10%）；所需道具：當期寶盒／活動抽取：轉生之魂（4%）,[查看](https://cg.originmood.com/NewsContent/zh_TW/mlbb_news_9144.html)
2023-03-03～2023-04-04,2023-03-03,霸天巨獸 牛鬼領主,NPC：牛族先知（魔法大學研究所 18.30）,任意等級的大地牛鬼領主,轉生之魂*1,Lv1強襲牛鬼,任意等級的大地牛鬼領主 ＋ 轉生之魂×1 ＝ Lv1強襲牛鬼,所需寵物：前置合成：任意等級的強襲牛鬼 ＋ 領主之魂×1 ＝ / ├ Lv1強襲牛鬼（概率90%） / └ Lv1大地牛鬼領主（概率10%）；所需道具：當期寶盒／活動抽取：轉生之魂（4%）,[查看](https://cg.originmood.com/NewsContent/zh_TW/mlbb_news_9144.html)
2023-03-02～2023-03-16,2023-03-02,公主的往事 聖晶之約,NPC：奇奇卡(精靈城寵物店15，6）,Lv1冰原獨角獸,變異之源*3 千年冰魄*10 精靈王契約*50 100000G金幣,Lv1聖晶獨角獸,"Lv1冰原獨角獸 ＋ 變異之源×3 ＋ 千年冰魄×10 ＋ 精靈王契約×50 ＋ 金幣100,000G ＝ Lv1聖晶獨角獸",所需寵物：公告未另載；所需道具：公告未另載,[查看](https://cg.originmood.com/NewsContent/zh_TW/mlbb_news_9134.html)
2023-03-02～2023-03-16,2023-03-02,公主的往事 聖晶之約,NPC：叮叮噹(精靈城寵物店12，10）,任意等級的暴雪魔獸（屬性：水10）,變異之源*1,Lv1暴雪魔獸（屬性：水5火5）,任意等級的暴雪魔獸（屬性：水10） ＋ 變異之源×1 ＝ Lv1暴雪魔獸（屬性：水5火5）,所需寵物：公告未另載；所需道具：公告未另載,[查看](https://cg.originmood.com/NewsContent/zh_TW/mlbb_news_9134.html)
未載明（公告日 2023-02-15）,2023-02-15,探索冰原禁地 直面死亡的氣息,NPC：奇奇卡(精靈城寵物店15，6）,Lv1黃金龍骨,變異之源*3 禁地冰龍魂*10 精靈王契約*50 100000G金幣,Lv1冰霜巨龍,"Lv1黃金龍骨 ＋ 變異之源×3 ＋ 禁地冰龍魂×10 ＋ 精靈王契約×50 ＋ 金幣100,000G ＝ Lv1冰霜巨龍",所需寵物：公告未另載；所需道具：公告未另載,[查看](https://cg.originmood.com/NewsContent/zh_TW/mlbb_news_9084.html)
未載明（公告日 2023-02-15）,2023-02-15,探索冰原禁地 直面死亡的氣息,NPC：奇奇卡(精靈城寵物店15，6）,Lv1毒龍骨,變異之源*3 禁地火龍魂*10 精靈王契約*50 100000G金幣,Lv1炎心真龍,"Lv1毒龍骨 ＋ 變異之源×3 ＋ 禁地火龍魂×10 ＋ 精靈王契約×50 ＋ 金幣100,000G ＝ Lv1炎心真龍",所需寵物：公告未另載；所需道具：公告未另載,[查看](https://cg.originmood.com/NewsContent/zh_TW/mlbb_news_9084.html)
未載明（公告日 2023-02-02）,2023-02-02,兄弟羈絆 一念仙魔,NPC：青仙人（軍方研究所 6.3）,任意等級的鬥神歐茲尼克,洗髓丹*1,Lv1煞氣歐茲尼克,任意等級的鬥神歐茲尼克 ＋ 洗髓丹×1 ＝ Lv1煞氣歐茲尼克,所需寵物：公告未另載；所需道具：公告未另載,[查看](https://cg.originmood.com/NewsContent/zh_TW/mlbb_news_9024.html)
未載明（公告日 2023-02-02）,2023-02-02,兄弟羈絆 一念仙魔,NPC：青仙人（軍方研究所 6.3）,任意等級的修羅歐茲尼克,洗髓丹*1,Lv1煞氣歐茲尼克,任意等級的修羅歐茲尼克 ＋ 洗髓丹×1 ＝ Lv1煞氣歐茲尼克,所需寵物：公告未另載；所需道具：公告未另載,[查看](https://cg.originmood.com/NewsContent/zh_TW/mlbb_news_9024.html)
未載明（公告日 2023-02-02）,2023-02-02,兄弟羈絆 一念仙魔,NPC：青仙人（軍方研究所 6.3）,任意等級的酒仙歐茲那克,洗髓丹*1,Lv1熊霸歐茲那克,任意等級的酒仙歐茲那克 ＋ 洗髓丹×1 ＝ Lv1熊霸歐茲那克,所需寵物：公告未另載；所需道具：公告未另載,[查看](https://cg.originmood.com/NewsContent/zh_TW/mlbb_news_9024.html)
未載明（公告日 2023-02-02）,2023-02-02,兄弟羈絆 一念仙魔,NPC：青仙人（軍方研究所 6.3）,任意等級的羅剎歐茲那克,洗髓丹*1,Lv1熊霸歐茲那克,任意等級的羅剎歐茲那克 ＋ 洗髓丹×1 ＝ Lv1熊霸歐茲那克,所需寵物：公告未另載；所需道具：公告未另載,[查看](https://cg.originmood.com/NewsContent/zh_TW/mlbb_news_9024.html)
未載明（公告日 2023-02-02）,2023-02-02,兄弟羈絆 一念仙魔,NPC：青仙人（軍方研究所 6.3）,任意等級的熊霸歐茲那克,修仙石*1,Lv1熊霸歐茲那克（概率90%） Lv1羅剎歐茲那克（概率8%） Lv1酒仙歐茲那克（概率2%）,任意等級的熊霸歐茲那克 ＋ 修仙石×1 ＝ / ├ Lv1熊霸歐茲那克（概率90%） / ├ Lv1羅剎歐茲那克（概率8%） / └ Lv1酒仙歐茲那克（概率2%）,所需寵物：公告未另載；所需道具：公告未另載,[查看](https://cg.originmood.com/NewsContent/zh_TW/mlbb_news_9024.html)
未載明（公告日 2023-02-02）,2023-02-02,兄弟羈絆 一念仙魔,NPC：青仙人（軍方研究所 6.3）,任意等級的煞氣歐茲尼克,修仙石*1,Lv1煞氣歐茲尼克（概率90%） Lv1鬥神歐茲尼克（概率8%） Lv1修羅歐茲尼克（概率2%）,任意等級的煞氣歐茲尼克 ＋ 修仙石×1 ＝ / ├ Lv1煞氣歐茲尼克（概率90%） / ├ Lv1鬥神歐茲尼克（概率8%） / └ Lv1修羅歐茲尼克（概率2%）,所需寵物：公告未另載；所需道具：公告未另載,[查看](https://cg.originmood.com/NewsContent/zh_TW/mlbb_news_9024.html)
未載明（公告日 2023-01-18）,2023-01-18,新春招財齊拜年,招財貓金（里謝里雅堡46.74）,Lv40百兩招財貓,388,千兩招財貓,Lv40百兩招財貓 ＋ 388 ＝ 千兩招財貓,所需寵物：公告未另載；所需道具：公告未另載,[查看](https://cg.originmood.com/NewsContent/zh_TW/mlbb_news_8984.html)
未載明（公告日 2023-01-18）,2023-01-18,新春招財齊拜年,招財貓金（里謝里雅堡46.74）,Lv1萬兩招財貓,1688,十萬兩招財貓,Lv1萬兩招財貓 ＋ 1688 ＝ 十萬兩招財貓,所需寵物：公告未另載；所需道具：公告未另載,[查看](https://cg.originmood.com/NewsContent/zh_TW/mlbb_news_8984.html)
未載明（公告日 2023-01-18）,2023-01-18,新春招財齊拜年,招財貓金（里謝里雅堡46.74）,Lv1千兩招財貓,888,萬兩招財貓,Lv1千兩招財貓 ＋ 888 ＝ 萬兩招財貓,所需寵物：公告未另載；所需道具：公告未另載,[查看](https://cg.originmood.com/NewsContent/zh_TW/mlbb_news_8984.html)
未載明（公告日 2023-01-18）,2023-01-18,新春招財齊拜年,招財貓金（里謝里雅堡46.74）,Lv1十萬兩招財貓,2888,億萬兩招財貓,Lv1十萬兩招財貓 ＋ 2888 ＝ 億萬兩招財貓,所需寵物：公告未另載；所需道具：公告未另載,[查看](https://cg.originmood.com/NewsContent/zh_TW/mlbb_news_8984.html)
未載明（公告日 2023-01-18）,2023-01-18,新春招財齊拜年,兔年使者（里謝里雅堡41.76）,Lv1兔吉祥,兔吉祥的進化帽*1 兔吉的毛髮*10 10000G金幣,Lv1吉祥癸兔,"Lv1兔吉祥 ＋ 兔吉祥的進化帽×1 ＋ 兔吉的毛髮×10 ＋ 金幣10,000G ＝ Lv1吉祥癸兔",所需寵物：公告未另載；所需道具：公告未另載,[查看](https://cg.originmood.com/NewsContent/zh_TW/mlbb_news_8984.html)
未載明（公告日 2023-01-18）,2023-01-18,新春招財齊拜年,兔年使者（里謝里雅堡41.76）,Lv1兔吉星,兔吉星的進化帽*1 兔吉的毛髮*10 10000G金幣,Lv1吉星癸兔,"Lv1兔吉星 ＋ 兔吉星的進化帽×1 ＋ 兔吉的毛髮×10 ＋ 金幣10,000G ＝ Lv1吉星癸兔",所需寵物：公告未另載；所需道具：公告未另載,[查看](https://cg.originmood.com/NewsContent/zh_TW/mlbb_news_8984.html)
未載明（公告日 2023-01-18）,2023-01-18,新春招財齊拜年,兔年使者（里謝里雅堡41.76）,Lv1兔吉利,兔吉利的進化帽*1 兔吉的毛髮*10 10000G金幣,Lv1吉利癸兔,"Lv1兔吉利 ＋ 兔吉利的進化帽×1 ＋ 兔吉的毛髮×10 ＋ 金幣10,000G ＝ Lv1吉利癸兔",所需寵物：公告未另載；所需道具：公告未另載,[查看](https://cg.originmood.com/NewsContent/zh_TW/mlbb_news_8984.html)
未載明（公告日 2023-01-18）,2023-01-18,新春招財齊拜年,兔年使者（里謝里雅堡41.76）,Lv1兔吉兆,兔吉兆的進化帽*1 兔吉的毛髮*10 10000G金幣,Lv1吉兆癸兔,"Lv1兔吉兆 ＋ 兔吉兆的進化帽×1 ＋ 兔吉的毛髮×10 ＋ 金幣10,000G ＝ Lv1吉兆癸兔",所需寵物：公告未另載；所需道具：公告未另載,[查看](https://cg.originmood.com/NewsContent/zh_TW/mlbb_news_8984.html)
未載明（公告日 2023-01-05）,2023-01-05,勇者派好物 月靈伴你迎新年,NPC：奇奇卡(精靈城寵物店15，6）,Lv1仙靈,變異之源*3 逐月石*10 精靈王契約*100,逐月仙靈,Lv1仙靈 ＋ 變異之源×3 ＋ 逐月石×10 ＋ 精靈王契約×100 ＝ 逐月仙靈,所需寵物：公告未另載；所需道具：公告未另載,[查看](https://cg.originmood.com/NewsContent/zh_TW/mlbb_news_8944.html)
未載明（公告日 2022-12-31）,2022-12-31,新生露比賀新年 火力全開齊冒險,公告未載明,Lv80以上的見習騎士露比,變異之源*30 勇者之心*30,Lv1槍術大師露比,Lv80以上的見習騎士露比 ＋ 變異之源×30 ＋ 勇者之心×30 ＝ Lv1槍術大師露比,所需寵物：公告未另載；所需道具：當期寶盒／活動抽取：勇者之心（10%）,[查看](https://cg.originmood.com/NewsContent/zh_TW/mlbb_news_8914.html)
未載明（公告日 2022-12-31）,2022-12-31,新生露比賀新年 火力全開齊冒險,公告未載明,Lv80以上的見習格鬥家露比,變異之源*30 勇者之心*30,Lv1格鬥大師露比,Lv80以上的見習格鬥家露比 ＋ 變異之源×30 ＋ 勇者之心×30 ＝ Lv1格鬥大師露比,所需寵物：公告未另載；所需道具：當期寶盒／活動抽取：勇者之心（10%）,[查看](https://cg.originmood.com/NewsContent/zh_TW/mlbb_news_8914.html)
未載明（公告日 2022-12-31）,2022-12-31,新生露比賀新年 火力全開齊冒險,公告未載明,Lv80以上的見習戰斧露比,變異之源*30 勇者之心*30,Lv1戰斧大師露比,Lv80以上的見習戰斧露比 ＋ 變異之源×30 ＋ 勇者之心×30 ＝ Lv1戰斧大師露比,所需寵物：公告未另載；所需道具：當期寶盒／活動抽取：勇者之心（10%）,[查看](https://cg.originmood.com/NewsContent/zh_TW/mlbb_news_8914.html)
未載明（公告日 2022-12-31）,2022-12-31,新生露比賀新年 火力全開齊冒險,公告未載明,Lv80以上的見習弓箭手露比,變異之源*30 勇者之心*30,Lv1弓術大師露比,Lv80以上的見習弓箭手露比 ＋ 變異之源×30 ＋ 勇者之心×30 ＝ Lv1弓術大師露比,所需寵物：公告未另載；所需道具：當期寶盒／活動抽取：勇者之心（10%）,[查看](https://cg.originmood.com/NewsContent/zh_TW/mlbb_news_8914.html)
未載明（公告日 2022-12-31）,2022-12-31,新生露比賀新年 火力全開齊冒險,公告未載明,Lv80以上的見習巫師露比,變異之源*30 勇者之心*30,Lv1巫術大師露比,Lv80以上的見習巫師露比 ＋ 變異之源×30 ＋ 勇者之心×30 ＝ Lv1巫術大師露比,所需寵物：公告未另載；所需道具：當期寶盒／活動抽取：勇者之心（10%）,[查看](https://cg.originmood.com/NewsContent/zh_TW/mlbb_news_8914.html)
未載明（公告日 2022-12-31）,2022-12-31,新生露比賀新年 火力全開齊冒險,公告未載明,Lv80以上的見習劍士露比,變異之源*30 勇者之心*30,Lv1劍術大師露比,Lv80以上的見習劍士露比 ＋ 變異之源×30 ＋ 勇者之心×30 ＝ Lv1劍術大師露比,所需寵物：公告未另載；所需道具：當期寶盒／活動抽取：勇者之心（10%）,[查看](https://cg.originmood.com/NewsContent/zh_TW/mlbb_news_8914.html)
未載明（公告日 2022-12-31）,2022-12-31,新生露比賀新年 火力全開齊冒險,公告未載明,Lv40以上的新生露比,露比長槍*1 勇者之心*10,Lv1見習騎士露比,Lv40以上的新生露比 ＋ 露比長槍×1 ＋ 勇者之心×10 ＝ Lv1見習騎士露比,所需寵物：公告未另載；所需道具：當期寶盒／活動抽取：勇者之心（10%）、當期寶盒／活動抽取：露比長槍（16.7%）,[查看](https://cg.originmood.com/NewsContent/zh_TW/mlbb_news_8914.html)
未載明（公告日 2022-12-31）,2022-12-31,新生露比賀新年 火力全開齊冒險,公告未載明,Lv40以上的新生露比,露比甩棍*1 勇者之心*10,Lv1見習格鬥家露比,Lv40以上的新生露比 ＋ 露比甩棍×1 ＋ 勇者之心×10 ＝ Lv1見習格鬥家露比,所需寵物：公告未另載；所需道具：當期寶盒／活動抽取：勇者之心（10%）、當期寶盒／活動抽取：露比甩棍（16.7%）,[查看](https://cg.originmood.com/NewsContent/zh_TW/mlbb_news_8914.html)
未載明（公告日 2022-12-31）,2022-12-31,新生露比賀新年 火力全開齊冒險,公告未載明,Lv40以上的新生露比,露比法杖*1 勇者之心*10,Lv1見習巫師露比,Lv40以上的新生露比 ＋ 露比法杖×1 ＋ 勇者之心×10 ＝ Lv1見習巫師露比,所需寵物：公告未另載；所需道具：當期寶盒／活動抽取：勇者之心（10%）、當期寶盒／活動抽取：露比法杖（16.7%）,[查看](https://cg.originmood.com/NewsContent/zh_TW/mlbb_news_8914.html)
未載明（公告日 2022-12-31）,2022-12-31,新生露比賀新年 火力全開齊冒險,公告未載明,Lv40以上的新生露比,露比手斧*1 勇者之心*10,Lv1見習戰斧露比,Lv40以上的新生露比 ＋ 露比手斧×1 ＋ 勇者之心×10 ＝ Lv1見習戰斧露比,所需寵物：公告未另載；所需道具：當期寶盒／活動抽取：勇者之心（10%）、當期寶盒／活動抽取：露比手斧（16.6%）,[查看](https://cg.originmood.com/NewsContent/zh_TW/mlbb_news_8914.html)
未載明（公告日 2022-12-31）,2022-12-31,新生露比賀新年 火力全開齊冒險,公告未載明,Lv40以上的新生露比,露比巨劍*1 勇者之心*10,Lv1見習劍士露比,Lv40以上的新生露比 ＋ 露比巨劍×1 ＋ 勇者之心×10 ＝ Lv1見習劍士露比,所需寵物：公告未另載；所需道具：當期寶盒／活動抽取：勇者之心（10%）、當期寶盒／活動抽取：露比巨劍（16.7%）,[查看](https://cg.originmood.com/NewsContent/zh_TW/mlbb_news_8914.html)
未載明（公告日 2022-12-31）,2022-12-31,新生露比賀新年 火力全開齊冒險,公告未載明,Lv40以上的新生露比,露比大弓*1 勇者之心*10,Lv1見習弓箭手露比,Lv40以上的新生露比 ＋ 露比大弓×1 ＋ 勇者之心×10 ＝ Lv1見習弓箭手露比,所需寵物：公告未另載；所需道具：當期寶盒／活動抽取：勇者之心（10%）、當期寶盒／活動抽取：露比大弓（16.7%）,[查看](https://cg.originmood.com/NewsContent/zh_TW/mlbb_news_8914.html)
未載明（公告日 2022-12-21）,2022-12-21,聖誕第二彈 聖誕王子,NPC：奇奇卡(精靈城寵物店15，6）,Lv1赤燄,變異之源*3 希望火柴盒*10 精靈王契約*50 金幣100000G,火柴小王子,"Lv1赤燄 ＋ 變異之源×3 ＋ 希望火柴盒×10 ＋ 精靈王契約×50 ＋ 金幣100,000G ＝ 火柴小王子",所需寵物：公告未另載；所需道具：公告未另載,[查看](https://cg.originmood.com/NewsContent/zh_TW/mlbb_news_8854.html)
未載明（公告日 2022-12-21）,2022-12-21,聖誕第二彈 聖誕王子,NPC：奇奇卡(精靈城寵物店15，6）,Lv1碧燄,變異之源*3 希望火柴盒*10 精靈王契約*50 金幣100000G,火柴小王子,"Lv1碧燄 ＋ 變異之源×3 ＋ 希望火柴盒×10 ＋ 精靈王契約×50 ＋ 金幣100,000G ＝ 火柴小王子",所需寵物：公告未另載；所需道具：公告未另載,[查看](https://cg.originmood.com/NewsContent/zh_TW/mlbb_news_8854.html)
未載明（公告日 2022-12-12）,2022-12-12,邪魅的暗夜旅團 咒殺型改造人,公告未載明,山吹,咒殺型山吹設計圖A*1 咒殺型山吹設計圖B*1 咒殺型山吹設計圖C*1 咒殺型山吹設計圖D*1 咒殺型山吹設計圖E*1,咒殺型山吹,山吹 ＋ 咒殺型山吹設計圖A×1 ＋ 咒殺型山吹設計圖B×1 ＋ 咒殺型山吹設計圖C×1 ＋ 咒殺型山吹設計圖D×1 ＋ 咒殺型山吹設計圖E×1 ＝ 咒殺型山吹,所需寵物：當期寶盒／活動抽取：山吹召喚書；所需道具：當期寶盒／活動抽取：咒殺型山吹設計圖A（3%）、咒殺型山吹設計圖B（3%）、咒殺型山吹設計圖C（3%）、咒殺型山吹設計圖D（3%）、咒殺型山吹設計圖E（3%）,[查看](https://cg.originmood.com/NewsContent/zh_TW/mlbb_news_8824.html)
未載明（公告日 2022-12-08）,2022-12-08,聖誕第一彈 精靈花環大聚會,NPC：奇奇卡(精靈城寵物店15，6）,Lv1雪獅,變異之源*3 暴雪花*10 精靈王契約*50,暴雪魔獸,Lv1雪獅 ＋ 變異之源×3 ＋ 暴雪花×10 ＋ 精靈王契約×50 ＝ 暴雪魔獸,所需寵物：公告未另載；所需道具：公告未另載,[查看](https://cg.originmood.com/NewsContent/zh_TW/mlbb_news_8814.html)
未載明（公告日 2022-12-08）,2022-12-08,聖誕第一彈 精靈花環大聚會,NPC：奇奇卡(精靈城寵物店15，6）,Lv1月獅,變異之源*3 蝕月花*10 精靈王契約*50,蝕月炎獸,Lv1月獅 ＋ 變異之源×3 ＋ 蝕月花×10 ＋ 精靈王契約×50 ＝ 蝕月炎獸,所需寵物：公告未另載；所需道具：公告未另載,[查看](https://cg.originmood.com/NewsContent/zh_TW/mlbb_news_8814.html)
未載明（公告日 2022-11-24）,2022-11-24,感恩巡迴禮 仙靈降賜福,NPC：奇奇卡(精靈城寵物店15，6）,Lv1仙靈,變異之源*3 星輝石*10 精靈王契約*100,星輝仙靈,Lv1仙靈 ＋ 變異之源×3 ＋ 星輝石×10 ＋ 精靈王契約×100 ＝ 星輝仙靈,所需寵物：公告未另載；所需道具：公告未另載,[查看](https://cg.originmood.com/NewsContent/zh_TW/mlbb_news_8764.html)
未載明（公告日 2022-11-11）,2022-11-11,至暗君王 撒旦降臨,公告未載明,地獄魔王,魔王撒旦設計圖A*1 魔王撒旦設計圖B*1 魔王撒旦設計圖C*1 魔王撒旦設計圖D*1 魔王撒旦設計圖E*1,魔王撒旦,地獄魔王 ＋ 魔王撒旦設計圖A×1 ＋ 魔王撒旦設計圖B×1 ＋ 魔王撒旦設計圖C×1 ＋ 魔王撒旦設計圖D×1 ＋ 魔王撒旦設計圖E×1 ＝ 魔王撒旦,所需寵物：當期寶盒／活動抽取：地獄魔王召喚書；所需道具：當期寶盒／活動抽取：魔王撒旦設計圖A（3%）、魔王撒旦設計圖B（3%）、魔王撒旦設計圖C（3%）、魔王撒旦設計圖D（3%）、魔王撒旦設計圖E（3%）,[查看](https://cg.originmood.com/NewsContent/zh_TW/mlbb_news_8714.html)
未載明（公告日 2022-10-13）,2022-10-13,《魔力寶貝：永恆初心》精靈大陸活動第二彈,NPC：愛卡勒恩(寵物研究所15，8）,Lv1炎精靈,火元素之卵*3 閃耀變異之源*10 精靈王契約*100,烈焰元素使,Lv1炎精靈 ＋ 火元素之卵×3 ＋ 閃耀變異之源×10 ＋ 精靈王契約×100 ＝ 烈焰元素使,所需寵物：公告未另載；所需道具：當期寶盒／活動抽取：精靈王契約（0.3%）、當期寶盒／活動抽取：精靈王契約（0.6%）,[查看](https://cg.originmood.com/NewsContent/zh_TW/mlbb_news_8484.html)
未載明（公告日 2022-10-09）,2022-10-09,詛咒一族 赤紅與金黃的騎士,公告未載明,猩紅騎士,帕布提斯馬設計圖A*1 帕布提斯馬設計圖B*1 帕布提斯馬設計圖C*1 帕布提斯馬設計圖D*1 帕布提斯馬設計圖E*1,帕布提斯馬,猩紅騎士 ＋ 帕布提斯馬設計圖A×1 ＋ 帕布提斯馬設計圖B×1 ＋ 帕布提斯馬設計圖C×1 ＋ 帕布提斯馬設計圖D×1 ＋ 帕布提斯馬設計圖E×1 ＝ 帕布提斯馬,所需寵物：當期寶盒／活動抽取：猩紅騎士召喚書；所需道具：當期寶盒／活動抽取：帕布提斯馬設計圖A（1.5%）、帕布提斯馬設計圖B（1.5%）、帕布提斯馬設計圖C（1.5%）、帕布提斯馬設計圖D（1.5%）、帕布提斯馬設計圖E（1.5%）,[查看](https://cg.originmood.com/NewsContent/zh_TW/mlbb_news_8464.html)
未載明（公告日 2022-10-09）,2022-10-09,詛咒一族 赤紅與金黃的騎士,公告未載明,死亡騎士,凱法設計圖A*1 凱法設計圖B*1 凱法設計圖C*1 凱法設計圖D*1 凱法設計圖E*1,凱法,死亡騎士 ＋ 凱法設計圖A×1 ＋ 凱法設計圖B×1 ＋ 凱法設計圖C×1 ＋ 凱法設計圖D×1 ＋ 凱法設計圖E×1 ＝ 凱法,所需寵物：當期寶盒／活動抽取：死亡騎士召喚書；所需道具：當期寶盒／活動抽取：凱法設計圖A（1.5%）、凱法設計圖B（1.5%）、凱法設計圖C（1.5%）、凱法設計圖D（1.5%）、凱法設計圖E（1.5%）,[查看](https://cg.originmood.com/NewsContent/zh_TW/mlbb_news_8464.html)
未載明（公告日 2022-09-29）,2022-09-29,《魔力寶貝：永恆初心》慶祝勇者踏足精靈大陸 好禮活動盛大開放,NPC：愛卡勒恩(寵物研究所15，8）,Lv1木精靈,地元素之卵*3 閃耀變異之源*10 精靈王契約*100,大地元素使,Lv1木精靈 ＋ 地元素之卵×3 ＋ 閃耀變異之源×10 ＋ 精靈王契約×100 ＝ 大地元素使,所需寵物：公告未另載；所需道具：公告未另載,[查看](https://cg.originmood.com/NewsContent/zh_TW/mlbb_news_8364.html)
未載明（公告日 2022-09-09）,2022-09-09,再遇失翼之龍 神龍杜瓦的呼喚,公告未載明,大地巨龍,失翼之龍設計圖A*1 失翼之龍設計圖B*1 失翼之龍設計圖C*1 失翼之龍設計圖D*1 失翼之龍設計圖E*1,失翼之龍,大地巨龍 ＋ 失翼之龍設計圖A×1 ＋ 失翼之龍設計圖B×1 ＋ 失翼之龍設計圖C×1 ＋ 失翼之龍設計圖D×1 ＋ 失翼之龍設計圖E×1 ＝ 失翼之龍,所需寵物：當期寶盒／活動抽取：大地巨龍召喚書；所需道具：當期寶盒／活動抽取：失翼之龍設計圖A（3%）、失翼之龍設計圖B（3%）、失翼之龍設計圖C（3%）、失翼之龍設計圖D（3%）、失翼之龍設計圖E（3%）,[查看](https://cg.originmood.com/NewsContent/zh_TW/mlbb_news_8294.html)
未載明（公告日 2022-08-05）,2022-08-05,酒之殿堂的戰神 寒冰牛魔王震撼登場,公告未載明,寒冰牛頭怪,寒冰牛魔王設計圖A*1 寒冰牛魔王設計圖B*1 寒冰牛魔王設計圖C*1 寒冰牛魔王設計圖D*1 寒冰牛魔王設計圖E*1,寒冰牛魔王,寒冰牛頭怪 ＋ 寒冰牛魔王設計圖A×1 ＋ 寒冰牛魔王設計圖B×1 ＋ 寒冰牛魔王設計圖C×1 ＋ 寒冰牛魔王設計圖D×1 ＋ 寒冰牛魔王設計圖E×1 ＝ 寒冰牛魔王,所需寵物：當期寶盒／活動抽取：寒冰牛頭怪召喚書；所需道具：當期寶盒／活動抽取：寒冰牛魔王設計圖A（3%）、寒冰牛魔王設計圖B（3%）、寒冰牛魔王設計圖C（3%）、寒冰牛魔王設計圖D（3%）、寒冰牛魔王設計圖E（3%）,[查看](https://cg.originmood.com/NewsContent/zh_TW/mlbb_news_8033.html)
未載明（公告日 2022-07-07）,2022-07-07,《魔力寶貝：永恆初心》21週年慶第一彈,公告未載明,地獄亡靈,地獄惡魔設計圖A*1 地獄惡魔設計圖B*1 地獄惡魔設計圖C*1 地獄惡魔設計圖D*1 地獄惡魔設計圖E*1,地獄惡魔,地獄亡靈 ＋ 地獄惡魔設計圖A×1 ＋ 地獄惡魔設計圖B×1 ＋ 地獄惡魔設計圖C×1 ＋ 地獄惡魔設計圖D×1 ＋ 地獄惡魔設計圖E×1 ＝ 地獄惡魔,所需寵物：當期寶盒／活動抽取：地獄亡靈召喚書；所需道具：當期寶盒／活動抽取：地獄惡魔設計圖A（3%）、地獄惡魔設計圖B（3%）、地獄惡魔設計圖C（3%）、地獄惡魔設計圖D（3%）、地獄惡魔設計圖E（3%）,[查看](https://cg.originmood.com/NewsContent/zh_TW/mlbb_news_7913.html)
未載明（公告日 2022-06-02）,2022-06-02,鬼魅無頭 沙海將軍來襲,公告未載明,無頭將軍,沙海將軍設計圖A*1 沙海將軍設計圖B*1 沙海將軍設計圖C*1 沙海將軍設計圖D*1 沙海將軍設計圖E*1,沙海將軍,無頭將軍 ＋ 沙海將軍設計圖A×1 ＋ 沙海將軍設計圖B×1 ＋ 沙海將軍設計圖C×1 ＋ 沙海將軍設計圖D×1 ＋ 沙海將軍設計圖E×1 ＝ 沙海將軍,所需寵物：當期寶盒／活動抽取：無頭將軍召喚書；所需道具：當期寶盒／活動抽取：沙海將軍設計圖A（3%）、沙海將軍設計圖B（3%）、沙海將軍設計圖C（3%）、沙海將軍設計圖D（3%）、沙海將軍設計圖E（3%）,[查看](https://cg.originmood.com/NewsContent/zh_TW/mlbb_news_7753.html)
2022-05-05～2022-06-01,2022-05-05,「5月5日聖龍寶盒」,公告未載明,翼龍,神聖翼龍設計圖A*1 神聖翼龍設計圖B*1 神聖翼龍設計圖C*1 神聖翼龍設計圖D*1 神聖翼龍設計圖E*1,神聖翼龍,翼龍 ＋ 神聖翼龍設計圖A×1 ＋ 神聖翼龍設計圖B×1 ＋ 神聖翼龍設計圖C×1 ＋ 神聖翼龍設計圖D×1 ＋ 神聖翼龍設計圖E×1 ＝ 神聖翼龍,所需寵物：當期寶盒／活動抽取：翼龍召喚書；所需道具：當期寶盒／活動抽取：神聖翼龍設計圖A（3%）、神聖翼龍設計圖B（3%）、神聖翼龍設計圖C（3%）、神聖翼龍設計圖D（3%）、神聖翼龍設計圖E（3%）,[查看](https://cg.originmood.com/NewsContent/zh_TW/mlbb_news_7483.html)
未載明（公告日 2022-04-02）,2022-04-02,祭奠心美 忍王梅茲參見,公告未載明,梅茲,忍王梅茲設計圖A*1 忍王梅茲設計圖B*1 忍王梅茲設計圖C*1 忍王梅茲設計圖D*1 忍王梅茲設計圖E*1,忍王梅茲,梅茲 ＋ 忍王梅茲設計圖A×1 ＋ 忍王梅茲設計圖B×1 ＋ 忍王梅茲設計圖C×1 ＋ 忍王梅茲設計圖D×1 ＋ 忍王梅茲設計圖E×1 ＝ 忍王梅茲,所需寵物：當期寶盒／活動抽取：梅茲召喚書；所需道具：當期寶盒／活動抽取：忍王梅茲設計圖A（3%）、忍王梅茲設計圖B（3%）、忍王梅茲設計圖C（3%）、忍王梅茲設計圖D（3%）、忍王梅茲設計圖E（3%）,[查看](https://cg.originmood.com/NewsContent/zh_TW/mlbb_news_7283.html)
未載明（公告日 2022-03-03）,2022-03-03,點燃它的怒火 召喚煉獄牛頭怪！,公告未載明,火焰牛頭怪,煉獄牛頭怪設計圖A*1 煉獄牛頭怪設計圖B*1 煉獄牛頭怪設計圖C*1 煉獄牛頭怪設計圖D*1 煉獄牛頭怪設計圖E*1,煉獄牛頭怪,火焰牛頭怪 ＋ 煉獄牛頭怪設計圖A×1 ＋ 煉獄牛頭怪設計圖B×1 ＋ 煉獄牛頭怪設計圖C×1 ＋ 煉獄牛頭怪設計圖D×1 ＋ 煉獄牛頭怪設計圖E×1 ＝ 煉獄牛頭怪,所需寵物：當期寶盒／活動抽取：火焰牛頭怪召喚書；所需道具：當期寶盒／活動抽取：煉獄牛頭怪設計圖A（3%）、煉獄牛頭怪設計圖B（3%）、煉獄牛頭怪設計圖C（3%）、煉獄牛頭怪設計圖D（3%）、煉獄牛頭怪設計圖E（3%）,[查看](https://cg.originmood.com/NewsContent/zh_TW/mlbb_news_7123.html)
未載明（公告日 2022-02-10）,2022-02-10,情人節不孤單 與她共度元宵節,公告未載明,丘比特,愛神丘比特設計圖A*1 愛神丘比特設計圖B*1 愛神丘比特設計圖C*1 愛神丘比特設計圖D*1 愛神丘比特設計圖E*1,愛神丘比特,丘比特 ＋ 愛神丘比特設計圖A×1 ＋ 愛神丘比特設計圖B×1 ＋ 愛神丘比特設計圖C×1 ＋ 愛神丘比特設計圖D×1 ＋ 愛神丘比特設計圖E×1 ＝ 愛神丘比特,所需寵物：公告明載需投入此寵物；所需道具：當期寶盒／活動抽取：愛神丘比特設計圖A（1.6%）、愛神丘比特設計圖B（1.6%）、愛神丘比特設計圖C（1.6%）、愛神丘比特設計圖D（1.6%）、愛神丘比特設計圖E（1.6%）,[查看](https://cg.originmood.com/NewsContent/zh_TW/mlbb_news_7023.html)
未載明（公告日 2022-01-28）,2022-01-28,一生的羈絆 打虎兄弟來拜年,公告未載明,歐茲那克,熊霸歐茲那克設計圖A*1 熊霸歐茲那克設計圖B*1 熊霸歐茲那克設計圖C*1 熊霸歐茲那克設計圖D*1 熊霸歐茲那克設計圖E*1,熊霸歐茲那克,歐茲那克 ＋ 熊霸歐茲那克設計圖A×1 ＋ 熊霸歐茲那克設計圖B×1 ＋ 熊霸歐茲那克設計圖C×1 ＋ 熊霸歐茲那克設計圖D×1 ＋ 熊霸歐茲那克設計圖E×1 ＝ 熊霸歐茲那克,所需寵物：公告明載需投入此寵物；所需道具：當期寶盒／活動抽取：熊霸歐茲那克設計圖A（1.5%）、熊霸歐茲那克設計圖B（1.5%）、熊霸歐茲那克設計圖C（1.5%）、熊霸歐茲那克設計圖D（1.5%）、熊霸歐茲那克設計圖E（1.5%）,[查看](https://cg.originmood.com/NewsContent/zh_TW/mlbb_news_6963.html)
未載明（公告日 2022-01-28）,2022-01-28,一生的羈絆 打虎兄弟來拜年,公告未載明,歐茲尼克,煞氣歐茲尼克設計圖A*1 煞氣歐茲尼克設計圖B*1 煞氣歐茲尼克設計圖C*1 煞氣歐茲尼克設計圖D*1 煞氣歐茲尼克設計圖E*1,煞氣歐茲尼克,歐茲尼克 ＋ 煞氣歐茲尼克設計圖A×1 ＋ 煞氣歐茲尼克設計圖B×1 ＋ 煞氣歐茲尼克設計圖C×1 ＋ 煞氣歐茲尼克設計圖D×1 ＋ 煞氣歐茲尼克設計圖E×1 ＝ 煞氣歐茲尼克,所需寵物：當期寶盒／活動抽取：歐茲尼克召喚書；所需道具：當期寶盒／活動抽取：煞氣歐茲尼克設計圖A（1.5%）、煞氣歐茲尼克設計圖B（1.5%）、煞氣歐茲尼克設計圖C（1.5%）、煞氣歐茲尼克設計圖D（1.5%）、煞氣歐茲尼克設計圖E（1.5%）,[查看](https://cg.originmood.com/NewsContent/zh_TW/mlbb_news_6963.html)
未載明（公告日 2021-12-10）,2021-12-10,進擊雙十二 歐特奇美拉降臨,NPC：裘瑟貝（公告未載明座標）,歐特奇美拉,疾風奇美拉設計圖A*1 疾風奇美拉設計圖B*1 疾風奇美拉設計圖C*1 疾風奇美拉設計圖D*1 疾風奇美拉設計圖E*1,疾風奇美拉,歐特奇美拉 ＋ 疾風奇美拉設計圖A×1 ＋ 疾風奇美拉設計圖B×1 ＋ 疾風奇美拉設計圖C×1 ＋ 疾風奇美拉設計圖D×1 ＋ 疾風奇美拉設計圖E×1 ＝ 疾風奇美拉,所需寵物：當期寶盒／活動抽取：歐特奇美拉召喚書；所需道具：當期寶盒／活動抽取：疾風奇美拉設計圖A（3%）、疾風奇美拉設計圖B（3%）、疾風奇美拉設計圖C（3%）、疾風奇美拉設計圖D（3%）、疾風奇美拉設計圖E（3%）,[查看](https://cg.originmood.com/NewsContent/zh_TW/mlbb_news_6553.html)
未載明（公告日 2021-11-11）,2021-11-11,四重驚喜，震撼雙十一,NPC：裘瑟貝（公告未載明座標）,旋律影子,噩夢旋律影子設計圖A*1 噩夢旋律影子設計圖B*1 噩夢旋律影子設計圖C*1 噩夢旋律影子設計圖D*1 噩夢旋律影子設計圖E*1,噩夢旋律影子,旋律影子 ＋ 噩夢旋律影子設計圖A×1 ＋ 噩夢旋律影子設計圖B×1 ＋ 噩夢旋律影子設計圖C×1 ＋ 噩夢旋律影子設計圖D×1 ＋ 噩夢旋律影子設計圖E×1 ＝ 噩夢旋律影子,所需寵物：當期寶盒／活動抽取：旋律影子召喚書；所需道具：當期寶盒／活動抽取：噩夢旋律影子設計圖A（3%）、噩夢旋律影子設計圖B（3%）、噩夢旋律影子設計圖C（3%）、噩夢旋律影子設計圖D（3%）、噩夢旋律影子設計圖E（3%）,[查看](https://cg.originmood.com/NewsContent/zh_TW/mlbb_news_6373.html)
2021-10-10～2021-11-01,2021-10-09,霸氣外露，強襲牛鬼10月10日震撼登場！！！,NPC：裘瑟貝（公告未載明座標）,牛鬼,強襲牛鬼設計圖A*1 強襲牛鬼設計圖B*1 強襲牛鬼設計圖C*1 強襲牛鬼設計圖D*1 強襲牛鬼設計圖E*1,強襲牛鬼,牛鬼 ＋ 強襲牛鬼設計圖A×1 ＋ 強襲牛鬼設計圖B×1 ＋ 強襲牛鬼設計圖C×1 ＋ 強襲牛鬼設計圖D×1 ＋ 強襲牛鬼設計圖E×1 ＝ 強襲牛鬼,所需寵物：當期寶盒／活動抽取：牛鬼召喚書；所需道具：當期寶盒／活動抽取：強襲牛鬼設計圖A（3%）、強襲牛鬼設計圖B（3%）、強襲牛鬼設計圖C（3%）、強襲牛鬼設計圖D（3%）、強襲牛鬼設計圖E（3%）,[查看](https://cg.originmood.com/NewsContent/zh_TW/mlbb_news_6203.html)
2021-09-09～2021-10-01,2021-09-08,傳說降臨，深邃幻影９月９日限時登場！！！,NPC：裘瑟貝（公告未載明座標）,幻影,深邃幻影設計圖A*1 深邃幻影設計圖B*1 深邃幻影設計圖C*1 深邃幻影設計圖D*1 深邃幻影設計圖E*1,深邃幻影,幻影 ＋ 深邃幻影設計圖A×1 ＋ 深邃幻影設計圖B×1 ＋ 深邃幻影設計圖C×1 ＋ 深邃幻影設計圖D×1 ＋ 深邃幻影設計圖E×1 ＝ 深邃幻影,所需寵物：當期寶盒／活動抽取：幻影召喚書；所需道具：當期寶盒／活動抽取：深邃幻影設計圖A（3%）、深邃幻影設計圖B（3%）、深邃幻影設計圖C（3%）、深邃幻影設計圖D（3%）、深邃幻影設計圖E（3%）,[查看](https://cg.originmood.com/NewsContent/zh_TW/mlbb_news_5763.html)
2026-08-06～2026-08-27,2026-07-29,《魔力寶貝》25週年誕生慶典 正式開啟！,大法師安蕾雅（艾爾瑪城元素師家 216.188）,Lv1的白依試做體,白依變身卡*1 閃耀變異之源*10 50000G金幣,Lv1的白依（概率5%） Lv1的白依試做體（概率95%）,"Lv1的白依試做體 ＋ 白依變身卡×1 ＋ 閃耀變異之源×10 ＋ 金幣50,000G ＝ / ├ Lv1的白依（概率5%） / └ Lv1的白依試做體（概率95%）",所需寵物：當期寶盒／活動抽取：白依試做體召喚書（20%）；所需道具：公告未另載,[查看](https://cg.originmood.com/NewsContent/zh_TW/mlbb_news_17584.html)
2026-07-07～2026-08-08,2026-07-07,湛藍的傳說 潮汐魟王降臨,NPC：引導者卡西烏斯（法蘭城魔法大學研究所 25.35）,Lv1的湛藍飛魟,湛藍之淚*188,潮汐魟王召喚書(概率10%) 潮汐王冠(概率90%),Lv1的湛藍飛魟 ＋ 湛藍之淚×188 ＝ / ├ 潮汐魟王召喚書(概率10%) / └ 潮汐王冠(概率90%),所需寵物：當期寶盒／活動抽取：湛藍飛魟召喚書（1%）；所需道具：當期寶盒／活動抽取：湛藍之淚（5%）,[查看](https://cg.originmood.com/NewsContent/zh_TW/mlbb_news_17454.html)
2026-06-06～2026-07-07,2026-06-04,黑暗中的愛之極光 百合與白銀的永恆誓約,NPC：天羽守望者（魔法大學研究所 31.8）,Lv1的百合騎士,白銀百合印記*188,百合聖騎士召喚書（概率10%） 純白誓約之冕（概率90%）,Lv1的百合騎士 ＋ 白銀百合印記×188 ＝ / ├ 百合聖騎士召喚書（概率10%） / └ 純白誓約之冕（概率90%）,所需寵物：當期寶盒／活動抽取：百合騎士召喚書（1%）；所需道具：當期寶盒／活動抽取：白銀百合印記（6%）,[查看](https://cg.originmood.com/NewsContent/zh_TW/mlbb_news_17294.html)
2026-06-06～2026-07-07,2026-06-04,黑暗中的愛之極光 百合與白銀的永恆誓約,NPC：天羽守望者（魔法大學研究所 31.8）,Lv1的白銀格鬥士,白銀百合印記*188,白銀聖鬥士召喚書（概率10%） 純白誓約之冕（概率90%）,Lv1的白銀格鬥士 ＋ 白銀百合印記×188 ＝ / ├ 白銀聖鬥士召喚書（概率10%） / └ 純白誓約之冕（概率90%）,所需寵物：當期寶盒／活動抽取：白銀格鬥士召喚書（1%）；所需道具：當期寶盒／活動抽取：白銀百合印記（6%）,[查看](https://cg.originmood.com/NewsContent/zh_TW/mlbb_news_17294.html)
2026-05-05～2026-06-06,2026-05-04,跨越凡塵的蛻變，凜冬巨龍破冰降世,NPC：凜冬祭司維瑟瑞克（法蘭城魔法大學研究所 44.50）,Lv1的凜冬巨龍,極寒龍晶*188,凜冬龍王召喚書(概率10%) 凜冬之怒(概率90%),Lv1的凜冬巨龍 ＋ 極寒龍晶×188 ＝ / ├ 凜冬龍王召喚書(概率10%) / └ 凜冬之怒(概率90%),所需寵物：當期寶盒／活動抽取：凜冬巨龍召喚書（1%）；所需道具：當期寶盒／活動抽取：極寒龍晶（6%）,[查看](https://cg.originmood.com/NewsContent/zh_TW/mlbb_news_16934.html)
2026-04-04～2026-05-05,2026-04-01,聖光破曉 虛空之龍震撼來襲,NPC：虛空祭司瑟雷考（法蘭城魔法大學研究所 25.43）,Lv1的梅莉珊卓,虛空之塵*188,虛空魔龍召喚書(概率10%) 虛空印記(概率90%),Lv1的梅莉珊卓 ＋ 虛空之塵×188 ＝ / ├ 虛空魔龍召喚書(概率10%) / └ 虛空印記(概率90%),所需寵物：當期寶盒／活動抽取：梅莉珊卓召喚書（1%）；所需道具：當期寶盒／活動抽取：虛空之塵（6%）,[查看](https://cg.originmood.com/NewsContent/zh_TW/mlbb_news_16764.html)
2026-03-03～2026-04-04,2026-03-03,雪之冰華傳說 通往神域的覺醒門扉,NPC：聖獸使直人（魔法大學研究所 33.31）,Lv1的雪,冰羽之花*188,天叢雲雪召喚書(概率10%) 雪之聖角(概率90%),Lv1的雪 ＋ 冰羽之花×188 ＝ / ├ 天叢雲雪召喚書(概率10%) / └ 雪之聖角(概率90%),所需寵物：當期寶盒／活動抽取：雪召喚書（1%）；所需道具：當期寶盒／活動抽取：冰羽之花（6%）,[查看](https://cg.originmood.com/NewsContent/zh_TW/mlbb_news_16644.html)
2026-02-02～2026-03-03,2026-01-30,駕馭禁忌之力 簽訂噬歲時序的傳說,NPC：血歲司祭赫摩爾（魔法大學研究所 48.21）,Lv1的嗜血狂狼,年獸歲血*188,噬歲狼王召喚書(概率10%) 災厄王印(概率90%),Lv1的嗜血狂狼 ＋ 年獸歲血×188 ＝ / ├ 噬歲狼王召喚書(概率10%) / └ 災厄王印(概率90%),所需寵物：當期寶盒／活動抽取：嗜血狂狼召喚書（1%）；所需道具：當期寶盒／活動抽取：年獸歲血（6%）,[查看](https://cg.originmood.com/NewsContent/zh_TW/mlbb_news_16484.html)
2026-01-01～2026-02-02,2025-12-31,千年血脈的呼喚勇者小隊再集結 首日9折&首週血脈共鳴成功率直升三倍,NPC：大賢者（魔法大學研究所 12.25）,Lv1的魔術師艾夏菲,記憶火種*188,大魔導師艾夏菲召喚書(概率30%) 勇者之魂(概率70%),Lv1的魔術師艾夏菲 ＋ 記憶火種×188 ＝ / ├ 大魔導師艾夏菲召喚書(概率30%) / └ 勇者之魂(概率70%),所需寵物：當期寶盒／活動抽取：魔術師艾夏菲召喚書（1%）；所需道具：當期寶盒／活動抽取：記憶火種（6%）,[查看](https://cg.originmood.com/NewsContent/zh_TW/mlbb_news_16364.html)
2026-01-01～2026-02-02,2025-12-31,千年血脈的呼喚勇者小隊再集結 首日9折&首週血脈共鳴成功率直升三倍,NPC：大賢者（魔法大學研究所 12.25）,Lv1的戰斧帕里修斯,記憶火種*188,戰斧大師帕里修斯召喚書(概率30%) 勇者之魂(概率70%),Lv1的戰斧帕里修斯 ＋ 記憶火種×188 ＝ / ├ 戰斧大師帕里修斯召喚書(概率30%) / └ 勇者之魂(概率70%),所需寵物：當期寶盒／活動抽取：戰斧帕里修斯召喚書（1%）；所需道具：當期寶盒／活動抽取：記憶火種（6%）,[查看](https://cg.originmood.com/NewsContent/zh_TW/mlbb_news_16364.html)
2026-01-01～2026-02-02,2025-12-31,千年血脈的呼喚勇者小隊再集結 首日9折&首週血脈共鳴成功率直升三倍,NPC：大賢者（魔法大學研究所 12.25）,Lv1的巫師耶克爾,記憶火種*188,巫王耶克爾召喚書(概率30%) 勇者之魂(概率70%),Lv1的巫師耶克爾 ＋ 記憶火種×188 ＝ / ├ 巫王耶克爾召喚書(概率30%) / └ 勇者之魂(概率70%),所需寵物：當期寶盒／活動抽取：巫師耶克爾召喚書（1%）；所需道具：當期寶盒／活動抽取：記憶火種（6%）,[查看](https://cg.originmood.com/NewsContent/zh_TW/mlbb_news_16364.html)
2026-01-01～2026-02-02,2025-12-31,千年血脈的呼喚勇者小隊再集結 首日9折&首週血脈共鳴成功率直升三倍,NPC：大賢者（魔法大學研究所 12.25）,Lv1的劍士里昂,記憶火種*188,劍術大師里昂召喚書(概率30%) 勇者之魂(概率70%),Lv1的劍士里昂 ＋ 記憶火種×188 ＝ / ├ 劍術大師里昂召喚書(概率30%) / └ 勇者之魂(概率70%),所需寵物：當期寶盒／活動抽取：劍士里昂召喚書（1%）；所需道具：當期寶盒／活動抽取：記憶火種（6%）,[查看](https://cg.originmood.com/NewsContent/zh_TW/mlbb_news_16364.html)
2025-12-12～2026-01-01,2025-12-12,虛無暗淵之主 沉睡的紫獄龍王,NPC：幻龍契約師（魔法大學研究所 46.21）,Lv1的幻紫飛龍,升華之血*188,紫獄龍王召喚書(概率10%) 紫龍魂契(概率90%),Lv1的幻紫飛龍 ＋ 升華之血×188 ＝ / ├ 紫獄龍王召喚書(概率10%) / └ 紫龍魂契(概率90%),所需寵物：當期寶盒／活動抽取：幻紫飛龍召喚書（1%）；所需道具：當期寶盒／活動抽取：升華之血（6%）,[查看](https://cg.originmood.com/NewsContent/zh_TW/mlbb_news_16314.html)
2025-11-11～2025-12-12,2025-11-10,跨越死亡冥域的契約 掌控不朽龍王之力,NPC：冥界祭司佐爾薩（魔法大學研究所 42.46）,Lv1的紫金冥龍,冥域魔晶*188,紫金暴龍王召喚書 概率5% 渡召喚書 概率5% 冥龍之心 概率90%,Lv1的紫金冥龍 ＋ 冥域魔晶×188 ＝ / ├ 紫金暴龍王召喚書（概率5%） / ├ 渡召喚書（概率5%） / └ 冥龍之心（概率90%）,所需寵物：當期寶盒／活動抽取：紫金冥龍召喚書（1%）；所需道具：當期寶盒／活動抽取：冥域魔晶（6%）,[查看](https://cg.originmood.com/NewsContent/zh_TW/mlbb_news_16164.html)
2025-10-10～2025-11-11,2025-10-10,改造狂想曲 超越極限的雙重詠嘆,NPC：基因調製師瑪薇拉（魔法大學研究所 34.10）,Lv1的艾德奇美拉,魔導因數*188,寒冰奇美拉召喚書 概率5% 綾香召喚書 概率5% 共生記憶活體 概率90%,Lv1的艾德奇美拉 ＋ 魔導因數×188 ＝ / ├ 寒冰奇美拉召喚書（概率5%） / ├ 綾香召喚書（概率5%） / └ 共生記憶活體（概率90%）,所需寵物：當期寶盒／活動抽取：艾德奇美拉召喚書（1%）；所需道具：公告未另載,[查看](https://cg.originmood.com/NewsContent/zh_TW/mlbb_news_16044.html)
2025-09-09～2025-10-10,2025-09-09,聖紋啟示錄 龍與騎士的誓約,NPC：聖紋研究員薩里昂（魔法大學研究所 39.47）,Lv1的魔紋幼龍,聖泉之水*188,聖紋地龍召喚書 概率5% 聖槍騎士召喚書 概率5% 地核晶石 概率90%,Lv1的魔紋幼龍 ＋ 聖泉之水×188 ＝ / ├ 聖紋地龍召喚書（概率5%） / ├ 聖槍騎士召喚書（概率5%） / └ 地核晶石（概率90%）,所需寵物：當期寶盒／活動抽取：魔紋幼龍召喚書（1%）；所需道具：當期寶盒／活動抽取：聖泉之水（6%）,[查看](https://cg.originmood.com/NewsContent/zh_TW/mlbb_news_15804.html)
2025-08-08～2025-09-09,2025-08-07,血染千魂妖刀 白焰的救贖對決,NPC：銹蝕的刀匠大河（魔法大學研究所 39.50）,Lv1的妖刀,血淬之魂*188,白焰召喚書 概率1% 鬼眼村正召喚書 概率9% 噬主之魄 概率90%,Lv1的妖刀 ＋ 血淬之魂×188 ＝ / ├ 白焰召喚書（概率1%） / ├ 鬼眼村正召喚書（概率9%） / └ 噬主之魄（概率90%）,所需寵物：當期寶盒／活動抽取：妖刀召喚書（1%）；所需道具：當期寶盒／活動抽取：血淬之魂（7%）,[查看](https://cg.originmood.com/NewsContent/zh_TW/mlbb_news_15704.html)
未載明（公告日 2025-07-03）,2025-07-03,地獄之門將啟！速奪紅魔寶箱，化身閻魔之主！,NPC：骸骨詠唱者德米拉（魔法大學研究所 47.54）,Lv1的紅魔,血契之骨*188,地獄閻魔召喚書 概率10% 閻魂精魄 概率90%,Lv1的紅魔 ＋ 血契之骨×188 ＝ / ├ 地獄閻魔召喚書（概率10%） / └ 閻魂精魄（概率90%）,所需寵物：當期寶盒／活動抽取：紅魔召喚書（1%）；所需道具：當期寶盒／活動抽取：血契之骨（7%）,[查看](https://cg.originmood.com/NewsContent/zh_TW/mlbb_news_15574.html)
2025-06-06～2025-07-07,2025-06-06,命運雙子 共譜星辰之路,NPC：雙子觀測隊長（魔法大學研究所 57.17）,Lv1的黃金加百列,雙子晶核*3,流星召喚書 概率50% 星雲召喚書 概率50%,Lv1的黃金加百列 ＋ 雙子晶核×3 ＝ / ├ 流星召喚書（概率50%） / └ 星雲召喚書（概率50%）,所需寵物：當期寶盒／活動抽取：黃金加百列召喚書（1%）；所需道具：向 NPC：雙子觀測員（魔法大學研究所 57.18） 交付 Lv1的黃金加百列＋雙子晶碎*188 取得：雙子晶核 概率90%、前置合成：Lv1的黃金加百列 ＋ 雙子晶碎×188 ＝ / ├ 流星召喚書（概率5%） / ├ 星雲召喚書（概率5%） / └ 雙子晶核（概率90%）,[查看](https://cg.originmood.com/NewsContent/zh_TW/mlbb_news_15384.html)
2025-06-06～2025-07-07,2025-06-06,命運雙子 共譜星辰之路,NPC：雙子觀測員（魔法大學研究所 57.18）,Lv1的黃金加百列,雙子晶碎*188,流星召喚書 概率5% 星雲召喚書 概率5% 雙子晶核 概率90%,Lv1的黃金加百列 ＋ 雙子晶碎×188 ＝ / ├ 流星召喚書（概率5%） / ├ 星雲召喚書（概率5%） / └ 雙子晶核（概率90%）,所需寵物：當期寶盒／活動抽取：黃金加百列召喚書（1%）；所需道具：當期寶盒／活動抽取：雙子晶碎（7%）,[查看](https://cg.originmood.com/NewsContent/zh_TW/mlbb_news_15384.html)
2025-05-05～2025-06-06,2025-05-04,銀龍傳說再現 重塑世界法則,NPC：龍使費拉姆（魔法大學研究所 25.48）,Lv1的白銀巨龍,光能碎片*188,裁決白龍王召喚書（概率5%） 神聖白龍王召喚書（概率5%） 龍脈光能寶石（概率90%）,Lv1的白銀巨龍 ＋ 光能碎片×188 ＝ / ├ 裁決白龍王召喚書（概率5%） / ├ 神聖白龍王召喚書（概率5%） / └ 龍脈光能寶石（概率90%）,所需寵物：當期寶盒／活動抽取：白銀巨龍召喚書（1%）；所需道具：當期寶盒／活動抽取：光能碎片（7%）,[查看](https://cg.originmood.com/NewsContent/zh_TW/mlbb_news_15234.html)
2025-05-05～2025-06-06,2025-05-04,銀龍傳說再現 重塑世界法則,NPC：龍使薩德利（魔法大學研究所 24.47）,Lv1的白銀巨龍,龍脈光能寶石*3,裁決白龍王召喚書（概率50%） 神聖白龍王召喚書（概率50%）,Lv1的白銀巨龍 ＋ 龍脈光能寶石×3 ＝ / ├ 裁決白龍王召喚書（概率50%） / └ 神聖白龍王召喚書（概率50%）,所需寵物：當期寶盒／活動抽取：白銀巨龍召喚書（1%）；所需道具：向 NPC：龍使費拉姆（魔法大學研究所 25.48） 交付 Lv1的白銀巨龍＋光能碎片*188 取得：龍脈光能寶石（概率90%）、前置合成：Lv1的白銀巨龍 ＋ 光能碎片×188 ＝ / ├ 裁決白龍王召喚書（概率5%） / ├ 神聖白龍王召喚書（概率5%） / └ 龍脈光能寶石（概率90%）,[查看](https://cg.originmood.com/NewsContent/zh_TW/mlbb_news_15234.html)
2025-04-04～2025-05-05,2025-04-03,無盡櫻海綻放 緋紅巨龍歸來,NPC：學者盧米耶（魔法大學研究所 29.46）,Lv1的櫻花龍,緋色之種*188,緋紅巨龍召喚書（概率5%） 古美絲召喚書（概率5%） 灼炎龍心玉（概率90%）,Lv1的櫻花龍 ＋ 緋色之種×188 ＝ / ├ 緋紅巨龍召喚書（概率5%） / ├ 古美絲召喚書（概率5%） / └ 灼炎龍心玉（概率90%）,所需寵物：當期寶盒／活動抽取：櫻花龍召喚書（1%）；所需道具：當期寶盒／活動抽取：緋色之種（7%）,[查看](https://cg.originmood.com/NewsContent/zh_TW/mlbb_news_15044.html)
2025-04-04～2025-05-05,2025-04-03,無盡櫻海綻放 緋紅巨龍歸來,NPC：大學者赫姆司（魔法大學研究所 28.45）,Lv1的櫻花龍,灼炎龍心玉*3,緋紅巨龍召喚書（概率50%） 古美絲召喚書（概率50%）,Lv1的櫻花龍 ＋ 灼炎龍心玉×3 ＝ / ├ 緋紅巨龍召喚書（概率50%） / └ 古美絲召喚書（概率50%）,所需寵物：當期寶盒／活動抽取：櫻花龍召喚書（1%）；所需道具：向 NPC：學者盧米耶（魔法大學研究所 29.46） 交付 Lv1的櫻花龍＋緋色之種*188 取得：灼炎龍心玉（概率90%）、前置合成：Lv1的櫻花龍 ＋ 緋色之種×188 ＝ / ├ 緋紅巨龍召喚書（概率5%） / ├ 古美絲召喚書（概率5%） / └ 灼炎龍心玉（概率90%）,[查看](https://cg.originmood.com/NewsContent/zh_TW/mlbb_news_15044.html)
2025-03-03～2025-03-31,2025-03-03,魔豬重生轉世 八戒覺醒降世,NPC：仙人照（魔法大學研究所 58.15）,Lv1的魔豬,重生靈丹*188,豬八戒召喚書（概率1%） 豬剛鬣召喚書（概率4%） 菲洛緹亞召喚書（概率5%） 轉世符 （概率90%）,Lv1的魔豬 ＋ 重生靈丹×188 ＝ / ├ 豬八戒召喚書（概率1%） / ├ 豬剛鬣召喚書（概率4%） / ├ 菲洛緹亞召喚書（概率5%） / └ 轉世符（概率90%）,所需寵物：當期寶盒／活動抽取：魔豬召喚書（1%）；所需道具：當期寶盒／活動抽取：重生靈丹（7%）,[查看](https://cg.originmood.com/NewsContent/zh_TW/mlbb_news_14824.html)
2025-03-03～2025-03-31,2025-03-03,魔豬重生轉世 八戒覺醒降世,NPC：仙人居（魔法大學研究所 57.14）,Lv1的魔豬,轉世符*3,豬八戒召喚書（概率20%） 豬剛鬣召喚書（概率40%） 菲洛緹亞召喚書（概率40%）,Lv1的魔豬 ＋ 轉世符×3 ＝ / ├ 豬八戒召喚書（概率20%） / ├ 豬剛鬣召喚書（概率40%） / └ 菲洛緹亞召喚書（概率40%）,所需寵物：當期寶盒／活動抽取：魔豬召喚書（1%）；所需道具：向 NPC：仙人照（魔法大學研究所 58.15） 交付 Lv1的魔豬＋重生靈丹*188 取得：轉世符 （概率90%）、前置合成：Lv1的魔豬 ＋ 重生靈丹×188 ＝ / ├ 豬八戒召喚書（概率1%） / ├ 豬剛鬣召喚書（概率4%） / ├ 菲洛緹亞召喚書（概率5%） / └ 轉世符（概率90%）,[查看](https://cg.originmood.com/NewsContent/zh_TW/mlbb_news_14824.html)
2025-02-02～2025-03-03,2025-01-28,宿命的交織 八岐大蛇降臨,NPC：術士雷華（魔法大學研究所 48.18）,Lv1的弓射手桐香,八岐之血*188,八岐大蛇召喚書 概率5% 梅宗召喚書 概率5% 大蛇之契 概率90%,Lv1的弓射手桐香 ＋ 八岐之血×188 ＝ / ├ 八岐大蛇召喚書（概率5%） / ├ 梅宗召喚書（概率5%） / └ 大蛇之契（概率90%）,所需寵物：當期寶盒／活動抽取：弓射手桐香召喚書（1%）；所需道具：當期寶盒／活動抽取：八岐之血（7%）,[查看](https://cg.originmood.com/NewsContent/zh_TW/mlbb_news_14664.html)
2025-02-02～2025-03-03,2025-01-28,宿命的交織 八岐大蛇降臨,NPC：術士長楓鈴（魔法大學研究所 47.17）,Lv1的弓射手桐香,大蛇之契*3,八岐大蛇召喚書 概率50% 梅宗召喚書 概率50%,Lv1的弓射手桐香 ＋ 大蛇之契×3 ＝ / ├ 八岐大蛇召喚書（概率50%） / └ 梅宗召喚書（概率50%）,所需寵物：當期寶盒／活動抽取：弓射手桐香召喚書（1%）；所需道具：向 NPC：術士雷華（魔法大學研究所 48.18） 交付 Lv1的弓射手桐香＋八岐之血*188 取得：大蛇之契 概率90%、前置合成：Lv1的弓射手桐香 ＋ 八岐之血×188 ＝ / ├ 八岐大蛇召喚書（概率5%） / ├ 梅宗召喚書（概率5%） / └ 大蛇之契（概率90%）,[查看](https://cg.originmood.com/NewsContent/zh_TW/mlbb_news_14664.html)
2024-12-12～2025-01-01,2024-12-09,喚醒最純潔的光輝 潘妮與你來相會,NPC：聖誕大使艾斯洛雅（魔法大學研究所 38.53）,Lv1的番茄咩,聖誕水晶球*3,潘妮召喚書 概率50% 聖誕豬王召喚書 概率50%,Lv1的番茄咩 ＋ 聖誕水晶球×3 ＝ / ├ 潘妮召喚書（概率50%） / └ 聖誕豬王召喚書（概率50%）,所需寵物：當期寶盒／活動抽取：番茄咩召喚書（1%）；所需道具：向 NPC：聖誕使者芬蘭達（魔法大學研究所 39.54） 交付 Lv1的番茄咩＋聖誕許願鈴*188 取得：聖誕水晶球 概率90%、前置合成：Lv1的番茄咩 ＋ 聖誕許願鈴×188 ＝ / ├ 潘妮召喚書（概率5%） / ├ 聖誕豬王召喚書（概率5%） / └ 聖誕水晶球（概率90%）,[查看](https://cg.originmood.com/NewsContent/zh_TW/mlbb_news_14364.html)
2024-12-12～2025-01-01,2024-12-09,喚醒最純潔的光輝 潘妮與你來相會,NPC：聖誕使者芬蘭達（魔法大學研究所 39.54）,Lv1的番茄咩,聖誕許願鈴*188,潘妮召喚書 概率5% 聖誕豬王召喚書 概率5% 聖誕水晶球 概率90%,Lv1的番茄咩 ＋ 聖誕許願鈴×188 ＝ / ├ 潘妮召喚書（概率5%） / ├ 聖誕豬王召喚書（概率5%） / └ 聖誕水晶球（概率90%）,所需寵物：當期寶盒／活動抽取：番茄咩召喚書（1%）；所需道具：當期寶盒／活動抽取：聖誕許願鈴（7%）,[查看](https://cg.originmood.com/NewsContent/zh_TW/mlbb_news_14364.html)
2024-11-11～2024-12-12,2024-11-11,撒旦重生 深淵的邪靈召喚,NPC：術士卡薩里斯（魔法大學研究所 46.16）,Lv1的影男,邪靈之種*188,豆豆召喚書 概率5% 墮天使撒旦召喚書 概率5% 邪靈魔晶 概率90%,Lv1的影男 ＋ 邪靈之種×188 ＝ / ├ 豆豆召喚書（概率5%） / ├ 墮天使撒旦召喚書（概率5%） / └ 邪靈魔晶（概率90%）,所需寵物：當期寶盒／活動抽取：影男召喚書（1%）；所需道具：當期寶盒／活動抽取：邪靈之種（7%）,[查看](https://cg.originmood.com/NewsContent/zh_TW/mlbb_news_14184.html)
2024-11-11～2024-12-12,2024-11-11,撒旦重生 深淵的邪靈召喚,NPC：王宮術士維爾克（魔法大學研究所 45.15）,Lv1的影男,邪靈魔晶*3,豆豆召喚書 概率50%墮天使撒旦召喚書 概率50%,Lv1的影男 ＋ 邪靈魔晶×3 ＝ / ├ 豆豆召喚書（概率50%） / └ 墮天使撒旦召喚書（概率50%）,所需寵物：當期寶盒／活動抽取：影男召喚書（1%）；所需道具：向 NPC：術士卡薩里斯（魔法大學研究所 46.16） 交付 Lv1的影男＋邪靈之種*188 取得：邪靈魔晶 概率90%、前置合成：Lv1的影男 ＋ 邪靈之種×188 ＝ / ├ 豆豆召喚書（概率5%） / ├ 墮天使撒旦召喚書（概率5%） / └ 邪靈魔晶（概率90%）,[查看](https://cg.originmood.com/NewsContent/zh_TW/mlbb_news_14184.html)
2024-10-10～2024-11-11,2024-10-09,吹雪的巫女 激鬥魔晶巨龍,NPC：魔導師萊娜（魔法大學研究所 46.50）,Lv1的魔晶巨龍,魔晶之心*188,吹雪召喚書 概率5% 咒殺型小櫻召喚書 概率5% 魔晶暴龍王召喚書 概率5% 聚能魔晶之心 概率85%,Lv1的魔晶巨龍 ＋ 魔晶之心×188 ＝ / ├ 吹雪召喚書（概率5%） / ├ 咒殺型小櫻召喚書（概率5%） / ├ 魔晶暴龍王召喚書（概率5%） / └ 聚能魔晶之心（概率85%）,所需寵物：當期寶盒／活動抽取：魔晶巨龍召喚書（1%）；所需道具：當期寶盒／活動抽取：魔晶之心（7%）、向 NPC：魔導師萊娜（魔法大學研究所 46.50） 交付 Lv1的魔晶巨龍＋魔晶之心*188 取得：聚能魔晶之心 概率85%,[查看](https://cg.originmood.com/NewsContent/zh_TW/mlbb_news_14074.html)
2024-10-10～2024-11-11,2024-10-09,吹雪的巫女 激鬥魔晶巨龍,NPC：魔導大師巴莉拉（魔法大學研究所 45.49）,Lv1的魔晶巨龍,聚能魔晶之心*3,吹雪召喚書 概率33% 咒殺型小櫻召喚書 概率33% 魔晶暴龍王召喚書 概率34%,Lv1的魔晶巨龍 ＋ 聚能魔晶之心×3 ＝ / ├ 吹雪召喚書（概率33%） / ├ 咒殺型小櫻召喚書（概率33%） / └ 魔晶暴龍王召喚書（概率34%）,所需寵物：當期寶盒／活動抽取：魔晶巨龍召喚書（1%）；所需道具：當期寶盒／活動抽取：魔晶之心（7%）、向 NPC：魔導師萊娜（魔法大學研究所 46.50） 交付 Lv1的魔晶巨龍＋魔晶之心*188 取得：聚能魔晶之心 概率85%、前置合成：Lv1的魔晶巨龍 ＋ 魔晶之心×188 ＝ / ├ 吹雪召喚書（概率5%） / ├ 咒殺型小櫻召喚書（概率5%） / ├ 魔晶暴龍王召喚書（概率5%） / └ 聚能魔晶之心（概率85%）,[查看](https://cg.originmood.com/NewsContent/zh_TW/mlbb_news_14074.html)
