名稱,種族,體力,力量,防禦,速度,魔法,技格,總檔,屬性,技能,公告日,公告連結,image,任務用途
奧菲兒,人形系,43,6,6,20,50,9,125,地10,超強石化魔法LV10、強力恢復魔法LV10、超強補血魔法LV7、潔淨魔法LV6,2026-07-22,[公告](https://cg.originmood.com/NewsContent/zh_TW/mlbb_news_17534.html),/img/專屬寵物/奧菲兒.gif,
奔雷獸,野獸系,35,46,10,27,7,8,125,風10,突襲之舞LV12、裂空斬LV10、諸刃LV13,2026-07-22,[公告](https://cg.originmood.com/NewsContent/zh_TW/mlbb_news_17534.html),/img/專屬寵物/奔雷獸.gif,
水雷猴,野獸系,26,19,21,18,39,8,123,地1水9,混亂衝擊波LV4,2026-07-22,[公告](https://cg.originmood.com/NewsContent/zh_TW/mlbb_news_17534.html),/img/專屬寵物/水雷猴.gif,
黑潮龍蝦,昆蟲系,50,36,9,21,9,8,125,火10,氣功彈LV4、連擊LV11、裂空斬LV10,2026-07-09,[公告](https://cg.originmood.com/NewsContent/zh_TW/mlbb_news_17504.html),/img/專屬寵物/黑潮龍蝦.gif,
太晶龍蝦霸王,昆蟲系,35,50,14,20,6,8,125,火9風1,氣功彈LV2、恢復魔法LV6、攻擊反彈LV5,2026-07-09,[公告](https://cg.originmood.com/NewsContent/zh_TW/mlbb_news_17504.html),/img/專屬寵物/太晶龍蝦霸王.gif,
太晶沼澤龍蝦,昆蟲系,29,47,26,14,7,8,123,地8水2,潛龍殺LV11,2026-07-09,[公告](https://cg.originmood.com/NewsContent/zh_TW/mlbb_news_17504.html),/img/專屬寵物/太晶沼澤龍蝦.gif,
青銅魚怪,金屬系,38,39,23,10,13,8,123,風1地9,連擊LV10,2026-07-09,[公告](https://cg.originmood.com/NewsContent/zh_TW/mlbb_news_17504.html),/img/專屬寵物/青銅魚怪.gif,
潮汐魟王,飛行系,47,47,8,15,8,8,125,水10,裂空斬LV10、乾坤一擲LV13、潛龍殺LV12,2026-07-07,[公告](https://cg.originmood.com/NewsContent/zh_TW/mlbb_news_17454.html),/img/專屬寵物/潮汐魟王.gif,
湛藍飛魟,飛行系,40,40,12,19,12,8,125,水7火3,乾坤一擲LV11、裂空斬LV10,2026-07-07,[公告](https://cg.originmood.com/NewsContent/zh_TW/mlbb_news_17454.html),/img/專屬寵物/潮汐魟王.gif,
檸黃飛魟,飛行系,46,46,10,17,6,8,125,風10,氣功彈LV4、連擊LV11、諸刃LV11,2026-06-24,[公告](https://cg.originmood.com/NewsContent/zh_TW/mlbb_news_17444.html),/img/專屬寵物/檸黃飛魟.gif,
天青等煙魚,金屬系,39,44,22,10,10,8,125,風1地9,諸刃LV11、明鏡止水LV11,2026-06-24,[公告](https://cg.originmood.com/NewsContent/zh_TW/mlbb_news_17444.html),/img/專屬寵物/天青等煙魚.gif,
夕陽海葵,植物系,29,10,17,22,45,8,125,火8風2,混亂衝擊波LV4,2026-06-24,[公告](https://cg.originmood.com/NewsContent/zh_TW/mlbb_news_17444.html),/img/專屬寵物/夕陽海葵.gif,
狐丸,人形系,46,41,9,20,9,8,125,火8風2,裂空斬LV10、護衛LV11、諸刃LV12 (技能個數隨機),2026-06-11,[公告](https://cg.originmood.com/NewsContent/zh_TW/mlbb_news_17354.html),/img/專屬寵物/狐丸.gif,
狂狐魔衛,金屬系,37,39,25,12,12,8,125,風2地8,潛龍殺LV10,2026-06-11,[公告](https://cg.originmood.com/NewsContent/zh_TW/mlbb_news_17354.html),/img/專屬寵物/狂狐魔衛.gif,
紅翼巨魟,飛行系,34,6,20,20,45,8,125,火10,強力補血魔法LV7、超強昏睡魔法LV10、混亂衝擊波LV10、昏睡攻擊LV12,2026-06-11,[公告](https://cg.originmood.com/NewsContent/zh_TW/mlbb_news_17344.html),/img/專屬寵物/紅翼巨魟.gif,[月海迷宮](/任務攻略/練功專區/月海迷宮) 與海底行者卡薩對話可傳送至迷宮頂樓
拉扎紅魟,飛行系,33,39,20,24,9,8,125,火7風3,連擊LV12、氣功彈LV1,2026-06-11,[公告](https://cg.originmood.com/NewsContent/zh_TW/mlbb_news_17344.html),/img/專屬寵物/拉扎紅魟.gif,
紫海龍舟,植物系,38,6,12,23,46,8,125,火1風9,混亂衝擊波LV10、超強中毒魔法LV7、強力石化魔法LV7,2026-06-11,[公告](https://cg.originmood.com/NewsContent/zh_TW/mlbb_news_17344.html),/img/專屬寵物/紫海龍舟.gif,
紫薯粽子,植物系,42,41,12,16,12,8,123,水5火5,潛龍殺LV3,2026-06-11,[公告](https://cg.originmood.com/NewsContent/zh_TW/mlbb_news_17344.html),/img/專屬寵物/紫薯粽子.gif,
百合聖騎士,人形系,31,49,6,31,8,8,125,風10,連擊LV13、諸刃LV12、裂空斬LV10,2026-06-04,[公告](https://cg.originmood.com/NewsContent/zh_TW/mlbb_news_17294.html),/img/專屬寵物/百合聖騎士.gif,
白銀聖鬥士,人形系,45,43,6,23,8,8,125,火10,氣功彈LV3、崩擊LV12、飛刃亂舞LV10,2026-06-04,[公告](https://cg.originmood.com/NewsContent/zh_TW/mlbb_news_17294.html),/img/專屬寵物/白銀聖鬥士.gif,
百合騎士,人形系,29,45,10,31,10,8,125,風9地1,連擊LV11、裂空斬LV6,2026-06-04,[公告](https://cg.originmood.com/NewsContent/zh_TW/mlbb_news_17294.html),/img/專屬寵物/百合聖騎士.gif,
白銀格鬥士,人形系,45,37,10,23,10,8,125,水1火9,氣功彈I,2026-06-04,[公告](https://cg.originmood.com/NewsContent/zh_TW/mlbb_news_17294.html),/img/專屬寵物/白銀聖鬥士.gif,
御法神神樂,金屬系,50,4,4,17,50,8,125,水10,超強混亂魔法LV10、超強石化魔法LV10、潔淨魔法LV3、超強補血魔法LV7,2026-05-27,[公告](https://cg.originmood.com/NewsContent/zh_TW/mlbb_news_17094.html),/img/專屬寵物/御法神神樂.gif,
青翼獵隼,飛行系,29,37,15,34,10,8,125,風2地8,裂空斬LV10、突襲之舞LV10,2026-05-27,[公告](https://cg.originmood.com/NewsContent/zh_TW/mlbb_news_17094.html),/img/專屬寵物/青翼獵隼.gif,
火之使徒,特殊系,50,50,4,17,4,8,125,火10,亂射LV10、潔淨魔法LV4、氣功彈LV3、必殺狙擊LV10,2026-05-21,[公告](https://cg.originmood.com/NewsContent/zh_TW/mlbb_news_17074.html),/img/專屬寵物/火之使徒.gif,
使徒小鬧鐘,金屬系,35,38,21,21,10,8,125,火8風2,乾坤一擲LV11、魔法反彈LV3、氣功彈I,2026-05-21,[公告](https://cg.originmood.com/NewsContent/zh_TW/mlbb_news_17074.html),/img/專屬寵物/使徒小鬧鐘.gif,
摯愛喵比特,飛行系,24,40,18,33,10,8,125,火10,突襲之舞LV10、亂射LV4,2026-05-20,[公告](https://cg.originmood.com/NewsContent/zh_TW/mlbb_news_17054.html),/img/專屬寵物/摯愛喵比特.gif,
御魂雷影,金屬系,50,50,4,17,4,8,125,地10,連擊LV11、戰慄襲心LV13、裂空斬LV10、氣功彈LV3,2026-05-13,[公告](https://cg.originmood.com/NewsContent/zh_TW/mlbb_news_17034.html),/img/專屬寵物/御魂雷影.gif,[黃金寶藏迷宮](/任務攻略/限時活動/黃金寶藏迷宮) 與入口處食夢貘對話可直達黃金之洞窟地下 50 階
鬼泣雷影,金屬系,50,4,4,17,50,8,125,地10,超強石化魔法LV10、戰慄襲心LV13、強力補血魔法LV10,2026-05-13,[公告](https://cg.originmood.com/NewsContent/zh_TW/mlbb_news_17034.html),/img/專屬寵物/鬼泣雷影.gif,[黃金寶藏迷宮](/任務攻略/限時活動/黃金寶藏迷宮) 與入口處食夢貘對話可直達黃金之洞窟地下 50 階
影,金屬系,34,45,20,20,6,8,125,地10,連擊LV11,2026-05-13,[公告](https://cg.originmood.com/NewsContent/zh_TW/mlbb_news_17034.html),/img/專屬寵物/影.gif,
五週年黃蜂,昆蟲系,15,40,10,50,10,8,125,火10,氣功彈LV2、石化攻擊LV12、氣絕回復LV1,2026-05-13,[公告](https://cg.originmood.com/NewsContent/zh_TW/mlbb_news_17034.html),/img/專屬寵物/五週年黃蜂.gif,
果栗鼠,野獸系,21,11,13,39,39,8,123,風9地1,強力混亂魔法LV3,2026-05-13,[公告](https://cg.originmood.com/NewsContent/zh_TW/mlbb_news_17034.html),/img/專屬寵物/果栗鼠.gif,
蕾米兒,人形系,50,33,6,30,6,8,125,風10,潛龍殺LV12、乾坤一擲LV12、裂空斬LV10、氣絕回復LV4,2026-05-06,[公告](https://cg.originmood.com/NewsContent/zh_TW/mlbb_news_16954.html),/img/專屬寵物/蕾米兒.gif,
黑潮水母,飛行系,39,40,7,30,7,8,125,水10,連擊LV13、戰慄襲心LV12、氣功彈LV3,2026-05-06,[公告](https://cg.originmood.com/NewsContent/zh_TW/mlbb_news_16954.html),/img/專屬寵物/黑潮水母.gif,
凜冬龍王,龍系,50,41,7,20,7,8,125,水10,氣功彈LV3、裂空斬LV10、諸刃LV13,2026-05-04,[公告](https://cg.originmood.com/NewsContent/zh_TW/mlbb_news_16934.html),/img/專屬寵物/凜冬龍王.gif,
凜冬巨龍,龍系,25,39,15,22,19,8,125,水10,氣功彈I,2026-05-04,[公告](https://cg.originmood.com/NewsContent/zh_TW/mlbb_news_16934.html),/img/專屬寵物/凜冬龍王.gif,
金牛座,野獸系,36,38,29,11,11,8,125,風8地2,潛龍殺LV10,2026-05-01,[公告](https://cg.originmood.com/NewsContent/zh_TW/mlbb_news_16924.html),/img/專屬寵物/金牛座.gif,
天叢雲神樂,金屬系,27,40,4,50,4,8,125,水5風5,連擊LV11、補血魔法LV10、裂空斬LV10、氣功彈LV3,2026-04-29,[公告](https://cg.originmood.com/NewsContent/zh_TW/mlbb_news_16894.html),/img/專屬寵物/天叢雲神樂.gif,
神樂,金屬系,25,40,10,40,10,8,125,水10,連擊LV11,2026-04-29,[公告](https://cg.originmood.com/NewsContent/zh_TW/mlbb_news_16894.html),/img/專屬寵物/神樂.gif,
初心花仙,植物系,29,9,16,27,44,8,125,風10,強力遺忘魔法LV10、混亂衝擊波LV10,,,/img/專屬寵物/初心花仙.gif,
寶貝蛋糕,特殊系,27,9,16,27,46,8,125,水10,強力酒醉魔法LV10、混亂衝擊波LV10,2026-04-29,[公告](https://cg.originmood.com/NewsContent/zh_TW/mlbb_news_16894.html),/img/專屬寵物/寶貝蛋糕.gif,
魔力蛋糕,特殊系,27,9,16,27,46,8,125,火10,強力混亂魔法LV10、混亂衝擊波LV10,2026-04-29,[公告](https://cg.originmood.com/NewsContent/zh_TW/mlbb_news_16894.html),/img/專屬寵物/魔力蛋糕.gif,
斑斑貘,飛行系,26,10,13,31,43,8,123,水10,強力昏睡魔法LV10、混亂衝擊波LV10,2026-04-29,[公告](https://cg.originmood.com/NewsContent/zh_TW/mlbb_news_16894.html),/img/專屬寵物/斑斑貘.gif,
初心花妖,植物系,27,11,15,28,39,8,120,火3風7,強力酒醉魔法LV3,2026-04-29,[公告](https://cg.originmood.com/NewsContent/zh_TW/mlbb_news_16894.html),/img/專屬寵物/初心花妖.gif,
米拉魚人,飛行系,28,50,10,27,10,8,125,水1火9,氣功彈LV2、乾坤一擲LV11,2026-04-22,[公告](https://cg.originmood.com/NewsContent/zh_TW/mlbb_news_16844.html),/img/專屬寵物/米拉魚人.gif,
羞羞倉鼠,野獸系,27,10,13,30,43,8,123,水2火8,強力酒醉魔法LV3,2026-04-22,[公告](https://cg.originmood.com/NewsContent/zh_TW/mlbb_news_16844.html),/img/專屬寵物/羞羞倉鼠.gif,
天叢雲櫻,金屬系,47,45,4,25,4,8,125,火10,連擊LV11、乾坤一擲LV12、裂空斬LV10、超強石化魔法LV7,2026-04-09,[公告](https://cg.originmood.com/NewsContent/zh_TW/mlbb_news_16794.html),/img/專屬寵物/天叢雲櫻.gif,
櫻,金屬系,40,40,10,25,10,8,125,火10,乾坤一擲LV11,2026-04-09,[公告](https://cg.originmood.com/NewsContent/zh_TW/mlbb_news_16794.html),/img/專屬寵物/櫻.gif,
花季倉鼠,野獸系,26,10,13,33,41,8,123,火2風8,強力昏睡魔法LV3,2026-04-09,[公告](https://cg.originmood.com/NewsContent/zh_TW/mlbb_news_16794.html),/img/專屬寵物/花季倉鼠.gif,
虛空魔龍,不死系,37,50,7,24,7,8,125,水5火5,連擊LV12、氣功彈LV3、裂空斬LV10、氣絕回復LV1,2026-04-01,[公告](https://cg.originmood.com/NewsContent/zh_TW/mlbb_news_16764.html),/img/專屬寵物/虛空魔龍.gif,
梅莉珊卓,人形系,32,47,10,27,9,8,125,風10,連擊LV12,2026-04-01,[公告](https://cg.originmood.com/NewsContent/zh_TW/mlbb_news_16764.html),/img/專屬寵物/梅莉珊卓.gif,
小鹽巴Kylie,飛行系,25,45,10,35,10,8,125,風2地8,裂空斬LV10、連擊LV11,,,/img/專屬寵物/小鹽巴Kylie.gif,
貪慾牛魔,不死系,45,40,7,25,8,8,125,火10,裂空斬LV10、氣功彈LV3、戰慄襲心LV11,2026-03-25,[公告](https://cg.originmood.com/NewsContent/zh_TW/mlbb_news_16724.html),/img/專屬寵物/貪慾牛魔.gif,[家族任務賽](/任務攻略/專屬任務/家族任務賽) 攜帶即可直接完成家族祭司奧巴麗的委託，免去討伐
魔官遊獄石,金屬系,30,47,10,27,11,8,125,地10,裂空斬LV10、連擊LV12,2026-03-25,[公告](https://cg.originmood.com/NewsContent/zh_TW/mlbb_news_16724.html),/img/專屬寵物/魔官遊獄石.gif,
喵喵寶寶IV,野獸系,30,40,30,12,12,8,124,風10,飛刃亂舞LV9、氣功彈LV1,2026-03-25,[公告](https://cg.originmood.com/NewsContent/zh_TW/mlbb_news_16724.html),/img/專屬寵物/喵喵寶寶IV.gif,
巴力寶寶IV,不死系,30,40,12,30,12,8,124,風10,裂空斬LV9、單體即死LV1,2026-03-25,[公告](https://cg.originmood.com/NewsContent/zh_TW/mlbb_news_16724.html),/img/專屬寵物/巴力寶寶IV.gif,
賽拉芬寶寶IV,飛行系,30,12,12,30,40,8,124,水10,混亂衝擊波LV9、氣絕回復LV1,2026-03-25,[公告](https://cg.originmood.com/NewsContent/zh_TW/mlbb_news_16724.html),/img/專屬寵物/賽拉芬寶寶IV.gif,
喵喵寶寶III,野獸系,29,29,29,12,12,8,121,風10,飛刃亂舞LV7,2026-03-25,[公告](https://cg.originmood.com/NewsContent/zh_TW/mlbb_news_16724.html),/img/專屬寵物/喵喵寶寶IV.gif,
巴力寶寶III,不死系,29,39,12,29,12,8,121,風10,裂空斬LV7,2026-03-25,[公告](https://cg.originmood.com/NewsContent/zh_TW/mlbb_news_16724.html),/img/專屬寵物/巴力寶寶IV.gif,
賽拉芬寶寶III,飛行系,29,12,12,29,39,8,121,水10,混亂衝擊波LV7,2026-03-25,[公告](https://cg.originmood.com/NewsContent/zh_TW/mlbb_news_16724.html),/img/專屬寵物/賽拉芬寶寶IV.gif,
喵喵寶寶II,野獸系,27,37,27,12,12,8,115,風10,飛刃亂舞LV3,2026-03-25,[公告](https://cg.originmood.com/NewsContent/zh_TW/mlbb_news_16724.html),/img/專屬寵物/喵喵寶寶IV.gif,
巴力寶寶II,不死系,27,37,12,27,12,8,115,風10,裂空斬LV3,2026-03-25,[公告](https://cg.originmood.com/NewsContent/zh_TW/mlbb_news_16724.html),/img/專屬寵物/巴力寶寶IV.gif,
賽拉芬寶寶II,飛行系,27,12,12,27,37,8,115,水10,混亂衝擊波LV3,2026-03-25,[公告](https://cg.originmood.com/NewsContent/zh_TW/mlbb_news_16724.html),/img/專屬寵物/賽拉芬寶寶IV.gif,
喵喵寶寶I,野獸系,25,25,25,12,12,8,109,風10,,2026-03-25,[公告](https://cg.originmood.com/NewsContent/zh_TW/mlbb_news_16724.html),/img/專屬寵物/喵喵寶寶IV.gif,
巴力寶寶I,不死系,25,35,12,25,12,8,109,風10,,2026-03-25,[公告](https://cg.originmood.com/NewsContent/zh_TW/mlbb_news_16724.html),/img/專屬寵物/巴力寶寶IV.gif,
賽拉芬寶寶I,飛行系,25,12,12,25,35,8,109,水10,,2026-03-25,[公告](https://cg.originmood.com/NewsContent/zh_TW/mlbb_news_16724.html),/img/專屬寵物/賽拉芬寶寶IV.gif,
梅利莎,人形系,30,9,11,27,48,8,125,風10,精神衝擊波LV10、強力昏睡魔法LV10、雲群的祈禱LV10,2026-03-12,[公告](https://cg.originmood.com/NewsContent/zh_TW/mlbb_news_16684.html),/img/專屬寵物/梅利莎.gif,
異型火蜂,昆蟲系,32,45,10,28,10,8,125,火10,氣功彈LV2、連擊LV11,2026-03-12,[公告](https://cg.originmood.com/NewsContent/zh_TW/mlbb_news_16684.html),/img/專屬寵物/異型火蜂.gif,
天叢雲雪,金屬系,50,40,4,27,4,8,125,風10,連擊LV11、氣功彈LV3、裂空斬LV10、潔淨魔法LV3,2026-03-03,[公告](https://cg.originmood.com/NewsContent/zh_TW/mlbb_news_16644.html),/img/專屬寵物/天叢雲雪.gif,
雪,金屬系,50,40,4,27,4,8,125,風10,裂空斬LV10,2026-03-03,[公告](https://cg.originmood.com/NewsContent/zh_TW/mlbb_news_16644.html),/img/專屬寵物/雪.gif,
熱砂之歐茲那克,人形系,43,40,10,16,16,8,125,水10,氣功彈LV3、乾坤一擲LV11、崩擊LV11,2026-02-26,[公告](https://cg.originmood.com/NewsContent/zh_TW/mlbb_news_16614.html),/img/專屬寵物/熱砂之歐茲那克.gif,
殺龍之歐茲尼克,人形系,34,45,10,26,10,8,125,火10,潛龍殺LV11、乾坤一擲LV11、裂空斬LV10、氣功彈LV2,2026-02-26,[公告](https://cg.originmood.com/NewsContent/zh_TW/mlbb_news_16614.html),/img/專屬寵物/殺龍之歐茲尼克.gif,
糯糯靴靈,特殊系,26,16,19,16,46,8,123,水7火3,昏睡魔法LV7,2026-02-26,[公告](https://cg.originmood.com/NewsContent/zh_TW/mlbb_news_16614.html),/img/專屬寵物/糯糯靴靈.gif,
愛情氣球,特殊系,31,10,10,24,50,8,125,水2火8,混亂衝擊波LV10、強力補血魔法LV6、昏睡魔法LV10,2026-02-14,[公告](https://cg.originmood.com/NewsContent/zh_TW/mlbb_news_16564.html),/img/專屬寵物/愛情氣球.gif,
改造露比,人形系,20,6,17,40,42,8,125,水5火5,潔淨魔法LV6、混亂衝擊波LV10、強力混亂魔法LV10,2026-02-12,[公告](https://cg.originmood.com/NewsContent/zh_TW/mlbb_news_16554.html),/img/專屬寵物/改造露比.gif,
天叢雲舞,金屬系,27,40,4,50,4,8,125,地5火5,連擊LV11、連擊LV12、裂空斬LV10、潔淨魔法LV3,2026-02-12,[公告](https://cg.originmood.com/NewsContent/zh_TW/mlbb_news_16554.html),/img/專屬寵物/天叢雲舞.gif,[救贖之子](/任務攻略/主線任務/混沌雙子系列/救贖之子) 透過石碑直達出口，並跳過關卡王烏坎達的考驗
舞,金屬系,27,40,4,50,4,8,125,地5火5,連擊LV11,2026-02-12,[公告](https://cg.originmood.com/NewsContent/zh_TW/mlbb_news_16554.html),/img/專屬寵物/舞.gif,
赤血飛馬,飛行系,27,44,16,27,11,8,125,水2火8,諸刃LV11,2026-02-12,[公告](https://cg.originmood.com/NewsContent/zh_TW/mlbb_news_16554.html),/img/專屬寵物/赤血飛馬.gif,
改造飛馬公主,飛行系,43,46,14,16,6,8,125,風10,氣功彈LV3、連擊LV11、裂空斬LV10,2026-02-12,[公告](https://cg.originmood.com/NewsContent/zh_TW/mlbb_news_16554.html),/img/專屬寵物/改造飛馬公主.gif,
改造布偶夏莉,飛行系,21,8,17,35,44,8,125,風2地8,混亂衝擊波LV10、氣絕回復LV1、大地的祈禱LV8,2026-02-12,[公告](https://cg.originmood.com/NewsContent/zh_TW/mlbb_news_16554.html),/img/專屬寵物/改造布偶夏莉.gif,
改造冰原獨角獸,野獸系,33,47,13,26,6,8,125,水10,潛龍殺LV11、石化攻擊LV11、裂空斬LV10,2026-02-12,[公告](https://cg.originmood.com/NewsContent/zh_TW/mlbb_news_16554.html),/img/專屬寵物/改造冰原獨角獸.gif,
噗栗大王,不死系,29,45,25,15,11,8,125,水10,諸刃LV12、連擊LV11、裂空斬LV10,2026-02-12,[公告](https://cg.originmood.com/NewsContent/zh_TW/mlbb_news_16554.html),/img/專屬寵物/噗栗大王.gif,
噗栗桑,不死系,29,45,25,15,11,8,125,水10,裂空斬LV7,2026-02-12,[公告](https://cg.originmood.com/NewsContent/zh_TW/mlbb_news_16554.html),/img/專屬寵物/噗栗大王.gif,
噗栗醬,不死系,29,45,25,15,11,8,125,水10,連擊LV11,2026-02-12,[公告](https://cg.originmood.com/NewsContent/zh_TW/mlbb_news_16554.html),/img/專屬寵物/噗栗大王.gif,
噗栗君,不死系,29,45,25,15,11,8,125,水10,諸刃LV12,2026-02-12,[公告](https://cg.originmood.com/NewsContent/zh_TW/mlbb_news_16554.html),/img/專屬寵物/噗栗大王.gif,
小錦人馬,野獸系,36,32,33,10,12,8,123,水2火8,聖盾LV10,2026-02-12,[公告](https://cg.originmood.com/NewsContent/zh_TW/mlbb_news_16554.html),/img/專屬寵物/小錦人馬.gif,
爆蛋嚕嚕,特殊系,26,10,17,29,43,8,125,火3風7,超強火焰魔法LV1,2026-02-12,[公告](https://cg.originmood.com/NewsContent/zh_TW/mlbb_news_16554.html),/img/專屬寵物/爆蛋嚕嚕.gif,
鞭炮靴怪,特殊系,32,10,24,15,42,8,123,火7風3,火焰的祈禱LV1,2026-02-12,[公告](https://cg.originmood.com/NewsContent/zh_TW/mlbb_news_16554.html),/img/專屬寵物/鞭炮靴怪.gif,
青墨海馬,龍系,26,9,13,33,42,8,123,水2火8,強力酒醉魔法LV3,2026-02-12,[公告](https://cg.originmood.com/NewsContent/zh_TW/mlbb_news_16554.html),/img/專屬寵物/青墨海馬.gif,
噬歲狼王,金屬系,45,40,9,25,6,8,125,火5風5,氣功彈LV3、連擊LV11、裂空斬LV10,2026-01-30,[公告](https://cg.originmood.com/NewsContent/zh_TW/mlbb_news_16484.html),/img/專屬寵物/噬歲狼王.gif,
嗜血狂狼,金屬系,30,30,30,18,17,8,125,火10,氣功彈LV2、攻擊無效LV4,2026-01-30,[公告](https://cg.originmood.com/NewsContent/zh_TW/mlbb_news_16484.html),/img/專屬寵物/噬歲狼王.gif,
春,人形系,33,38,24,20,10,8,125,火6風4,裂空斬LV7,2026-01-30,[公告](https://cg.originmood.com/NewsContent/zh_TW/mlbb_news_16484.html),/img/專屬寵物/春.gif,
比特魔蝠,飛行系,28,10,13,35,39,8,125,風3地7,強力中毒魔法LV7,2026-02-02,[公告](https://cg.originmood.com/NewsContent/zh_TW/mlbb_news_16494.html),/img/專屬寵物/比特魔蝠.gif,
伊莉絲,人形系,30,6,16,23,50,8,125,火5風5,強力補血魔法LV7、混亂衝擊波LV10、超強遺忘魔法LV10,2026-01-21,[公告](https://cg.originmood.com/NewsContent/zh_TW/mlbb_news_16444.html),/img/專屬寵物/伊莉絲.gif,
黃金史萊姆,特殊系,35,7,7,48,28,8,125,火1風9,強力昏睡魔法LV10、超強昏睡魔法LV10、強力補血魔法LV7,2026-01-21,[公告](https://cg.originmood.com/NewsContent/zh_TW/mlbb_news_16444.html),/img/專屬寵物/黃金史萊姆.gif,
赤金翼獅,金屬系,34,40,17,24,10,8,125,火10,裂空斬LV10、連擊LV12、乾坤一擲LV11,2026-01-21,[公告](https://cg.originmood.com/NewsContent/zh_TW/mlbb_news_16444.html),/img/專屬寵物/赤金翼獅.gif,
食夢貘,飛行系,31,44,13,27,10,8,125,風9地1,氣功彈I、連擊LV12,2026-01-21,[公告](https://cg.originmood.com/NewsContent/zh_TW/mlbb_news_16444.html),/img/專屬寵物/食夢貘.gif,
岩柱,金屬系,29,35,27,10,19,8,125,風7地3,昏睡攻擊LV10,2026-01-21,[公告](https://cg.originmood.com/NewsContent/zh_TW/mlbb_news_16444.html),/img/專屬寵物/岩柱.gif,
亞紀子,人形系,30,6,13,30,46,8,125,火10,超強石化魔法LV7、超強中毒魔法LV10、火焰的祈禱LV10,2026-01-08,[公告](https://cg.originmood.com/NewsContent/zh_TW/mlbb_news_16404.html),/img/專屬寵物/亞紀子.gif,
方塊喵,野獸系,32,44,14,20,15,8,125,火10,飛刃亂舞LV10、連擊LV12,2026-01-08,[公告](https://cg.originmood.com/NewsContent/zh_TW/mlbb_news_16404.html),/img/專屬寵物/方塊喵.gif,
劍術大師里昂,人形系,37,50,4,30,4,8,125,水10,連擊LV11、氣功彈LV3、裂空斬LV10,2025-12-31,[公告](https://cg.originmood.com/NewsContent/zh_TW/mlbb_news_16364.html),/img/專屬寵物/劍術大師里昂.gif,
戰斧大師帕里修斯,人形系,45,40,10,20,10,8,125,火10,潛龍殺LV11、乾坤一擲LV12、裂空斬LV10,2025-12-31,[公告](https://cg.originmood.com/NewsContent/zh_TW/mlbb_news_16364.html),/img/專屬寵物/戰斧大師帕里修斯.gif,
巫王耶克爾,人形系,44,7,7,22,45,8,125,地10,潔淨魔法LV3、恢復魔法LV10、超強補血魔法LV5,2025-12-31,[公告](https://cg.originmood.com/NewsContent/zh_TW/mlbb_news_16364.html),/img/專屬寵物/巫王耶克爾.gif,
大魔導師艾夏菲,人形系,35,5,5,30,50,8,125,風10,精神衝擊波LV10、石化魔法LV10、超強風刃魔法LV10,2025-12-31,[公告](https://cg.originmood.com/NewsContent/zh_TW/mlbb_news_16364.html),/img/專屬寵物/大魔導師艾夏菲.gif,
劍士里昂,人形系,37,50,4,30,4,8,125,水10,連擊LV11,2025-12-31,[公告](https://cg.originmood.com/NewsContent/zh_TW/mlbb_news_16364.html),/img/專屬寵物/劍術大師里昂.gif,
戰斧帕里修斯,人形系,45,40,10,20,10,8,125,火10,潛龍殺LV11,2025-12-31,[公告](https://cg.originmood.com/NewsContent/zh_TW/mlbb_news_16364.html),/img/專屬寵物/戰斧大師帕里修斯.gif,
巫師耶克爾,人形系,44,7,7,22,45,8,125,地10,潔淨魔法LV3,2025-12-31,[公告](https://cg.originmood.com/NewsContent/zh_TW/mlbb_news_16364.html),/img/專屬寵物/巫王耶克爾.gif,
魔術師艾夏菲,人形系,35,5,5,30,50,8,125,風10,精神衝擊波LV10,2025-12-31,[公告](https://cg.originmood.com/NewsContent/zh_TW/mlbb_news_16364.html),/img/專屬寵物/大魔導師艾夏菲.gif,
奔旦大王,不死系,26,11,21,22,45,8,125,地10,強力石化魔法LV10、超強中毒魔法LV10、混亂衝擊波LV10,2025-12-24,[公告](https://cg.originmood.com/NewsContent/zh_TW/mlbb_news_16344.html),/img/專屬寵物/奔旦大王.gif,
奔旦桑,不死系,26,11,21,22,45,8,125,地10,混亂衝擊波LV10,2025-12-24,[公告](https://cg.originmood.com/NewsContent/zh_TW/mlbb_news_16344.html),/img/專屬寵物/奔旦大王.gif,
奔旦醬,不死系,26,11,21,22,45,8,125,地10,超強中毒魔法LV10,2025-12-24,[公告](https://cg.originmood.com/NewsContent/zh_TW/mlbb_news_16344.html),/img/專屬寵物/奔旦大王.gif,
奔旦君,不死系,26,11,21,22,45,8,125,地10,強力石化魔法LV10,2025-12-24,[公告](https://cg.originmood.com/NewsContent/zh_TW/mlbb_news_16344.html),/img/專屬寵物/奔旦大王.gif,
改造聖誕水藍鼠,野獸系,45,40,13,20,7,8,125,水10,氣功彈LV2、連擊LV11,2025-12-24,[公告](https://cg.originmood.com/NewsContent/zh_TW/mlbb_news_16344.html),/img/專屬寵物/改造聖誕水藍鼠.gif,
改造糖果大地鼠,野獸系,30,10,13,26,46,8,125,地10,昏睡魔法LV10、混亂衝擊波LV10,2025-12-24,[公告](https://cg.originmood.com/NewsContent/zh_TW/mlbb_news_16344.html),/img/專屬寵物/改造糖果大地鼠.gif,
改造馴鹿,特殊系,40,35,25,15,10,8,125,水5火5,諸刃LV11、毒性攻擊LV11,2025-12-24,[公告](https://cg.originmood.com/NewsContent/zh_TW/mlbb_news_16344.html),/img/專屬寵物/改造馴鹿.gif,
平安海葵,植物系,18,13,17,33,39,8,120,水6火4,昏睡攻擊LV11、混亂衝擊波LV5,2025-12-24,[公告](https://cg.originmood.com/NewsContent/zh_TW/mlbb_news_16344.html),/img/專屬寵物/平安海葵.gif,
紫獄龍王,飛行系,35,50,6,28,6,9,125,地10,氣功彈LV3、連擊LV11、裂空斬LV10,2025-12-12,[公告](https://cg.originmood.com/NewsContent/zh_TW/mlbb_news_16314.html),/img/專屬寵物/紫獄龍王.gif,
幻紫飛龍,飛行系,24,34,24,24,14,8,120,地8水2,氣功彈I,2025-12-12,[公告](https://cg.originmood.com/NewsContent/zh_TW/mlbb_news_16314.html),/img/專屬寵物/紫獄龍王.gif,
八重紫,植物系,36,6,6,27,50,9,125,風10,超強恢復魔法LV5、超強補血魔法LV7、超強石化魔法LV10,2025-12-10,[公告](https://cg.originmood.com/NewsContent/zh_TW/mlbb_news_16284.html),/img/專屬寵物/八重紫.gif,
巫蛇妖姬,植物系,24,24,24,24,24,8,120,風10,混亂衝擊波LV10,2025-12-10,[公告](https://cg.originmood.com/NewsContent/zh_TW/mlbb_news_16284.html),/img/專屬寵物/八重紫.gif,
梅花喵,野獸系,34,43,15,21,12,8,125,地10,飛刃亂舞LV10、氣功彈LV1,2025-12-10,[公告](https://cg.originmood.com/NewsContent/zh_TW/mlbb_news_16284.html),/img/專屬寵物/梅花喵.gif,
極地雪人,特殊系,20,15,20,25,40,8,120,水7火3,混亂衝擊波LV5,2025-12-10,[公告](https://cg.originmood.com/NewsContent/zh_TW/mlbb_news_16284.html),/img/專屬寵物/極地雪人.gif,
劈哩大王,不死系,26,40,21,27,11,8,125,火10,氣功彈LV3、潛龍殺LV11、飛刃亂舞LV10,2025-12-05,[公告](https://cg.originmood.com/NewsContent/zh_TW/mlbb_news_16264.html),/img/專屬寵物/劈哩大王.gif,
劈哩桑,不死系,26,40,21,27,11,8,125,火10,飛刃亂舞LV7,2025-12-05,[公告](https://cg.originmood.com/NewsContent/zh_TW/mlbb_news_16264.html),/img/專屬寵物/劈哩大王.gif,
劈哩醬,不死系,26,40,21,27,11,8,125,火10,潛龍殺LV10,2025-12-05,[公告](https://cg.originmood.com/NewsContent/zh_TW/mlbb_news_16264.html),/img/專屬寵物/劈哩大王.gif,
劈哩君,不死系,26,40,21,27,11,8,125,火10,氣功彈I,2025-12-05,[公告](https://cg.originmood.com/NewsContent/zh_TW/mlbb_news_16264.html),/img/專屬寵物/劈哩大王.gif,
圍巾雪人,特殊系,20,40,20,25,15,8,120,風3地7,氣功彈I,2025-12-05,[公告](https://cg.originmood.com/NewsContent/zh_TW/mlbb_news_16264.html),/img/專屬寵物/圍巾雪人.gif,
冰冰雪人,特殊系,25,40,20,20,15,8,120,地3水7,裂空斬LV7,2025-12-05,[公告](https://cg.originmood.com/NewsContent/zh_TW/mlbb_news_16264.html),/img/專屬寵物/冰冰雪人.gif,
淺域龍神,龍系,45,45,4,27,4,9,125,風10,裂空斬LV10、氣功彈LV3、乾坤一擲LV11,2025-11-27,[公告](https://cg.originmood.com/NewsContent/zh_TW/mlbb_news_16244.html),/img/專屬寵物/淺域龍神.gif,
弒殺螳螂,昆蟲系,31,50,10,21,13,9,125,火10,乾坤一擲LV11、裂空斬LV10、石化攻擊LV12,2025-11-27,[公告](https://cg.originmood.com/NewsContent/zh_TW/mlbb_news_16244.html),/img/專屬寵物/弒殺螳螂.gif,
海拉爾戰士,飛行系,40,40,10,25,10,9,125,地3水7,潛龍殺LV10,2025-11-27,[公告](https://cg.originmood.com/NewsContent/zh_TW/mlbb_news_16244.html),/img/專屬寵物/海拉爾戰士.gif,
第16期亞軍寵,飛行系,15,45,10,45,10,9,125,風5地5,裂空斬LV10、連擊LV11,2025-11-27,[公告](https://cg.originmood.com/NewsContent/zh_TW/mlbb_news_16244.html),/img/專屬寵物/第16期亞軍寵.gif,
第16期金怪,金屬系,40,40,10,25,10,9,125,地10,裂空斬LV10,2025-11-27,[公告](https://cg.originmood.com/NewsContent/zh_TW/mlbb_news_16244.html),/img/專屬寵物/第16期金怪.gif,
烏傑比,人形系,27,15,19,23,41,8,125,水7火3,補血魔法LV5、混亂衝擊波LV10、魔法吸收LV1,2025-11-20,[公告](https://cg.originmood.com/NewsContent/zh_TW/mlbb_news_16224.html),/img/專屬寵物/烏傑比.gif,
銀龍騎士團古娜,不死系,39,40,8,25,13,9,125,火10,氣功彈LV3、潛龍殺LV10、裂空斬LV10,2025-11-13,[公告](https://cg.originmood.com/NewsContent/zh_TW/mlbb_news_16194.html),/img/專屬寵物/銀龍騎士團古娜.gif,
玄武石巨像,金屬系,41,35,23,16,10,9,125,地10,裂空斬LV10、氣功彈LV2,2025-11-13,[公告](https://cg.originmood.com/NewsContent/zh_TW/mlbb_news_16194.html),/img/專屬寵物/玄武石巨像.gif,
帝國士兵菲爾,人形系,26,13,19,26,41,8,125,火2風8,混亂衝擊波LV5,2025-11-13,[公告](https://cg.originmood.com/NewsContent/zh_TW/mlbb_news_16194.html),/img/專屬寵物/帝國士兵菲爾.gif,
渡,人形系,25,10,15,26,49,9,125,水10,超強昏睡魔法LV8、超強酒醉魔法LV10、強力恢復魔法LV6,2025-11-10,[公告](https://cg.originmood.com/NewsContent/zh_TW/mlbb_news_16164.html),/img/專屬寵物/渡.gif,
紫金暴龍王,金屬系,31,45,14,29,6,9,125,水5風5,裂空斬LV10、乾坤一擲LV11、超強石化魔法LV10,2025-11-10,[公告](https://cg.originmood.com/NewsContent/zh_TW/mlbb_news_16164.html),/img/專屬寵物/紫金暴龍王.gif,
紫金冥龍,金屬系,26,40,17,25,12,8,120,風10,乾坤一擲LV11,2025-11-10,[公告](https://cg.originmood.com/NewsContent/zh_TW/mlbb_news_16164.html),/img/專屬寵物/紫金暴龍王.gif,
強擊漂浮炸彈,特殊系,40,40,10,25,10,8,125,風8地2,連擊LV11,2025-11-10,[公告](https://cg.originmood.com/NewsContent/zh_TW/mlbb_news_16144.html),/img/專屬寵物/強擊漂浮炸彈.gif,
風之使徒,特殊系,50,4,4,50,17,9,125,風10,超強昏睡魔法LV10、潔淨魔法LV3、超強補血魔法LV7,2025-10-29,[公告](https://cg.originmood.com/NewsContent/zh_TW/mlbb_news_16124.html),/img/專屬寵物/風之使徒.gif,[寵物技能聖殿](/任務攻略/專屬任務/寵物技能聖殿) 隊伍中有即可與時空獸或寶石鼠洛洛對話，跳過步驟 4、5 直接進入時空聖殿
白銀冥鬥士,不死系,32,44,26,17,6,9,125,風10,裂空斬LV10、連擊LV12、諸刃LV11,2025-10-29,[公告](https://cg.originmood.com/NewsContent/zh_TW/mlbb_news_16124.html),/img/專屬寵物/白銀冥鬥士.gif,
欺詐小魅魔,不死系,21,11,13,36,44,9,125,風8地2,混亂衝擊波LV5,2025-10-29,[公告](https://cg.originmood.com/NewsContent/zh_TW/mlbb_news_16124.html),/img/專屬寵物/欺詐小魅魔.gif,
魯恩卡爾,人形系,30,48,21,16,10,9,125,火10,裂空斬LV10、反擊LV11、氣功彈LV2,2025-10-15,[公告](https://cg.originmood.com/NewsContent/zh_TW/mlbb_news_16064.html),/img/專屬寵物/魯恩卡爾.gif,
死亡狂蜂,昆蟲系,31,44,13,27,10,9,125,水10,裂空斬LV10、氣功彈LV1,2025-10-15,[公告](https://cg.originmood.com/NewsContent/zh_TW/mlbb_news_16064.html),/img/專屬寵物/死亡狂蜂.gif,
波卡加,特殊系,21,42,18,31,13,8,125,地2水8,裂空斬LV5,2025-10-15,[公告](https://cg.originmood.com/NewsContent/zh_TW/mlbb_news_16064.html),/img/專屬寵物/波卡加.gif,
尼艾貝希,特殊系,30,10,22,18,45,9,125,火5風5,混亂衝擊波LV10、超強昏睡魔法LV5,,,/img/專屬寵物/尼艾貝希.gif,
綾香,人形系,43,40,8,26,8,9,125,風10,裂空斬LV10、連擊LV11、連擊LV12,2025-10-10,[公告](https://cg.originmood.com/NewsContent/zh_TW/mlbb_news_16044.html),/img/專屬寵物/綾香.gif,
寒冰奇美拉,飛行系,33,8,8,49,27,9,125,水5火5,超強石化魔法LV10、潔淨魔法LV3、氣絕回復LV1,2025-10-10,[公告](https://cg.originmood.com/NewsContent/zh_TW/mlbb_news_16044.html),/img/專屬寵物/寒冰奇美拉.gif,
艾德奇美拉,飛行系,26,12,17,25,40,8,125,水5火5,混亂衝擊波LV10,2025-10-10,[公告](https://cg.originmood.com/NewsContent/zh_TW/mlbb_news_16044.html),/img/專屬寵物/寒冰奇美拉.gif,
菲尼利特,飛行系,26,46,10,29,14,9,125,火10,裂空斬LV10、戰慄襲心LV12、氣功彈LV2,2025-10-01,[公告](https://cg.originmood.com/NewsContent/zh_TW/mlbb_news_16004.html),/img/專屬寵物/菲尼利特.gif,
嫦娥仙子,飛行系,30,8,16,25,46,9,125,火10,強力昏睡魔法LV10、超強昏睡魔法LV7、補血魔法LV7,2025-10-01,[公告](https://cg.originmood.com/NewsContent/zh_TW/mlbb_news_16004.html),/img/專屬寵物/嫦娥仙子.gif,
吳桂,人形系,35,39,25,16,10,9,125,地10,乾坤一擲LV11、潛龍殺LV10、護衛LV11,2025-10-01,[公告](https://cg.originmood.com/NewsContent/zh_TW/mlbb_news_16004.html),/img/專屬寵物/吳桂.gif,
雪見大福兔兔,特殊系,41,47,6,25,6,9,125,水10,氣功彈LV3、連擊LV12、乾坤一擲LV11,2025-10-01,[公告](https://cg.originmood.com/NewsContent/zh_TW/mlbb_news_16004.html),/img/專屬寵物/雪見大福兔兔.gif,
黑糖大福兔兔,特殊系,41,6,6,47,25,9,125,地10,超強混亂魔法LV10、潔淨魔法LV3、恢復魔法LV10,2025-10-01,[公告](https://cg.originmood.com/NewsContent/zh_TW/mlbb_news_16004.html),/img/專屬寵物/黑糖大福兔兔.gif,
蘿蔔兔,野獸系,33,40,18,21,13,8,125,風8地2,混亂攻擊LV11,2025-10-01,[公告](https://cg.originmood.com/NewsContent/zh_TW/mlbb_news_16004.html),/img/專屬寵物/蘿蔔兔.gif,
地瓜兔,野獸系,30,14,14,17,50,8,125,地8水2,混亂衝擊波Lv3,2025-10-01,[公告](https://cg.originmood.com/NewsContent/zh_TW/mlbb_news_16004.html),/img/專屬寵物/地瓜兔.gif,
歐比康,特殊系,30,45,10,30,10,9,125,地5水5,裂空斬LV10、諸刃LV11,2025-09-17,[公告](https://cg.originmood.com/NewsContent/zh_TW/mlbb_news_15874.html),/img/專屬寵物/歐比康.gif,
極奢鼠皇,野獸系,15,45,10,45,10,9,125,地5水5,裂空斬LV10、諸刃LV11,2025-09-17,[公告](https://cg.originmood.com/NewsContent/zh_TW/mlbb_news_15874.html),/img/專屬寵物/極奢鼠皇.gif,
海洋使徒,特殊系,50,4,4,17,50,9,125,水10,超強石化魔法LV10、超強冰凍魔法LV7、超強補血魔法LV5,2025-09-17,[公告](https://cg.originmood.com/NewsContent/zh_TW/mlbb_news_15874.html),/img/專屬寵物/海洋使徒.gif,[家族獸試煉](/任務攻略/專屬任務/家族獸試煉) 持有聖地鑰石者攜帶可換取聖地指引之證，直接傳送至聖地之域
芽依,人形系,30,7,20,23,45,8,125,水10,超強昏睡魔法LV10、混亂衝擊波LV10、中毒魔法LV10,2025-09-17,[公告](https://cg.originmood.com/NewsContent/zh_TW/mlbb_news_15874.html),/img/專屬寵物/芽依.gif,
心春,人形系,23,41,20,30,11,8,125,風6地4,飛刃亂舞LV3,2025-09-17,[公告](https://cg.originmood.com/NewsContent/zh_TW/mlbb_news_15874.html),/img/專屬寵物/心春.gif,
翔太,人形系,13,43,11,20,38,8,125,火6風4,混亂衝擊波LV3,2025-09-17,[公告](https://cg.originmood.com/NewsContent/zh_TW/mlbb_news_15874.html),/img/專屬寵物/翔太.gif,
聖槍騎士,人形系,30,45,11,30,9,9,125,風5地5,裂空斬LV10、連擊LV11、諸刃LV12,2025-09-09,[公告](https://cg.originmood.com/NewsContent/zh_TW/mlbb_news_15804.html),/img/專屬寵物/聖槍騎士.gif,
聖紋地龍,龍系,39,8,8,21,49,9,125,地10,強力恢復魔法LV7、超強石化魔法LV7、超強補血魔法LV5,2025-09-09,[公告](https://cg.originmood.com/NewsContent/zh_TW/mlbb_news_15804.html),/img/專屬寵物/聖紋地龍.gif,
魔紋幼龍,龍系,24,24,24,24,24,7,120,地10,混亂衝擊波LV10,2025-09-09,[公告](https://cg.originmood.com/NewsContent/zh_TW/mlbb_news_15804.html),/img/專屬寵物/聖紋地龍.gif,
骷髏海盜王,不死系,36,43,10,25,11,9,125,水10,裂空斬LV10、戰慄襲心LV11、潛龍殺LV11,2025-09-04,[公告](https://cg.originmood.com/NewsContent/zh_TW/mlbb_news_15784.html),/img/專屬寵物/骷髏海盜王.gif,
中元腐屍,不死系,40,37,14,26,8,9,125,風1地9,連擊LV12、氣功彈LV1,2025-09-04,[公告](https://cg.originmood.com/NewsContent/zh_TW/mlbb_news_15784.html),/img/專屬寵物/中元腐屍.gif,
僵屍王爺,不死系,28,8,16,23,50,8,125,火10,單體即死LV1、超強中毒魔法LV10、混亂衝擊波LV10,2025-09-04,[公告](https://cg.originmood.com/NewsContent/zh_TW/mlbb_news_15784.html),/img/專屬寵物/僵屍王爺.gif,
僵屍貝勒,不死系,24,15,15,24,42,8,120,水2火8,中毒魔法LV10,2025-09-04,[公告](https://cg.originmood.com/NewsContent/zh_TW/mlbb_news_15784.html),/img/專屬寵物/僵屍貝勒.gif,
德蘭多爾,人形系,34,45,10,26,10,9,125,風10,亂射LV10、潛龍殺LV10、飛刃亂舞LV10,2025-08-21,[公告](https://cg.originmood.com/NewsContent/zh_TW/mlbb_news_15734.html),/img/專屬寵物/德蘭多爾.gif,
瑟菲雅,人形系,30,8,13,29,45,9,125,風10,超強酒醉魔法LV7、混亂衝擊波LV10、超強石化魔法LV5,2025-08-21,[公告](https://cg.originmood.com/NewsContent/zh_TW/mlbb_news_15734.html),/img/專屬寵物/瑟菲雅.gif,
戈魯姆,人形系,26,47,6,31,15,9,125,地8水2,亂射LV5、必殺狙擊LV10,2025-08-21,[公告](https://cg.originmood.com/NewsContent/zh_TW/mlbb_news_15734.html),/img/專屬寵物/戈魯姆.gif,
愛情花妖,植物系,26,16,19,22,40,8,125,火8風2,混亂衝擊波LV3,2025-08-21,[公告](https://cg.originmood.com/NewsContent/zh_TW/mlbb_news_15734.html),/img/專屬寵物/愛情花妖.gif,
白焰,人形系,40,47,4,30,4,9,125,風10,裂空斬LV10、連擊LV11、乾坤一擲LV12、氣絕回復LV1,2025-08-07,[公告](https://cg.originmood.com/NewsContent/zh_TW/mlbb_news_15704.html),/img/專屬寵物/白焰.gif,
鬼眼村正,金屬系,33,46,12,23,11,9,125,火10,裂空斬LV10、諸刃LV11、連擊LV12,2025-08-07,[公告](https://cg.originmood.com/NewsContent/zh_TW/mlbb_news_15704.html),/img/專屬寵物/鬼眼村正.gif,
妖刀,金屬系,33,37,20,15,15,7,125,火10,裂空斬LV6,2025-08-07,[公告](https://cg.originmood.com/NewsContent/zh_TW/mlbb_news_15704.html),/img/專屬寵物/鬼眼村正.gif,
菲利克斯,人形系,15,7,7,50,46,9,125,火10,超強補血魔法LV5、火焰的祈禱LV10、時空繚殺亂,2025-08-06,[公告](https://cg.originmood.com/NewsContent/zh_TW/mlbb_news_15694.html),/img/專屬寵物/菲利克斯.gif,
星海魚人,飛行系,36,44,13,24,8,9,125,水9火1,氣功彈LV2、飛刃亂舞LV10,2025-08-06,[公告](https://cg.originmood.com/NewsContent/zh_TW/mlbb_news_15694.html),/img/專屬寵物/星海魚人.gif,
魚人狂戰士,金屬系,24,40,24,20,17,8,125,火8風2,裂空斬LV3,2025-08-06,[公告](https://cg.originmood.com/NewsContent/zh_TW/mlbb_news_15694.html),/img/專屬寵物/魚人狂戰士.gif,
礦工寄居蟹,昆蟲系,22,17,22,19,43,8,123,風3地7,酒醉魔法LV3,2025-08-06,[公告](https://cg.originmood.com/NewsContent/zh_TW/mlbb_news_15694.html),/img/專屬寵物/礦工寄居蟹.gif,
緋璇,植物系,40,47,4,30,4,9,125,火10,裂空斬LV10、氣功彈LV3、飛刃亂舞LV12,2025-07-24,[公告](https://cg.originmood.com/NewsContent/zh_TW/mlbb_news_15634.html),/img/專屬寵物/緋璇.gif,[初心家族成立任務](/任務攻略/專屬任務/初心家族成立任務) 地之使者直接給智慧之書並傳出；風之使者協助跳過前 4 王
爆炎晶魚,金屬系,18,41,8,50,8,9,125,火10,裂空斬LV10、氣功彈LV3、突襲之舞LV10,2025-07-24,[公告](https://cg.originmood.com/NewsContent/zh_TW/mlbb_news_15634.html),/img/專屬寵物/爆炎晶魚.gif,
24週年慶螳螂,昆蟲系,42,49,6,17,11,8,125,風2地8,裂空斬LV10、戰慄襲心LV11、乾坤一擲LV11,2025-07-24,[公告](https://cg.originmood.com/NewsContent/zh_TW/mlbb_news_15634.html),/img/專屬寵物/24週年慶螳螂.gif,
24週年慶黃蜂,昆蟲系,17,6,11,49,42,8,125,火8風2,超強昏睡魔法LV7、強力昏睡魔法LV7、混亂衝擊波LV10,2025-07-24,[公告](https://cg.originmood.com/NewsContent/zh_TW/mlbb_news_15634.html),/img/專屬寵物/24週年慶黃蜂.gif,
24週年慶水龍蜥,龍系,42,6,11,17,49,8,125,水8火2,超強石化魔法LV7、混亂衝擊波LV10、石化魔法LV10,2025-07-24,[公告](https://cg.originmood.com/NewsContent/zh_TW/mlbb_news_15634.html),/img/專屬寵物/24週年慶水龍蜥.gif,
24週年慶大地鼠,野獸系,12,12,12,41,43,8,120,風2地8,混亂衝擊波LV5,2025-07-24,[公告](https://cg.originmood.com/NewsContent/zh_TW/mlbb_news_15634.html),/img/專屬寵物/24週年慶大地鼠.gif,
24週年慶噩夢鼠,野獸系,12,43,12,41,12,8,120,水8火2,裂空斬LV4,2025-07-24,[公告](https://cg.originmood.com/NewsContent/zh_TW/mlbb_news_15634.html),/img/專屬寵物/24週年慶噩夢鼠.gif,
賀歲鴨,飛行系,40,10,10,20,45,8,125,火8風2,屬性反轉LV3、混亂衝擊波LV10、超強石化魔法LV7,2025-07-24,[公告](https://cg.originmood.com/NewsContent/zh_TW/mlbb_news_15634.html),/img/專屬寵物/賀歲鴨.gif,
小白鴨,飛行系,40,45,10,20,10,9,125,水10,氣功彈LV2、乾坤一擲LV11、超強石化魔法LV7,2025-07-24,[公告](https://cg.originmood.com/NewsContent/zh_TW/mlbb_news_15634.html),/img/專屬寵物/小白鴨.gif,
寶寶炸彈,特殊系,18,40,10,48,9,9,125,水10,潔淨魔法LV3、氣功彈LV2,2025-07-24,[公告](https://cg.originmood.com/NewsContent/zh_TW/mlbb_news_15634.html),/img/專屬寵物/寶寶炸彈.gif,
橘胖團團,植物系,26,39,24,18,18,9,125,水2火8,裂空斬LV5、氣絕回復LV1,2025-07-24,[公告](https://cg.originmood.com/NewsContent/zh_TW/mlbb_news_15634.html),/img/專屬寵物/橘胖團團.gif,
快樂咩,野獸系,28,13,20,19,45,8,125,風9地1,遺忘魔法LV10、超強遺忘魔法LV5,2025-07-24,[公告](https://cg.originmood.com/NewsContent/zh_TW/mlbb_news_15634.html),/img/專屬寵物/快樂咩.gif,
生日咩,野獸系,29,19,23,16,33,7,120,風7地3,遺忘魔法LV3,2025-07-24,[公告](https://cg.originmood.com/NewsContent/zh_TW/mlbb_news_15634.html),/img/專屬寵物/生日咩.gif,
皮娜,人形系,40,45,10,20,10,9,125,風10,乾坤一擲LV11、裂空斬LV10、連擊LV12,2025-07-10,[公告](https://cg.originmood.com/NewsContent/zh_TW/mlbb_news_15594.html),/img/專屬寵物/皮娜.gif,
海藍蝙蝠,飛行系,27,44,17,29,8,9,125,地1水9,氣功彈I、戰慄襲心LV11、屬性反轉LV3,2025-07-10,[公告](https://cg.originmood.com/NewsContent/zh_TW/mlbb_news_15594.html),/img/專屬寵物/海藍蝙蝠.gif,
地獄閻魔,飛行系,34,43,6,30,12,9,125,火10,裂空斬LV10、氣功彈LV2、乾坤一擲LV12,2025-07-03,[公告](https://cg.originmood.com/NewsContent/zh_TW/mlbb_news_15574.html),/img/專屬寵物/地獄閻魔.gif,
紅魔,飛行系,33,39,15,18,15,8,120,火10,氣功彈I,2025-07-03,[公告](https://cg.originmood.com/NewsContent/zh_TW/mlbb_news_15574.html),/img/專屬寵物/地獄閻魔.gif,
深海龍王,飛行系,45,45,4,27,4,9,125,水10,乾坤一擲LV12、裂空斬LV10、突襲之舞LV12,2025-06-25,[公告](https://cg.originmood.com/NewsContent/zh_TW/mlbb_news_15554.html),/img/專屬寵物/深海龍王.gif,[嘆息之海](/任務攻略/主線任務/海底世界系列/嘆息之海) 在迷宮內找任意石碑即可直達海王殿
琴瑟海妖,飛行系,17,6,11,48,43,9,125,水4火6,超強石化魔法LV7、潔淨魔法LV3、強力補血魔法LV6,2025-06-25,[公告](https://cg.originmood.com/NewsContent/zh_TW/mlbb_news_15554.html),/img/專屬寵物/琴瑟海妖.gif,
衝浪小黃鴨,飛行系,28,46,23,20,8,9,125,風10,突襲之舞LV10、連擊LV11、氣功彈LV2,2025-06-25,[公告](https://cg.originmood.com/NewsContent/zh_TW/mlbb_news_15554.html),/img/專屬寵物/衝浪小黃鴨.gif,
深海鳥魔,飛行系,30,7,13,27,48,8,125,水10,強力昏睡魔法LV7、超強石化魔法LV5、混亂衝擊波LV10,2025-06-25,[公告](https://cg.originmood.com/NewsContent/zh_TW/mlbb_news_15554.html),/img/專屬寵物/深海鳥魔.gif,
乘浪企鵝,飛行系,32,37,19,25,10,9,123,地3水7,潛龍殺LV3,2025-06-25,[公告](https://cg.originmood.com/NewsContent/zh_TW/mlbb_news_15554.html),/img/專屬寵物/乘浪企鵝.gif,
寒武小丑魚,飛行系,29,6,15,27,48,9,125,水10,超強補血魔法LV5、海洋的祈禱LV10、混亂衝擊波LV10,2025-06-11,[公告](https://cg.originmood.com/NewsContent/zh_TW/mlbb_news_15414.html),/img/專屬寵物/寒武小丑魚.gif,
墮落天使,飛行系,35,39,19,24,8,9,125,水10,氣功彈LV2、連擊LV11,2025-06-11,[公告](https://cg.originmood.com/NewsContent/zh_TW/mlbb_news_15414.html),/img/專屬寵物/墮落天使.gif,
珊瑚海葵,植物系,28,33,21,27,14,8,123,火6風4,突襲之舞LV3,2025-06-11,[公告](https://cg.originmood.com/NewsContent/zh_TW/mlbb_news_15414.html),/img/專屬寵物/珊瑚海葵.gif,
青藻海帶,植物系,27,10,16,27,43,7,123,風3地7,,2025-06-11,[公告](https://cg.originmood.com/NewsContent/zh_TW/mlbb_news_15414.html),/img/專屬寵物/青藻海帶.gif,
流星,人形系,33,47,10,25,10,9,125,地5水5,連擊LV11、裂空斬LV10、戰慄襲心LV11,2025-06-06,[公告](https://cg.originmood.com/NewsContent/zh_TW/mlbb_news_15384.html),/img/專屬寵物/流星.gif,
星雲,人形系,33,10,10,25,47,9,125,地10,大地的祈禱LV10、超強恢復魔法LV5、超強混亂魔法LV5,2025-06-06,[公告](https://cg.originmood.com/NewsContent/zh_TW/mlbb_news_15384.html),/img/專屬寵物/星雲.gif,
黃金加百列,飛行系,33,12,12,28,43,8,125,風7地3,混亂衝擊波LV10,2025-06-06,[公告](https://cg.originmood.com/NewsContent/zh_TW/mlbb_news_15384.html),/img/專屬寵物/黃金加百列.gif,
紅甲蠍,昆蟲系,34,43,22,20,6,9,125,火9風1,氣功彈LV2、連擊LV12、乾坤一擲LV11,2025-05-28,[公告](https://cg.originmood.com/NewsContent/zh_TW/mlbb_news_15344.html),/img/專屬寵物/紅甲蠍.gif,
碧水龍舟,植物系,33,8,15,24,45,9,125,水10,超強酒醉魔法LV7、混亂衝擊波Lv10、單體昏睡魔法LV10,2025-05-28,[公告](https://cg.originmood.com/NewsContent/zh_TW/mlbb_news_15344.html),/img/專屬寵物/碧水龍舟.gif,
糯米粽子,植物系,23,11,16,35,40,9,125,風5地5,單體中毒魔法LV3,2025-05-28,[公告](https://cg.originmood.com/NewsContent/zh_TW/mlbb_news_15344.html),/img/專屬寵物/糯米粽子.gif,
歌姬女皇,飛行系,35,6,8,27,49,9,125,地5水5,超強補血魔法LV5、強力補血魔法LV6、超強昏睡魔法LV7,2025-05-21,[公告](https://cg.originmood.com/NewsContent/zh_TW/mlbb_news_15324.html),/img/專屬寵物/歌姬女皇.gif,
日輪火使,飛行系,29,41,19,26,10,9,125,火10,裂空斬LV10、必殺狙擊LV10、毒性攻擊LV11,2025-05-21,[公告](https://cg.originmood.com/NewsContent/zh_TW/mlbb_news_15324.html),/img/專屬寵物/日輪火使.gif,
星鑽豬王,金屬系,28,45,24,22,6,9,125,水10,裂空斬LV10、氣功彈I、石化攻擊LV11,2025-05-21,[公告](https://cg.originmood.com/NewsContent/zh_TW/mlbb_news_15324.html),/img/專屬寵物/星鑽豬王.gif,
皇鑽豬王,金屬系,23,38,31,15,16,9,123,地2水8,裂空斬LV8、石化攻擊LV11,2025-05-21,[公告](https://cg.originmood.com/NewsContent/zh_TW/mlbb_news_15324.html),/img/專屬寵物/星鑽豬王.gif,
水晶豬王,金屬系,23,35,31,15,16,9,120,地3水7,裂空斬LV4,2025-05-21,[公告](https://cg.originmood.com/NewsContent/zh_TW/mlbb_news_15324.html),/img/專屬寵物/星鑽豬王.gif,
鳶尾花妖,植物系,24,14,13,29,43,8,123,地7水3,,2025-05-21,[公告](https://cg.originmood.com/NewsContent/zh_TW/mlbb_news_15324.html),/img/專屬寵物/鳶尾花妖.gif,
烏拉諾斯,植物系,30,45,10,30,10,9,125,地7水3,裂空斬Lv10、諸刃Lv11,2025-05-19,[公告](https://cg.originmood.com/NewsContent/zh_TW/mlbb_news_15304.html),/img/專屬寵物/烏拉諾斯.gif,
地之使徒,特殊系,50,50,4,17,4,9,125,地10,亂射LV10、乾坤一擲LV11、氣功彈LV3,2025-05-14,[公告](https://cg.originmood.com/NewsContent/zh_TW/mlbb_news_15274.html),/img/專屬寵物/地之使徒.gif,
地獄蝙蝠,飛行系,34,44,15,26,6,9,125,火10,裂空斬LV10、潛龍殺LV10、氣功彈I,2025-05-14,[公告](https://cg.originmood.com/NewsContent/zh_TW/mlbb_news_15274.html),/img/專屬寵物/地獄蝙蝠.gif,
札拉庫,特殊系,36,42,21,16,10,9,125,火1風9,連擊LV12、裂空斬LV8、氣絕回復LV1,2025-05-14,[公告](https://cg.originmood.com/NewsContent/zh_TW/mlbb_news_15274.html),/img/專屬寵物/札拉庫.gif,
牛仔靴怪,特殊系,27,14,14,26,42,9,123,火7風3,屬性反轉LV3,2025-05-14,[公告](https://cg.originmood.com/NewsContent/zh_TW/mlbb_news_15274.html),/img/專屬寵物/牛仔靴怪.gif,
白雪,金屬系,25,42,4,50,4,8,125,風10,裂空斬LV10、氣功彈LV3、乾坤一擲LV11、潔淨魔法LV3,2025-05-07,[公告](https://cg.originmood.com/NewsContent/zh_TW/mlbb_news_15254.html),/img/專屬寵物/白雪.gif,
改造鈦白嚇人箱,金屬系,25,4,4,45,47,8,125,水5火5,混亂衝擊波LV10、超強石化魔法LV10、潔淨魔法LV3,2025-05-07,[公告](https://cg.originmood.com/NewsContent/zh_TW/mlbb_news_15254.html),/img/專屬寵物/改造鈦白嚇人箱.gif,
鈦白嚇人箱,金屬系,25,25,25,25,25,6,125,水5火5,氣功彈I,2025-05-07,[公告](https://cg.originmood.com/NewsContent/zh_TW/mlbb_news_15254.html),/img/專屬寵物/改造鈦白嚇人箱.gif,
小丑豬寶,野獸系,35,50,6,28,6,9,125,火10,裂空斬LV10、飛刃亂舞LV10、乾坤一擲LV11,2025-05-07,[公告](https://cg.originmood.com/NewsContent/zh_TW/mlbb_news_15254.html),/img/專屬寵物/小丑豬寶.gif,
魔術豬寶,野獸系,21,6,6,50,42,9,125,火5風5,超強混亂魔法LV7、超強昏睡魔法LV7、超強中毒魔法LV7,2025-05-07,[公告](https://cg.originmood.com/NewsContent/zh_TW/mlbb_news_15254.html),/img/專屬寵物/小丑豬寶.gif,
冰獄骷髏,不死系,36,41,12,30,6,9,125,水10,裂空斬LV10、必殺狙擊LV10,2025-05-07,[公告](https://cg.originmood.com/NewsContent/zh_TW/mlbb_news_15254.html),/img/專屬寵物/冰獄骷髏.gif,
桃紅巫寶,人形系,33,8,25,17,42,8,125,火7風3,酒醉魔法LV3,2025-05-07,[公告](https://cg.originmood.com/NewsContent/zh_TW/mlbb_news_15254.html),/img/專屬寵物/桃紅巫寶.gif,
裁決白龍王,龍系,32,46,13,28,6,9,125,水5火5,裂空斬LV10、連擊LV11、乾坤一擲LV11,2025-05-04,[公告](https://cg.originmood.com/NewsContent/zh_TW/mlbb_news_15234.html),/img/專屬寵物/裁決白龍王.gif,[混沌的宿命](/任務攻略/主線任務/混沌雙子系列/混沌的宿命) 隊伍中有人持有即可直接通過進入洞穴
神聖白龍王,龍系,32,6,13,28,46,9,125,水5火5,超強補血魔法LV5、超強石化魔法LV10,2025-05-04,[公告](https://cg.originmood.com/NewsContent/zh_TW/mlbb_news_15234.html),/img/專屬寵物/裁決白龍王.gif,[混沌的宿命](/任務攻略/主線任務/混沌雙子系列/混沌的宿命) 隊伍中有人持有即可直接通過進入洞穴
白銀巨龍,龍系,22,37,23,22,16,9,125,水10,裂空斬LV8,2025-05-04,[公告](https://cg.originmood.com/NewsContent/zh_TW/mlbb_news_15234.html),/img/專屬寵物/白銀巨龍.gif,
玄黎,植物系,28,39,4,50,4,9,125,風5地5,裂空斬LV10、氣功彈LV3、潔淨魔法LV3,2025-05-01,[公告](https://cg.originmood.com/NewsContent/zh_TW/mlbb_news_15224.html),/img/專屬寵物/玄黎.gif,
暴狨獸,野獸系,34,42,21,18,10,9,125,風1地9,乾坤一擲LV11、連擊LV12、石化攻擊LV11,2025-05-01,[公告](https://cg.originmood.com/NewsContent/zh_TW/mlbb_news_15224.html),/img/專屬寵物/暴狨獸.gif,
大地毒蛛,昆蟲系,33,8,25,17,42,8,125,地10,超強中毒魔法LV5,2025-05-01,[公告](https://cg.originmood.com/NewsContent/zh_TW/mlbb_news_15224.html),/img/專屬寵物/大地毒蛛.gif,
飛櫻螳螂,昆蟲系,35,46,16,20,8,8,125,風2地8,連擊LV12、裂空斬LV10、乾坤一擲LV11,2025-05-01,[公告](https://cg.originmood.com/NewsContent/zh_TW/mlbb_news_15224.html),/img/專屬寵物/飛櫻螳螂.gif,
胖寶倉鼠,野獸系,29,13,18,23,42,9,125,火8風2,戰慄襲心LV11、恢復魔法LV8、超強中毒魔法LV7,2025-05-01,[公告](https://cg.originmood.com/NewsContent/zh_TW/mlbb_news_15224.html),/img/專屬寵物/胖寶倉鼠.gif,
火焰倉鼠,野獸系,23,13,18,29,42,8,125,火8風2,混亂衝擊波LV6,2025-05-01,[公告](https://cg.originmood.com/NewsContent/zh_TW/mlbb_news_15224.html),/img/專屬寵物/火焰倉鼠.gif,
雪地倉鼠,野獸系,23,42,18,29,13,8,125,地2水8,氣功彈I,2025-05-01,[公告](https://cg.originmood.com/NewsContent/zh_TW/mlbb_news_15224.html),/img/專屬寵物/雪地倉鼠.gif,
小紅鼠,野獸系,23,13,18,29,37,8,120,火8風2,,2025-05-01,[公告](https://cg.originmood.com/NewsContent/zh_TW/mlbb_news_15224.html),/img/專屬寵物/小紅鼠.gif,
小白鼠,野獸系,23,37,18,29,13,8,120,地2水8,,2025-05-01,[公告](https://cg.originmood.com/NewsContent/zh_TW/mlbb_news_15224.html),/img/專屬寵物/小白鼠.gif,
威爾士紅龍,龍系,30,45,10,30,10,9,125,地5水5,諸刃LV11、裂空斬LV10,2025-04-16,[公告](https://cg.originmood.com/NewsContent/zh_TW/mlbb_news_15114.html),/img/專屬寵物/威爾士紅龍.gif,
阿德基姆,人形系,39,41,15,24,6,9,125,火10,氣功彈Lv2、補血魔法LV6、連擊LV11,2025-04-16,[公告](https://cg.originmood.com/NewsContent/zh_TW/mlbb_news_15114.html),/img/專屬寵物/阿德基姆.gif,
地底龍龜,野獸系,31,48,25,13,8,9,125,地10,連擊LV11、潛龍殺LV10、氣絕回復LV1,2025-04-16,[公告](https://cg.originmood.com/NewsContent/zh_TW/mlbb_news_15114.html),/img/專屬寵物/地底龍龜.gif,
黑樺斑蝶,昆蟲系,21,10,17,33,44,9,125,火4風6,強力昏睡魔法LV3,2025-04-16,[公告](https://cg.originmood.com/NewsContent/zh_TW/mlbb_news_15114.html),/img/專屬寵物/黑樺斑蝶.gif,
緋紅巨龍,龍系,33,46,14,26,6,9,125,地2火8,裂空斬LV10、連擊LV11、潔淨魔法LV3,2025-04-03,[公告](https://cg.originmood.com/NewsContent/zh_TW/mlbb_news_15044.html),/img/專屬寵物/緋紅巨龍.gif,
古美絲,人形系,25,6,21,27,46,9,125,風10,混亂衝擊波LV10、超強中毒魔法LV7、強力石化魔法LV7,2025-04-03,[公告](https://cg.originmood.com/NewsContent/zh_TW/mlbb_news_15044.html),/img/專屬寵物/古美絲.gif,
櫻花龍,龍系,24,39,21,19,17,9,125,火10,乾坤一擲LV11,2025-04-03,[公告](https://cg.originmood.com/NewsContent/zh_TW/mlbb_news_15044.html),/img/專屬寵物/緋紅巨龍.gif,
巴洛妮克,不死系,29,6,17,24,49,9,125,火10,火焰祈禱LV10、超強中毒魔法LV7、強力恢復魔法LV6,2025-04-02,[公告](https://cg.originmood.com/NewsContent/zh_TW/mlbb_news_14974.html),/img/專屬寵物/巴洛妮克.gif,[闇影君王](/任務攻略/主線任務/混沌雙子系列/闇影君王) 與任一陣眼對話即可傳送至最終 BOSS 房間
雷暴殺人蜂,昆蟲系,36,43,10,30,6,9,125,地10,連擊LV11、氣功彈LV2,2025-04-02,[公告](https://cg.originmood.com/NewsContent/zh_TW/mlbb_news_14974.html),/img/專屬寵物/雷暴殺人蜂.gif,
嗜血骷髏,不死系,35,8,16,18,48,9,125,火8風2,吸血魔法LV10、超強中毒魔法LV7、超強混亂魔法LV7,2025-04-02,[公告](https://cg.originmood.com/NewsContent/zh_TW/mlbb_news_14974.html),/img/專屬寵物/嗜血骷髏.gif,
美洲仙人掌,植物系,26,15,24,16,44,9,125,水7火3,超強酒醉魔法LV5,2025-04-02,[公告](https://cg.originmood.com/NewsContent/zh_TW/mlbb_news_14974.html),/img/專屬寵物/美洲仙人掌.gif,
紅靴精靈,特殊系,12,17,13,36,42,7,120,火7風3,,2024-11-14,[公告](https://cg.originmood.com/NewsContent/zh_TW/mlbb_news_14224.html),/img/專屬寵物/紅靴精靈.gif,
淘氣炸彈,特殊系,17,6,11,47,44,9,125,地5水5,混亂衝擊波Lv10、超強昏睡魔法Lv5,2024-11-08,[公告](https://cg.originmood.com/NewsContent/zh_TW/mlbb_news_14164.html),/img/專屬寵物/淘氣炸彈.gif,
戰鬥火精,特殊系,42,8,8,25,42,9,125,火10,超強酒醉魔法Lv5、混亂衝擊波Lv10,2024-09-26,[公告](https://cg.originmood.com/NewsContent/zh_TW/mlbb_news_14004.html),/img/專屬寵物/戰鬥火精.gif,
戰鬥旋律影子,特殊系,35,35,19,30,6,9,125,水10,氣功彈I、氣絕回復Lv1,2024-09-26,[公告](https://cg.originmood.com/NewsContent/zh_TW/mlbb_news_14004.html),/img/專屬寵物/戰鬥旋律影子.gif,
彩虹麻薯兔兔,特殊系,32,6,12,30,45,9,125,地10,潔淨魔法LV3、超強石化魔法LV5,2024-09-12,[公告](https://cg.originmood.com/NewsContent/zh_TW/mlbb_news_13934.html),/img/專屬寵物/彩虹麻薯兔兔.gif,
琉璃麻薯兔兔,特殊系,32,25,12,50,6,9,125,風10,氣絕回復Lv1、潔淨魔法LV3,2024-09-12,[公告](https://cg.originmood.com/NewsContent/zh_TW/mlbb_news_13934.html),/img/專屬寵物/琉璃麻薯兔兔.gif,
櫻花麻薯兔兔,特殊系,37,43,19,18,8,9,125,火9風1,潛龍殺Lv10、諸刃Lv11,2024-09-12,[公告](https://cg.originmood.com/NewsContent/zh_TW/mlbb_news_13934.html),/img/專屬寵物/櫻花麻薯兔兔.gif,
紫薯麻薯兔兔,特殊系,37,8,19,18,43,9,125,地1水9,混亂衝擊波Lv10、中毒魔法Lv10,2024-09-12,[公告](https://cg.originmood.com/NewsContent/zh_TW/mlbb_news_13934.html),/img/專屬寵物/紫薯麻薯兔兔.gif,
雙星暗影,特殊系,19,10,15,38,43,9,125,風5地5,攻擊吸收LV5、魔法吸收LV5,2024-07-17,[公告](https://cg.originmood.com/NewsContent/zh_TW/mlbb_news_13624.html),/img/專屬寵物/雙星暗影.gif,
雨型妖犬,特殊系,33,44,19,21,8,9,125,火1風9,戰慄襲心Lv11、毒性攻擊Lv11,2024-07-05,[公告](https://cg.originmood.com/NewsContent/zh_TW/mlbb_news_13544.html),/img/專屬寵物/雨型妖犬.gif,
地行布卡,特殊系,21,8,19,33,44,9,125,風1地9,混亂衝擊波Lv10,2024-07-05,[公告](https://cg.originmood.com/NewsContent/zh_TW/mlbb_news_13544.html),/img/專屬寵物/地行布卡.gif,
改造布丁史萊姆,特殊系,40,10,17,16,42,9,125,火1風9,強力昏睡魔法LV7,2024-06-06,[公告](https://cg.originmood.com/NewsContent/zh_TW/mlbb_news_13264.html),/img/專屬寵物/黃金史萊姆.gif,
元宵精靈,特殊系,23,6,11,38,47,9,125,水8火2,強力遺忘魔法Lv5、混亂衝擊波Lv10,2024-02-21,[公告](https://cg.originmood.com/NewsContent/zh_TW/mlbb_news_11704.html),/img/專屬寵物/元宵精靈.gif,
青燄,特殊系,16,8,16,41,44,9,125,水10,混亂衝擊波Lv3,2023-12-20,[公告](https://cg.originmood.com/NewsContent/zh_TW/mlbb_news_10844.html),/img/專屬寵物/青燄.gif,
紫燄,特殊系,41,44,16,16,8,9,125,火10,隔山打牛Lv3,2023-12-20,[公告](https://cg.originmood.com/NewsContent/zh_TW/mlbb_news_10844.html),/img/專屬寵物/紫燄.gif,
蒼燄,特殊系,16,44,16,41,8,9,125,風10,強力昏睡魔法Lv5,2023-12-20,[公告](https://cg.originmood.com/NewsContent/zh_TW/mlbb_news_10844.html),/img/專屬寵物/蒼燄.gif,
奪魂陰影之主,特殊系,36,6,11,22,50,9,125,地10,單體即死Lv1、混亂衝擊波Lv10,2023-12-13,[公告](https://cg.originmood.com/NewsContent/zh_TW/mlbb_news_10804.html),/img/專屬寵物/奪魂陰影之主.gif,
奪魂闇影之主,特殊系,20,50,9,40,6,9,125,風10,氣功彈I、乾坤一擲Lv11,2023-12-13,[公告](https://cg.originmood.com/NewsContent/zh_TW/mlbb_news_10804.html),/img/專屬寵物/奪魂闇影之主.gif,
奪魂闇影,特殊系,37,39,23,20,6,9,125,風10,乾坤一擲Lv11,2023-12-13,[公告](https://cg.originmood.com/NewsContent/zh_TW/mlbb_news_10804.html),/img/專屬寵物/奪魂闇影.gif,
奪魂陰影,特殊系,26,10,23,20,46,9,125,地10,混亂衝擊波Lv10,2023-12-13,[公告](https://cg.originmood.com/NewsContent/zh_TW/mlbb_news_10804.html),/img/專屬寵物/奪魂陰影.gif,
闇影,特殊系,24,22,22,26,26,7,120,風10,,2023-12-13,[公告](https://cg.originmood.com/NewsContent/zh_TW/mlbb_news_10804.html),/img/專屬寵物/奪魂闇影.gif,
陰影,特殊系,28,24,22,22,24,7,120,地10,,2023-12-13,[公告](https://cg.originmood.com/NewsContent/zh_TW/mlbb_news_10804.html),/img/專屬寵物/奪魂陰影.gif,
22週年液態史萊姆,特殊系,39,6,15,16,49,9,125,地1水9,強力混亂魔法Lv5、攻擊無效Lv5,2023-08-09,[公告](https://cg.originmood.com/NewsContent/zh_TW/mlbb_news_10104.html),/img/專屬寵物/22週年液態史萊姆.gif,
百變雪怪,特殊系,28,8,24,25,40,8,125,水10,混亂衝擊波Lv3,2023-07-20,[公告](https://cg.originmood.com/NewsContent/zh_TW/mlbb_news_9954.html),/img/專屬寵物/百變雪怪.gif,
海洋元素使,特殊系,50,50,4,17,4,9,125,水10,氣功彈I、連擊破碎I,2023-04-29,[公告](https://cg.originmood.com/NewsContent/zh_TW/mlbb_news_9464.html),/img/專屬寵物/海洋使徒.gif,
烈焰元素使,特殊系,17,50,4,50,4,9,125,火10,烈日突,2022-10-13,[公告](https://cg.originmood.com/NewsContent/zh_TW/mlbb_news_8484.html),/img/專屬寵物/火之使徒.gif,
天空元素使,特殊系,17,4,4,50,50,9,125,風10,超強混亂魔法LV5,2022-11-10,[公告](https://cg.originmood.com/NewsContent/zh_TW/mlbb_news_8704.html),/img/專屬寵物/風之使徒.gif,
大地元素使,特殊系,50,4,17,4,50,9,125,地10,超強石化魔法LV5,2022-09-29,[公告](https://cg.originmood.com/NewsContent/zh_TW/mlbb_news_8364.html),/img/專屬寵物/大地元素使.gif,
木精靈,特殊系,45,6,19,12,43,8,125,地10,,2022-09-29,[公告](https://cg.originmood.com/NewsContent/zh_TW/mlbb_news_8364.html),/img/專屬寵物/木精靈.gif,
光精靈,特殊系,19,6,12,45,43,8,125,風10,,2022-09-14,[公告](https://cg.originmood.com/NewsContent/zh_TW/mlbb_news_8314.html),/img/專屬寵物/光精靈.gif,
冰精靈,特殊系,43,45,12,19,6,8,125,水10,,2022-09-14,[公告](https://cg.originmood.com/NewsContent/zh_TW/mlbb_news_8314.html),/img/專屬寵物/冰精靈.gif,
炎精靈,特殊系,19,45,12,43,6,8,125,火10,,2022-10-13,[公告](https://cg.originmood.com/NewsContent/zh_TW/mlbb_news_8484.html),/img/專屬寵物/炎精靈.gif,
玫瑰毒怪,特殊系,39,43,15,20,8,8,125,地10,潛龍殺Lv3,2023-03-16,[公告](https://cg.originmood.com/NewsContent/zh_TW/mlbb_news_9184.html),/img/專屬寵物/玫瑰毒怪.gif,
風暴仙靈,特殊系,44,37,13,21,10,8,125,風10,,2023-01-05,[公告](https://cg.originmood.com/NewsContent/zh_TW/mlbb_news_8944.html),/img/專屬寵物/風暴仙靈.gif,
逐月仙靈,特殊系,46,6,11,13,49,9,125,水10,單體即死魔法Lv1,2023-01-05,[公告](https://cg.originmood.com/NewsContent/zh_TW/mlbb_news_8944.html),/img/專屬寵物/逐月仙靈.gif,
火柴小王子,特殊系,42,6,9,47,21,9,125,水5火5,昏睡魔法Lv5、遺忘魔法Lv5,2022-12-21,[公告](https://cg.originmood.com/NewsContent/zh_TW/mlbb_news_8854.html),/img/專屬寵物/火柴小王子.gif,
碧燄,特殊系,35,10,16,20,44,8,125,地10,,2022-12-21,[公告](https://cg.originmood.com/NewsContent/zh_TW/mlbb_news_8854.html),/img/專屬寵物/碧燄.gif,
赤燄,特殊系,39,6,12,24,44,8,125,火10,,2022-12-21,[公告](https://cg.originmood.com/NewsContent/zh_TW/mlbb_news_8854.html),/img/專屬寵物/赤燄.gif,
山隱仙靈,特殊系,21,10,13,37,44,8,125,地10,,2022-11-24,[公告](https://cg.originmood.com/NewsContent/zh_TW/mlbb_news_8764.html),/img/專屬寵物/山隱仙靈.gif,
潮汐仙靈,特殊系,21,10,37,13,44,8,125,水10,,2022-11-24,[公告](https://cg.originmood.com/NewsContent/zh_TW/mlbb_news_8764.html),/img/專屬寵物/潮汐仙靈.gif,
焚炎仙靈,特殊系,37,10,13,21,44,8,125,火10,,2022-11-24,[公告](https://cg.originmood.com/NewsContent/zh_TW/mlbb_news_8764.html),/img/專屬寵物/焚炎仙靈.gif,
星輝仙靈,特殊系,50,6,15,6,48,9,125,水5火5,氣絕回復LV1,2022-11-24,[公告](https://cg.originmood.com/NewsContent/zh_TW/mlbb_news_8764.html),/img/專屬寵物/星輝仙靈.gif,
焦糖丸子炸彈,特殊系,12,21,13,32,47,8,125,風8地2,,2022-11-24,[公告](https://cg.originmood.com/NewsContent/zh_TW/mlbb_news_8764.html),/img/專屬寵物/焦糖丸子炸彈.gif,
綠沼泥,特殊系,31,19,37,13,20,8,120,地5風5,埃瑞亞島（650.426）,2022-10-13,[公告](https://cg.originmood.com/NewsContent/zh_TW/mlbb_news_8484.html),/img/專屬寵物/綠沼泥.gif,
岩鐵怪,特殊系,13,33,22,17,35,8,120,火10,貝克岩洞第4層（20.15）,2022-10-13,[公告](https://cg.originmood.com/NewsContent/zh_TW/mlbb_news_8484.html),/img/專屬寵物/岩鐵怪.gif,
靴怪精靈,特殊系,9,19,23,34,35,8,120,地7風3,諾爾特島（316.740）,2022-10-13,[公告](https://cg.originmood.com/NewsContent/zh_TW/mlbb_news_8484.html),/img/專屬寵物/靴怪精靈.gif,
冰靴精靈,特殊系,9,19,34,23,35,8,120,地3水7,,2022-10-13,[公告](https://cg.originmood.com/NewsContent/zh_TW/mlbb_news_8484.html),/img/專屬寵物/冰靴精靈.gif,
甜心炸彈,特殊系,15,8,18,34,50,8,125,水5火5,強力中毒魔法Lv3,2022-06-02,[公告](https://cg.originmood.com/NewsContent/zh_TW/mlbb_news_7743.html),/img/專屬寵物/甜心炸彈.gif,
行大運白虎王,特殊系,38,6,15,19,47,9,125,火5風5,,2022-01-26,[公告](https://cg.originmood.com/NewsContent/zh_TW/mlbb_news_6933.html),/img/專屬寵物/行大運白虎王.gif,
贏珍寶黑虎王,特殊系,18,42,15,44,6,9,125,地1水9,,2022-01-26,[公告](https://cg.originmood.com/NewsContent/zh_TW/mlbb_news_6933.html),/img/專屬寵物/贏珍寶黑虎王.gif,
綠茶麻薯兔兔,特殊系,21,9,33,20,40,8,123,地9風1,,2022-08-31,[公告](https://cg.originmood.com/NewsContent/zh_TW/mlbb_news_8253.html),/img/專屬寵物/綠茶麻薯兔兔.gif,
芋泥麻薯兔兔,特殊系,33,9,20,21,40,8,123,地1水9,,2022-08-31,[公告](https://cg.originmood.com/NewsContent/zh_TW/mlbb_news_8253.html),/img/專屬寵物/芋泥麻薯兔兔.gif,
紅豆麻薯兔兔,特殊系,33,40,20,21,9,8,123,水1火9,,2022-08-31,[公告](https://cg.originmood.com/NewsContent/zh_TW/mlbb_news_8253.html),/img/專屬寵物/紅豆麻薯兔兔.gif,
花生麻薯兔兔,特殊系,40,33,21,20,9,8,123,火1風9,,2022-08-31,[公告](https://cg.originmood.com/NewsContent/zh_TW/mlbb_news_8253.html),/img/專屬寵物/花生麻薯兔兔.gif,
白櫻麻薯兔兔,特殊系,42,45,12,20,6,8,125,水10,,2022-08-31,[公告](https://cg.originmood.com/NewsContent/zh_TW/mlbb_news_8253.html),/img/專屬寵物/雪見大福兔兔.gif,
黑醬麻薯兔兔,特殊系,42,6,12,20,45,8,125,地10,,2022-08-31,[公告](https://cg.originmood.com/NewsContent/zh_TW/mlbb_news_8253.html),/img/專屬寵物/黑糖大福兔兔.gif,
布卡,特殊系,25,21,16,35,26,8,123,地8水2,,2022-08-03,[公告](https://cg.originmood.com/NewsContent/zh_TW/mlbb_news_8013.html),/img/專屬寵物/布卡.gif,
寄生布卡,特殊系,25,16,21,26,35,8,123,水8火2,,2022-08-03,[公告](https://cg.originmood.com/NewsContent/zh_TW/mlbb_news_8013.html),/img/專屬寵物/寄生布卡.gif,
樹精布卡,特殊系,25,26,21,35,16,8,123,火8風2,,2022-08-03,[公告](https://cg.originmood.com/NewsContent/zh_TW/mlbb_news_8013.html),/img/專屬寵物/樹精布卡.gif,
布卡四重奏,特殊系,17,6,17,43,42,8,125,地9水1,,2022-08-03,[公告](https://cg.originmood.com/NewsContent/zh_TW/mlbb_news_8013.html),/img/專屬寵物/布卡四重奏.gif,
陣,特殊系,17,6,17,42,43,8,125,水9火1,,2022-08-03,[公告](https://cg.originmood.com/NewsContent/zh_TW/mlbb_news_8013.html),/img/專屬寵物/陣.gif,
連,特殊系,42,17,17,43,6,8,125,火9風1,,2022-08-03,[公告](https://cg.originmood.com/NewsContent/zh_TW/mlbb_news_8013.html),/img/專屬寵物/連.gif,
週年慶禮盒地精靈,特殊系,18,18,48,18,18,8,120,地9水1,,2022-05-05,[公告](https://cg.originmood.com/NewsContent/zh_TW/mlbb_news_7463.html),/img/專屬寵物/週年慶禮盒地精靈.gif,
週年慶禮盒水精靈,特殊系,18,18,18,18,48,8,120,水9火1,,2022-05-05,[公告](https://cg.originmood.com/NewsContent/zh_TW/mlbb_news_7463.html),/img/專屬寵物/週年慶禮盒水精靈.gif,
週年慶禮盒火精靈,特殊系,18,48,18,18,18,8,120,火9風1,,2022-05-05,[公告](https://cg.originmood.com/NewsContent/zh_TW/mlbb_news_7463.html),/img/專屬寵物/週年慶禮盒火精靈.gif,
週年慶禮盒風精靈,特殊系,18,18,18,48,18,8,120,風9地1,,2022-05-05,[公告](https://cg.originmood.com/NewsContent/zh_TW/mlbb_news_7463.html),/img/專屬寵物/週年慶禮盒風精靈.gif,
天使小熊,特殊系,14,47,16,42,6,8,125,地8水2,,2022-02-10,[公告](https://cg.originmood.com/NewsContent/zh_TW/mlbb_news_7023.html),/img/專屬寵物/天使小熊.gif,
愛情小熊,特殊系,43,32,20,24,6,8,125,水8火2,,2022-02-10,[公告](https://cg.originmood.com/NewsContent/zh_TW/mlbb_news_7023.html),/img/專屬寵物/愛情小熊.gif,
戀愛小熊,特殊系,49,31,19,20,6,8,125,火8風2,,2022-02-10,[公告](https://cg.originmood.com/NewsContent/zh_TW/mlbb_news_7023.html),/img/專屬寵物/戀愛小熊.gif,
愛心小熊,特殊系,35,6,26,14,44,8,125,風8地2,,2022-02-10,[公告](https://cg.originmood.com/NewsContent/zh_TW/mlbb_news_7023.html),/img/專屬寵物/愛心小熊.gif,
花生元宵,特殊系,32,32,32,12,12,7,120,地10,,2022-02-10,[公告](https://cg.originmood.com/NewsContent/zh_TW/mlbb_news_7023.html),/img/專屬寵物/花生元宵.gif,
芝麻元宵,特殊系,32,12,32,12,32,7,120,水10,,2022-02-10,[公告](https://cg.originmood.com/NewsContent/zh_TW/mlbb_news_7023.html),/img/專屬寵物/芝麻元宵.gif,
流沙元宵,特殊系,12,32,32,12,32,7,120,火10,,2022-02-10,[公告](https://cg.originmood.com/NewsContent/zh_TW/mlbb_news_7023.html),/img/專屬寵物/流沙元宵.gif,
紅豆元宵,特殊系,12,12,32,32,32,7,120,風10,,2022-02-10,[公告](https://cg.originmood.com/NewsContent/zh_TW/mlbb_news_7023.html),/img/專屬寵物/紅豆元宵.gif,
愛絲波波,特殊系,35,22,22,22,22,7,123,風5地5,,2021-12-09,[公告](https://cg.originmood.com/NewsContent/zh_TW/mlbb_news_6533.html),/img/專屬寵物/愛絲波波.gif,
絲諾波波,特殊系,22,35,22,22,22,7,123,地5水5,,2021-12-09,[公告](https://cg.originmood.com/NewsContent/zh_TW/mlbb_news_6533.html),/img/專屬寵物/絲諾波波.gif,
聖誕波波,特殊系,22,22,22,35,22,7,123,水5火5,,2021-12-09,[公告](https://cg.originmood.com/NewsContent/zh_TW/mlbb_news_6533.html),/img/專屬寵物/聖誕波波.gif,
雪兒波波,特殊系,22,22,22,22,35,7,123,火5風5,,2021-12-09,[公告](https://cg.originmood.com/NewsContent/zh_TW/mlbb_news_6533.html),/img/專屬寵物/雪兒波波.gif,
旋律影子,特殊系,24,28,22,19,27,6,120,水10,,2021-11-11,[公告](https://cg.originmood.com/NewsContent/zh_TW/mlbb_news_6373.html),/img/專屬寵物/旋律影子.gif,
噩夢旋律影子,特殊系,23,38,8,50,6,7,125,水10,,2021-11-11,[公告](https://cg.originmood.com/NewsContent/zh_TW/mlbb_news_6373.html),/img/專屬寵物/旋律影子.gif,
魷魚霸王,特殊系,13,6,12,46,48,8,125,水10,,2021-11-11,[公告](https://cg.originmood.com/NewsContent/zh_TW/mlbb_news_6373.html),/img/專屬寵物/魷魚霸王.gif,
呆萌魷魚,特殊系,13,9,23,36,42,8,123,地7水3,,2021-11-11,[公告](https://cg.originmood.com/NewsContent/zh_TW/mlbb_news_6373.html),/img/專屬寵物/呆萌魷魚.gif,
冷酷魷魚,特殊系,15,9,21,34,44,8,123,水7火3,,2021-11-11,[公告](https://cg.originmood.com/NewsContent/zh_TW/mlbb_news_6373.html),/img/專屬寵物/冷酷魷魚.gif,
暴躁魷魚,特殊系,12,9,20,37,45,8,123,火7風3,,2021-11-11,[公告](https://cg.originmood.com/NewsContent/zh_TW/mlbb_news_6373.html),/img/專屬寵物/暴躁魷魚.gif,
瘋狂魷魚,特殊系,17,9,15,39,43,8,123,風7地3,,2021-11-11,[公告](https://cg.originmood.com/NewsContent/zh_TW/mlbb_news_6373.html),/img/專屬寵物/瘋狂魷魚.gif,
閃光魷魚王,特殊系,30,52,15,22,6,9,125,火10,氣功彈I,2021-11-11,[公告](https://cg.originmood.com/NewsContent/zh_TW/mlbb_news_6373.html),/img/專屬寵物/閃光魷魚王.gif,
幻影,特殊系,20,26,25,17,32,6,120,火10,,2021-09-08,[公告](https://cg.originmood.com/NewsContent/zh_TW/mlbb_news_5763.html),/img/專屬寵物/幻影.gif,
深邃幻影,特殊系,16,6,22,37,44,7,125,火10,,2021-09-08,[公告](https://cg.originmood.com/NewsContent/zh_TW/mlbb_news_5763.html),/img/專屬寵物/幻影.gif,
純白液態史萊姆,特殊系,50,32,15,17,10,9,124,地1水9,,2021-07-29,[公告](https://cg.originmood.com/NewsContent/zh_TW/mlbb_news_5313.html),/img/專屬寵物/純白液態史萊姆.gif,
粉紅炸彈,特殊系,18,11,16,30,48,10,123,水5火5,,2023-06-21,[公告](https://cg.originmood.com/NewsContent/zh_TW/mlbb_news_9754.html),/img/專屬寵物/粉紅炸彈.gif,
祥雲寶寶,特殊系,23,10,8,36,46,9,123,火5風5,,2023-08-11,[公告](https://cg.originmood.com/NewsContent/zh_TW/mlbb_news_10134.html),/img/專屬寵物/祥雲寶寶.gif,
霸天魔鷹,飛行系,36,40,9,34,6,9,125,地5水5,連擊LV11 、乾坤一擲LV11 、 氣功彈LV2,2025-03-19,[公告](https://cg.originmood.com/NewsContent/zh_TW/mlbb_news_14934.html),/img/專屬寵物/霸天魔鷹.gif,
戰錘軍長,飛行系,40,40,11,28,6,9,125,地10,乾坤一擲LV11、石化攻擊LV11、裂空斬LV10,2025-02-20,[公告](https://cg.originmood.com/NewsContent/zh_TW/mlbb_news_14794.html),/img/專屬寵物/戰錘軍長.gif,
桂紅鴨,飛行系,37,6,16,19,47,9,125,火10,混亂衝擊波LV10、超強石化魔法LV5,2024-12-05,[公告](https://cg.originmood.com/NewsContent/zh_TW/mlbb_news_14344.html),/img/專屬寵物/桂紅鴨.gif,
火火兔,飛行系,33,47,15,24,6,9,125,火10,氣功彈I、乾坤一擲LV11,2024-12-05,[公告](https://cg.originmood.com/NewsContent/zh_TW/mlbb_news_14344.html),/img/專屬寵物/火火兔.gif,
聖誕節火雞,飛行系,24,15,18,25,43,9,125,水1火9,混亂衝擊波LV5,2024-12-05,[公告](https://cg.originmood.com/NewsContent/zh_TW/mlbb_news_14344.html),/img/專屬寵物/聖誕節火雞.gif,
聖誕節鴕雞,飛行系,17,39,19,37,13,9,125,水2火8,酒醉攻擊LV10,2024-12-05,[公告](https://cg.originmood.com/NewsContent/zh_TW/mlbb_news_14344.html),/img/專屬寵物/聖誕節鴕雞.gif,
墮天使撒旦,飛行系,40,43,12,24,6,9,125,地5水5,裂空斬Lv10、乾坤一擲Lv11,2024-11-11,[公告](https://cg.originmood.com/NewsContent/zh_TW/mlbb_news_14184.html),/img/專屬寵物/墮天使撒旦.gif,
暗黑飛龍,飛行系,38,49,11,21,6,9,125,火5風5,氣功彈I、裂空斬Lv10、單體即死LV1,2024-09-26,[公告](https://cg.originmood.com/NewsContent/zh_TW/mlbb_news_13994.html),/img/專屬寵物/暗黑飛龍.gif,[戰慄魚人宮](/任務攻略/主線任務/海底世界系列/戰慄魚人宮) 與密道守護者對話可傳送整隊登頂
暗黑幼龍,飛行系,37,45,14,19,10,9,125,火3風7,氣功彈I,2024-09-26,[公告](https://cg.originmood.com/NewsContent/zh_TW/mlbb_news_13994.html),/img/專屬寵物/暗黑幼龍.gif,
戰鬥使魔,飛行系,14,7,15,40,49,9,125,火7風3,超強混亂魔法Lv5,2024-09-26,[公告](https://cg.originmood.com/NewsContent/zh_TW/mlbb_news_14004.html),/img/專屬寵物/戰鬥使魔.gif,
戰鬥獅鷲獸,飛行系,22,32,12,49,10,9,125,地6風4,連擊Lv11、石化攻擊Lv11,2024-09-26,[公告](https://cg.originmood.com/NewsContent/zh_TW/mlbb_news_14004.html),/img/專屬寵物/戰鬥獅鷲獸.gif,
阿特拉斯海豚,飛行系,30,10,23,19,43,9,125,地3水7,混亂衝擊波Lv10、攻擊反彈Lv5,2024-09-26,[公告](https://cg.originmood.com/NewsContent/zh_TW/mlbb_news_13994.html),/img/專屬寵物/阿特拉斯海豚.gif,
愛情天使,飛行系,32,6,8,30,49,9,125,火10,強力補血魔法LV6、潔淨魔法LV3,2024-08-08,[公告](https://cg.originmood.com/NewsContent/zh_TW/mlbb_news_13744.html),/img/專屬寵物/愛情天使.gif,
神聖天使,飛行系,37,6,6,26,50,9,125,火5風5,超強補血魔法LV5、氣絕回復Lv1、超強昏睡魔法LV5,2024-08-08,[公告](https://cg.originmood.com/NewsContent/zh_TW/mlbb_news_13744.html),/img/專屬寵物/神聖天使.gif,
依格羅斯,飛行系,27,45,14,29,10,9,125,火2風8,乾坤一擲Lv11,2024-08-08,[公告](https://cg.originmood.com/NewsContent/zh_TW/mlbb_news_13744.html),/img/專屬寵物/依格羅斯.gif,
戰鬥天使,飛行系,33,6,8,28,50,9,125,地10,強力補血魔法LV6、大地的祈禱LV10,2024-07-31,[公告](https://cg.originmood.com/NewsContent/zh_TW/mlbb_news_13684.html),/img/專屬寵物/戰鬥天使.gif,
天界蝙蝠,飛行系,28,6,14,30,47,9,125,風8地2,超強昏睡魔法Lv5、混亂衝擊波Lv10,2024-07-31,[公告](https://cg.originmood.com/NewsContent/zh_TW/mlbb_news_13684.html),/img/專屬寵物/天界蝙蝠.gif,
碧藍妖精,飛行系,23,45,20,27,8,8,123,地2水8,裂空斬Lv4,2024-07-31,[公告](https://cg.originmood.com/NewsContent/zh_TW/mlbb_news_13684.html),/img/專屬寵物/碧藍妖精.gif,
深海巨鯊,飛行系,31,50,11,27,6,9,125,水10,潛龍殺Lv10、乾坤一擲Lv11,2024-07-03,[公告](https://cg.originmood.com/NewsContent/zh_TW/mlbb_news_13524.html),/img/專屬寵物/深海巨鯊.gif,
緣小鴨,飛行系,35,42,23,19,6,9,125,地10,潛龍殺Lv10、氣功彈I,2024-07-03,[公告](https://cg.originmood.com/NewsContent/zh_TW/mlbb_news_13524.html),/img/專屬寵物/緣小鴨.gif,
艾克尼奇美拉,飛行系,39,45,10,25,6,9,125,地5水5,裂空斬Lv10、乾坤一擲Lv11,2024-07-05,[公告](https://cg.originmood.com/NewsContent/zh_TW/mlbb_news_13544.html),/img/專屬寵物/艾克尼奇美拉.gif,
嗜血魔蛟,飛行系,34,45,18,22,6,9,125,火10,諸刃Lv11、裂空斬Lv10,2024-07-01,[公告](https://cg.originmood.com/NewsContent/zh_TW/mlbb_news_13494.html),/img/專屬寵物/嗜血魔蛟.gif,
拉賈,飛行系,41,40,20,16,8,9,125,火1風9,氣功彈I、潛龍殺Lv10,2024-07-01,[公告](https://cg.originmood.com/NewsContent/zh_TW/mlbb_news_13494.html),/img/專屬寵物/拉賈.gif,
改造墮天使,飛行系,32,33,20,30,10,9,125,地1水9,石化攻擊Lv11,2024-06-06,[公告](https://cg.originmood.com/NewsContent/zh_TW/mlbb_news_13264.html),/img/專屬寵物/墮落天使.gif,
藍拉,飛行系,33,6,22,21,43,9,125,地1水9,混亂衝擊波Lv10、恢復魔法LV3,2024-06-06,[公告](https://cg.originmood.com/NewsContent/zh_TW/mlbb_news_13264.html),/img/專屬寵物/藍拉.gif,
風暴天使,飛行系,38,6,8,29,44,9,125,風10,強力補血魔法Lv6、雲群的祈禱LV10,2024-05-23,[公告](https://cg.originmood.com/NewsContent/zh_TW/mlbb_news_13104.html),/img/專屬寵物/風暴天使.gif,
坤斧妖精,飛行系,29,45,20,21,8,9,123,地2水8,裂空斬Lv4,2024-05-23,[公告](https://cg.originmood.com/NewsContent/zh_TW/mlbb_news_13104.html),/img/專屬寵物/坤斧妖精.gif,
深海幼龍,飛行系,21,35,19,40,10,9,125,水10,裂空斬Lv4,2024-05-23,[公告](https://cg.originmood.com/NewsContent/zh_TW/mlbb_news_13104.html),/img/專屬寵物/深海幼龍.gif,
深海飛龍,飛行系,16,42,15,46,6,9,125,水10,裂空斬Lv10、突襲之舞Lv10,2024-05-23,[公告](https://cg.originmood.com/NewsContent/zh_TW/mlbb_news_13104.html),/img/專屬寵物/深海飛龍.gif,
守護天使,飛行系,22,40,16,39,8,9,125,水10,氣功彈I、諸刃Lv11,2024-05-23,[公告](https://cg.originmood.com/NewsContent/zh_TW/mlbb_news_13104.html),/img/專屬寵物/守護天使.gif,
改造迷你石像怪,飛行系,30,10,13,28,44,8,125,火3風7,混亂衝擊波Lv10,2024-05-23,[公告](https://cg.originmood.com/NewsContent/zh_TW/mlbb_news_13104.html),/img/專屬寵物/改造迷你石像怪.gif,
金翼飛龍,飛行系,35,6,13,27,44,9,125,風10,超強昏睡魔法Lv5、超強中毒魔法Lv5,2024-05-09,[公告](https://cg.originmood.com/NewsContent/zh_TW/mlbb_news_12934.html),/img/專屬寵物/金翼飛龍.gif,
金翼幼龍,飛行系,32,13,16,25,39,9,125,風10,混亂衝擊波Lv10,2024-05-09,[公告](https://cg.originmood.com/NewsContent/zh_TW/mlbb_news_12934.html),/img/專屬寵物/金翼幼龍.gif,
青梟,飛行系,16,15,17,33,39,8,120,水7火3,,2024-05-09,[公告](https://cg.originmood.com/NewsContent/zh_TW/mlbb_news_12934.html),/img/專屬寵物/青梟.gif,
赤天幼龍,飛行系,32,35,16,29,13,9,125,火10,裂空斬Lv4,2024-05-02,[公告](https://cg.originmood.com/NewsContent/zh_TW/mlbb_news_12864.html),/img/專屬寵物/赤天幼龍.gif,
赤天飛龍,飛行系,35,44,13,27,6,9,125,火10,乾坤一擲Lv11、裂空斬Lv10,2024-05-02,[公告](https://cg.originmood.com/NewsContent/zh_TW/mlbb_news_12864.html),/img/專屬寵物/赤天飛龍.gif,
碧空飛龍,飛行系,43,39,20,17,6,9,125,地10,石化攻擊Lv11、連擊Lv10,2024-05-02,[公告](https://cg.originmood.com/NewsContent/zh_TW/mlbb_news_12864.html),/img/專屬寵物/碧空飛龍.gif,
碧空幼龍,飛行系,35,35,16,21,13,8,120,地10,,2024-05-02,[公告](https://cg.originmood.com/NewsContent/zh_TW/mlbb_news_12864.html),/img/專屬寵物/碧空幼龍.gif,
純白幼龍,飛行系,25,8,20,28,44,8,125,水10,混亂衝擊波Lv10、強力恢復魔法LV5,2024-05-02,[公告](https://cg.originmood.com/NewsContent/zh_TW/mlbb_news_12864.html),/img/專屬寵物/純白幼龍.gif,
純白雛龍,飛行系,20,20,20,20,20,7,100,水10,,2024-05-02,[公告](https://cg.originmood.com/NewsContent/zh_TW/mlbb_news_12864.html),/img/專屬寵物/純白雛龍.gif,
浴火聖鳥,飛行系,28,6,16,25,50,9,125,水1火9,超強混亂魔法Lv5、氣絕回復Lv1,2024-04-18,[公告](https://cg.originmood.com/NewsContent/zh_TW/mlbb_news_12564.html),/img/專屬寵物/浴火聖鳥.gif,
碧空海豚,飛行系,32,9,11,30,43,9,125,地10,混亂衝擊波Lv10、超強酒醉魔法LV5,2024-04-18,[公告](https://cg.originmood.com/NewsContent/zh_TW/mlbb_news_12564.html),/img/專屬寵物/碧空海豚.gif,
大地奇美拉,飛行系,31,46,13,29,6,9,125,地6水4,隔山打牛Lv10、氣絕回復Lv1,2024-04-01,[公告](https://cg.originmood.com/NewsContent/zh_TW/mlbb_news_12074.html),/img/專屬寵物/大地奇美拉.gif,
別西卜,飛行系,29,45,21,24,6,9,125,地7水3,乾坤一擲Lv11、石化攻擊Lv11,2024-03-07,[公告](https://cg.originmood.com/NewsContent/zh_TW/mlbb_news_11824.html),/img/專屬寵物/別西卜.gif,
蒼蠅王,飛行系,31,39,23,22,10,9,125,地7水3,混亂攻擊Lv11,2024-03-07,[公告](https://cg.originmood.com/NewsContent/zh_TW/mlbb_news_11824.html),/img/專屬寵物/蒼蠅王.gif,
丘比特天使,飛行系,27,6,12,32,48,9,125,火5風5,單體即死魔法Lv1、混亂衝擊波Lv10,2024-02-21,[公告](https://cg.originmood.com/NewsContent/zh_TW/mlbb_news_11704.html),/img/專屬寵物/丘比特天使.gif,
黃小鴨,飛行系,36,6,16,22,45,9,125,風10,混亂衝擊波Lv10、超強昏睡魔法Lv5,2024-01-18,[公告](https://cg.originmood.com/NewsContent/zh_TW/mlbb_news_11534.html),/img/專屬寵物/黃小鴨.png,
聖誕大公雞,飛行系,35,6,12,22,50,9,125,火5風5,混亂衝擊波Lv10、強力補血魔法Lv6,2023-12-20,[公告](https://cg.originmood.com/NewsContent/zh_TW/mlbb_news_10844.html),/img/專屬寵物/聖誕大公雞.gif,
蒼月聖鷹,飛行系,25,29,13,50,8,9,125,風9地1,突襲之舞Lv10、氣絕回復Lv1,2023-12-06,[公告](https://cg.originmood.com/NewsContent/zh_TW/mlbb_news_10764.html),/img/專屬寵物/蒼月聖鷹.gif,[蒼月聖學院](/任務攻略/主線任務/天空之城系列/蒼月聖學院) 風元素祕境：與迷宮內傳送石對話可直接登頂
珊瑚海豚,飛行系,31,7,20,20,47,8,125,火10,強力中毒魔法Lv5、超強火焰魔法Lv1,2023-11-09,[公告](https://cg.originmood.com/NewsContent/zh_TW/mlbb_news_10534.html),/img/專屬寵物/珊瑚海豚.gif,
深淵石像魔王,飛行系,18,40,15,46,6,9,125,風1地9,氣功彈I、乾坤一擲Lv10,2023-11-09,[公告](https://cg.originmood.com/NewsContent/zh_TW/mlbb_news_10534.html),/img/專屬寵物/深淵石像魔王.gif,[刀客就職任務](/任務攻略/專屬任務/刀客就職任務) 可從任一黃色傳送石抵達
勝利之翼,飛行系,29,50,13,25,8,9,125,風1地9,混亂攻擊Lv10、潛龍殺Lv10,2023-10-12,[公告](https://cg.originmood.com/NewsContent/zh_TW/mlbb_news_10424.html),/img/專屬寵物/勝利之翼.gif,
諾爾特神鷹,飛行系,15,6,13,48,43,9,125,地1水9,遺忘攻擊Lv10、混亂衝擊波Lv10,2023-10-12,[公告](https://cg.originmood.com/NewsContent/zh_TW/mlbb_news_10424.html),/img/專屬寵物/諾爾特神鷹.gif,
青蓮仙鳳,飛行系,14,6,15,45,45,9,125,地5水5,超強隕石魔法Lv4、超強石化魔法Lv5,2023-09-25,[公告](https://cg.originmood.com/NewsContent/zh_TW/mlbb_news_10344.html),/img/專屬寵物/青蓮仙鳳.gif,
雷伊,飛行系,23,10,28,20,40,8,125,地10,強力中毒魔法Lv3,2023-09-25,[公告](https://cg.originmood.com/NewsContent/zh_TW/mlbb_news_10344.html),/img/專屬寵物/雷伊.gif,
吞焰妖蛇,飛行系,31,50,20,18,6,9,125,水10,氣功彈I、潛龍殺Lv6,2023-09-21,[公告](https://cg.originmood.com/NewsContent/zh_TW/mlbb_news_10324.html),/img/專屬寵物/吞焰妖蛇.gif,
青鸞聖鳥,飛行系,21,40,10,48,6,9,125,地10,單體即死Lv1、乾坤一擲點睛I,2023-09-08,[公告](https://cg.originmood.com/NewsContent/zh_TW/mlbb_news_10234.html),/img/專屬寵物/青鸞聖鳥.gif,
紅翼奇美拉,飛行系,41,6,11,19,48,9,125,水5火5,超強混亂魔法Lv5、混亂攻擊Lv11,2023-08-07,[公告](https://cg.originmood.com/NewsContent/zh_TW/mlbb_news_10084.html),/img/專屬寵物/紅翼奇美拉.gif,
改造布雷歐,飛行系,29,6,16,26,48,9,125,火10,強力混亂魔法Lv5、混亂攻擊Lv11,2023-08-07,[公告](https://cg.originmood.com/NewsContent/zh_TW/mlbb_news_10084.html),/img/專屬寵物/改造布雷歐.gif,
布雷歐,飛行系,20,34,9,47,15,7,125,水4火6,強力昏睡魔法Lv5,2023-08-07,[公告](https://cg.originmood.com/NewsContent/zh_TW/mlbb_news_10084.html),/img/專屬寵物/改造布雷歐.gif,
勝利女神,飛行系,34,6,16,24,45,9,125,地2風8,潔淨魔法LV3,2023-05-12,[公告](https://cg.originmood.com/NewsContent/zh_TW/mlbb_news_9544.html),/img/專屬寵物/勝利女神.gif,
戰爭女神,飛行系,32,8,17,22,46,9,125,水6火4,強力昏睡魔法Lv5,2023-07-10,[公告](https://cg.originmood.com/NewsContent/zh_TW/mlbb_news_9864.html),/img/專屬寵物/戰爭女神.gif,
小魚仙,飛行系,27,6,19,31,42,8,125,風4地6,昏睡魔法Lv3,2023-07-06,[公告](https://cg.originmood.com/NewsContent/zh_TW/mlbb_news_9834.html),/img/專屬寵物/小魚仙.gif,
琴韻海妖,飛行系,31,6,19,23,46,8,125,風5地5,昏睡魔法Lv5、強力昏睡魔法Lv5,2023-07-06,[公告](https://cg.originmood.com/NewsContent/zh_TW/mlbb_news_9834.html),/img/專屬寵物/琴韻海妖.gif,
夜魔,飛行系,30,44,19,26,6,8,125,火5風5,攻擊吸收Lv5,2023-06-01,[公告](https://cg.originmood.com/NewsContent/zh_TW/mlbb_news_9644.html),/img/專屬寵物/夜魔.gif,
精靈女皇,飛行系,40,6,14,17,48,9,125,風6地4,超強昏睡魔法Lv5、補血魔法Lv5,2023-05-18,[公告](https://cg.originmood.com/NewsContent/zh_TW/mlbb_news_9564.html),/img/專屬寵物/精靈女皇.gif,
地寶石精靈,飛行系,17,42,12,12,42,8,125,地10,混亂衝擊波Lv3,2023-05-18,[公告](https://cg.originmood.com/NewsContent/zh_TW/mlbb_news_9564.html),/img/專屬寵物/地寶石精靈.gif,
水寶石精靈,飛行系,42,12,12,17,42,8,125,水10,混亂衝擊波Lv3,2023-05-18,[公告](https://cg.originmood.com/NewsContent/zh_TW/mlbb_news_9564.html),/img/專屬寵物/水寶石精靈.gif,
火寶石精靈,飛行系,17,12,42,12,42,8,125,火10,混亂衝擊波Lv3,2023-05-18,[公告](https://cg.originmood.com/NewsContent/zh_TW/mlbb_news_9564.html),/img/專屬寵物/火寶石精靈.gif,
風寶石精靈,飛行系,17,12,12,42,42,8,125,風10,混亂衝擊波Lv3,2023-05-18,[公告](https://cg.originmood.com/NewsContent/zh_TW/mlbb_news_9564.html),/img/專屬寵物/風寶石精靈.gif,
大天使,飛行系,37,14,23,12,34,8,120,火5風5,,2023-04-04,[公告](https://cg.originmood.com/NewsContent/zh_TW/mlbb_news_9264.html),/img/專屬寵物/大天使.gif,
光明天使,飛行系,46,40,14,19,6,9,125,火5風5,突襲之舞Lv5,2023-04-04,[公告](https://cg.originmood.com/NewsContent/zh_TW/mlbb_news_9264.html),/img/專屬寵物/大天使.gif,
天使路西法,飛行系,43,6,12,19,45,9,125,火5風5,魔法無效Lv5,2023-04-04,[公告](https://cg.originmood.com/NewsContent/zh_TW/mlbb_news_9264.html),/img/專屬寵物/天使路西法.gif,
太陽海豚,飛行系,41,6,20,15,43,8,125,火4風6,強力昏睡魔法Lv3,2023-03-29,[公告](https://cg.originmood.com/NewsContent/zh_TW/mlbb_news_9214.html),/img/專屬寵物/太陽海豚.gif,
聖晶獨角獸,飛行系,35,6,16,19,49,9,125,地3水7,混亂衝擊波Lv5,2023-03-02,[公告](https://cg.originmood.com/NewsContent/zh_TW/mlbb_news_9134.html),/img/專屬寵物/聖晶獨角獸.gif,
熾炎神鳳,飛行系,40,4,11,20,50,9,125,火5風5,超強火焰魔法Lv4,2023-02-02,[公告](https://cg.originmood.com/NewsContent/zh_TW/mlbb_news_9044.html),/img/專屬寵物/熾炎神鳳.gif,
彩鳳,飛行系,37,45,13,24,6,8,125,地10,,2023-02-02,[公告](https://cg.originmood.com/NewsContent/zh_TW/mlbb_news_9044.html),/img/專屬寵物/彩鳳.gif,
雛鳳,飛行系,37,6,13,24,45,8,125,水10,,2022-08-18,[公告](https://cg.originmood.com/NewsContent/zh_TW/mlbb_news_8203.html),/img/專屬寵物/雛鳳.gif,
赤鳳,飛行系,45,37,24,13,6,8,125,火10,,2023-02-02,[公告](https://cg.originmood.com/NewsContent/zh_TW/mlbb_news_9044.html),/img/專屬寵物/聖誕節火雞.gif,
金鳳,飛行系,24,6,37,13,45,8,125,風10,,2023-02-02,[公告](https://cg.originmood.com/NewsContent/zh_TW/mlbb_news_9044.html),/img/專屬寵物/金鳳.gif,
聖金雪橇鹿車,飛行系,52,39,14,14,6,8,125,地10,,2021-12-23,[公告](https://cg.originmood.com/NewsContent/zh_TW/mlbb_news_6613.html),/img/專屬寵物/聖金雪橇鹿車.gif,
黑金雪橇鹿車,飛行系,52,14,39,14,6,8,125,水10,,2021-12-23,[公告](https://cg.originmood.com/NewsContent/zh_TW/mlbb_news_6613.html),/img/專屬寵物/黑金雪橇鹿車.gif,
黃金雪橇鹿車,飛行系,52,14,14,39,6,8,125,火10,,2021-12-23,[公告](https://cg.originmood.com/NewsContent/zh_TW/mlbb_news_6613.html),/img/專屬寵物/黃金雪橇鹿車.gif,
白金雪橇鹿車,飛行系,39,52,14,14,6,8,125,風10,,2021-12-23,[公告](https://cg.originmood.com/NewsContent/zh_TW/mlbb_news_6613.html),/img/專屬寵物/白金雪橇鹿車.gif,
地獄魔王,飛行系,23,33,20,27,17,7,120,水10,,2022-11-11,[公告](https://cg.originmood.com/NewsContent/zh_TW/mlbb_news_8714.html),/img/專屬寵物/地獄魔王.gif,
魔王撒旦,飛行系,16,48,11,44,6,9,125,水10,隨機發出1-4道可遠程攻擊敵方的魔王劍斬，傷害為攻擊力的40%,2022-11-11,[公告](https://cg.originmood.com/NewsContent/zh_TW/mlbb_news_8714.html),/img/專屬寵物/地獄魔王.gif,
深綠蝙蝠,飛行系,23,31,21,27,18,8,120,地7風3,埃瑞亞島（600.575）,2022-10-13,[公告](https://cg.originmood.com/NewsContent/zh_TW/mlbb_news_8484.html),/img/專屬寵物/深綠蝙蝠.gif,
檸檬蝙蝠,飛行系,22,33,21,24,20,8,120,風8地2,,2022-10-13,[公告](https://cg.originmood.com/NewsContent/zh_TW/mlbb_news_8484.html),/img/專屬寵物/檸檬蝙蝠.gif,
月兔卜樂,飛行系,14,24,16,37,34,8,125,風10,,2022-08-31,[公告](https://cg.originmood.com/NewsContent/zh_TW/mlbb_news_8253.html),/img/專屬寵物/月兔卜樂.gif,
廣寒仙兔,飛行系,12,8,13,47,45,8,125,風10,,2022-08-31,[公告](https://cg.originmood.com/NewsContent/zh_TW/mlbb_news_8253.html),/img/專屬寵物/廣寒仙兔.gif,
曜玉金鵷,飛行系,23,6,10,46,40,8,125,火10,,2022-08-18,[公告](https://cg.originmood.com/NewsContent/zh_TW/mlbb_news_8203.html),/img/專屬寵物/曜玉金鵷.gif,
格陵蘭虎鯊,飛行系,19,13,15,42,31,7,120,地9風1,,2022-08-01,[公告](https://cg.originmood.com/NewsContent/zh_TW/mlbb_news_7993.html),/img/專屬寵物/格陵蘭虎鯊.gif,
北海響尾鯊,飛行系,42,31,15,19,13,7,120,水9地1,,2022-08-01,[公告](https://cg.originmood.com/NewsContent/zh_TW/mlbb_news_7993.html),/img/專屬寵物/北海響尾鯊.gif,
嗜血巡遊鯊,飛行系,31,42,15,19,13,7,120,水1火9,,2021-11-25,[公告](https://cg.originmood.com/NewsContent/zh_TW/mlbb_news_6413.html),/img/專屬寵物/嗜血巡遊鯊.gif,
地獄亡靈,飛行系,22,24,13,35,26,7,120,地2水8,,2022-07-07,[公告](https://cg.originmood.com/NewsContent/zh_TW/mlbb_news_7913.html),/img/專屬寵物/地獄亡靈.gif,
地獄惡魔,飛行系,11,6,17,43,48,9,125,地2水8,,2022-07-07,[公告](https://cg.originmood.com/NewsContent/zh_TW/mlbb_news_7913.html),/img/專屬寵物/地獄亡靈.gif,
魔力小黃雞,飛行系,17,35,15,38,15,7,120,地2風8,,2022-05-05,[公告](https://cg.originmood.com/NewsContent/zh_TW/mlbb_news_7463.html),/img/專屬寵物/魔力小黃雞.gif,
寶貝紫藍雞,飛行系,17,15,15,38,35,7,120,水8火2,,2022-05-05,[公告](https://cg.originmood.com/NewsContent/zh_TW/mlbb_news_7463.html),/img/專屬寵物/寶貝紫藍雞.gif,
永恆熒光雞,飛行系,17,38,15,35,15,7,120,地8水2,,2022-05-05,[公告](https://cg.originmood.com/NewsContent/zh_TW/mlbb_news_7463.html),/img/專屬寵物/永恆熒光雞.gif,
初心粉紅雞,飛行系,17,15,15,35,38,7,120,火2風8,,2022-05-05,[公告](https://cg.originmood.com/NewsContent/zh_TW/mlbb_news_7463.html),/img/專屬寵物/初心粉紅雞.gif,
兔耳魔力小黃雞,飛行系,19,37,15,40,12,8,123,地2風8,,2022-05-05,[公告](https://cg.originmood.com/NewsContent/zh_TW/mlbb_news_7463.html),/img/專屬寵物/兔耳魔力小黃雞.gif,
兔耳寶貝紫藍雞,飛行系,19,12,15,40,37,8,123,水8火2,,2022-05-05,[公告](https://cg.originmood.com/NewsContent/zh_TW/mlbb_news_7463.html),/img/專屬寵物/兔耳寶貝紫藍雞.gif,
兔耳永恆熒光雞,飛行系,19,40,15,37,12,8,123,地8水2,,2022-05-05,[公告](https://cg.originmood.com/NewsContent/zh_TW/mlbb_news_7463.html),/img/專屬寵物/兔耳永恆熒光雞.gif,
兔耳初心粉紅雞,飛行系,19,12,15,37,40,8,123,火8風2,,2022-05-05,[公告](https://cg.originmood.com/NewsContent/zh_TW/mlbb_news_7463.html),/img/專屬寵物/兔耳初心粉紅雞.gif,
印第安魔力小雞,飛行系,19,39,15,42,10,8,125,地2風8,,2022-05-05,[公告](https://cg.originmood.com/NewsContent/zh_TW/mlbb_news_7463.html),/img/專屬寵物/印第安魔力小雞.gif,
大法官魔力小雞,飛行系,19,10,15,42,39,8,125,水8火2,,2022-05-05,[公告](https://cg.originmood.com/NewsContent/zh_TW/mlbb_news_7463.html),/img/專屬寵物/大法官魔力小雞.gif,
牛仔帽魔力小雞,飛行系,19,42,15,39,10,8,125,地8水2,,2022-05-05,[公告](https://cg.originmood.com/NewsContent/zh_TW/mlbb_news_7463.html),/img/專屬寵物/牛仔帽魔力小雞.gif,
紳士裝魔力小雞,飛行系,19,10,15,39,42,8,125,火8風2,,2022-05-05,[公告](https://cg.originmood.com/NewsContent/zh_TW/mlbb_news_7463.html),/img/專屬寵物/紳士裝魔力小雞.gif,
布偶夏莉,飛行系,19,9,17,34,44,8,123,風2地8,,2022-02-23,[公告](https://cg.originmood.com/NewsContent/zh_TW/mlbb_news_7083.html),/img/專屬寵物/布偶夏莉.gif,
布偶凱琪,飛行系,15,9,16,43,40,8,123,地2水8,,2022-02-23,[公告](https://cg.originmood.com/NewsContent/zh_TW/mlbb_news_7083.html),/img/專屬寵物/布偶凱琪.gif,
布偶艾菈,飛行系,16,9,42,17,39,8,123,水2火8,,2022-02-23,[公告](https://cg.originmood.com/NewsContent/zh_TW/mlbb_news_7083.html),/img/專屬寵物/布偶艾菈.gif,
布偶米琪,飛行系,30,47,14,23,9,8,123,火2風8,,2022-02-23,[公告](https://cg.originmood.com/NewsContent/zh_TW/mlbb_news_7083.html),/img/專屬寵物/布偶米琪.gif,
布偶紫音,飛行系,37,38,29,10,9,8,123,地10,,2022-02-23,[公告](https://cg.originmood.com/NewsContent/zh_TW/mlbb_news_7083.html),/img/專屬寵物/布偶紫音.gif,
飛馬公主,飛行系,16,6,14,43,46,9,125,地3風7,,2022-02-23,[公告](https://cg.originmood.com/NewsContent/zh_TW/mlbb_news_7083.html),/img/專屬寵物/飛馬公主.gif,
飛馬王子,飛行系,35,41,16,27,6,9,125,水2火8,,2022-02-23,[公告](https://cg.originmood.com/NewsContent/zh_TW/mlbb_news_7083.html),/img/專屬寵物/飛馬王子.gif,
愛神丘比特,飛行系,16,12,15,40,42,8,125,風10,,2022-02-10,[公告](https://cg.originmood.com/NewsContent/zh_TW/mlbb_news_7023.html),/img/專屬寵物/愛神丘比特.gif,
小丑魚霸王,飛行系,19,42,13,45,6,8,125,火5風5,,2022-01-13,[公告](https://cg.originmood.com/NewsContent/zh_TW/mlbb_news_6833.html),/img/專屬寵物/小丑魚霸王.gif,
風暴小丑魚王,飛行系,16,6,14,45,44,9,125,地4水6,強力混亂魔法Lv3,2022-01-13,[公告](https://cg.originmood.com/NewsContent/zh_TW/mlbb_news_6833.html),/img/專屬寵物/風暴小丑魚王.gif,
碧波小丑魚,飛行系,16,39,15,43,10,8,123,地6水4,,2022-01-13,[公告](https://cg.originmood.com/NewsContent/zh_TW/mlbb_news_6833.html),/img/專屬寵物/碧波小丑魚.gif,
蒼角小丑魚,飛行系,18,40,14,41,10,8,123,水6火4,,2022-01-13,[公告](https://cg.originmood.com/NewsContent/zh_TW/mlbb_news_6833.html),/img/專屬寵物/蒼角小丑魚.gif,
赤丸小丑魚,飛行系,17,39,15,42,10,8,123,火6風4,,2022-01-13,[公告](https://cg.originmood.com/NewsContent/zh_TW/mlbb_news_6833.html),/img/專屬寵物/赤丸小丑魚.gif,
魔方小丑魚,飛行系,20,40,13,40,10,8,123,風6地4,,2022-01-13,[公告](https://cg.originmood.com/NewsContent/zh_TW/mlbb_news_6833.html),/img/專屬寵物/魔方小丑魚.gif,
歐特奇美拉,飛行系,24,22,22,35,17,7,120,風5地5,,2021-12-10,[公告](https://cg.originmood.com/NewsContent/zh_TW/mlbb_news_6553.html),/img/專屬寵物/歐特奇美拉.gif,
疾風奇美拉,飛行系,20,6,8,45,46,9,125,風5地5,,2021-12-10,[公告](https://cg.originmood.com/NewsContent/zh_TW/mlbb_news_6553.html),/img/專屬寵物/歐特奇美拉.gif,
水母霸王,飛行系,42,9,11,17,46,8,125,風5地5,,2021-11-25,[公告](https://cg.originmood.com/NewsContent/zh_TW/mlbb_news_6413.html),/img/專屬寵物/水母霸王.gif,
雷暴娃娃水母,飛行系,47,6,11,46,15,8,125,水5火5,強力昏睡魔法Lv3,2021-11-25,[公告](https://cg.originmood.com/NewsContent/zh_TW/mlbb_news_6413.html),/img/專屬寵物/雷暴娃娃水母.gif,
晴天娃娃水母,飛行系,36,9,23,13,42,8,123,地9水1,,2021-11-25,[公告](https://cg.originmood.com/NewsContent/zh_TW/mlbb_news_6413.html),/img/專屬寵物/晴天娃娃水母.gif,
小雨娃娃水母,飛行系,35,9,23,12,44,8,123,水9火1,,2021-11-25,[公告](https://cg.originmood.com/NewsContent/zh_TW/mlbb_news_6413.html),/img/專屬寵物/小雨娃娃水母.gif,
大雪娃娃水母,飛行系,34,9,20,15,45,8,123,火9風1,,2021-11-25,[公告](https://cg.originmood.com/NewsContent/zh_TW/mlbb_news_6413.html),/img/專屬寵物/大雪娃娃水母.gif,
多雲娃娃水母,飛行系,34,9,21,16,43,8,123,風9地1,,2021-11-25,[公告](https://cg.originmood.com/NewsContent/zh_TW/mlbb_news_6413.html),/img/專屬寵物/多雲娃娃水母.gif,
符能青鸞,飛行系,23,40,10,46,6,8,125,地10,,2021-09-30,[公告](https://cg.originmood.com/NewsContent/zh_TW/mlbb_news_6143.html),/img/專屬寵物/青鸞聖鳥.gif,
石像魔王,飛行系,12,36,13,18,46,8,125,地9風1,,2023-11-09,[公告](https://cg.originmood.com/NewsContent/zh_TW/mlbb_news_10534.html),/img/專屬寵物/石像魔王.gif,
改造掃把蝙蝠,飛行系,6,44,6,33,36,9,125,水5火5,,,,/img/專屬寵物/改造掃把蝙蝠.gif,
貝貝菈,人形系,24,14,16,29,40,9,125,水7火3,攻擊吸收LV3,2025-03-19,[公告](https://cg.originmood.com/NewsContent/zh_TW/mlbb_news_14934.html),/img/專屬寵物/貝貝菈.gif,
菲洛緹亞,人形系,32,6,14,50,23,9,125,水5火5,強力補血魔法LV6、超強石化魔法LV7、單體石化魔法LV10,2025-03-03,[公告](https://cg.originmood.com/NewsContent/zh_TW/mlbb_news_14824.html),/img/專屬寵物/菲洛緹亞.gif,
裂空哥布林,人形系,35,43,15,24,8,9,125,風7地3,諸刃LV11、裂空斬LV10,2025-02-20,[公告](https://cg.originmood.com/NewsContent/zh_TW/mlbb_news_14794.html),/img/專屬寵物/裂空哥布林.gif,
梅宗,人形系,18,6,12,49,40,9,125,地5水5,超強混亂魔法LV10、氣絕回復LV1,2025-01-28,[公告](https://cg.originmood.com/NewsContent/zh_TW/mlbb_news_14664.html),/img/專屬寵物/梅宗.gif,
弓射手桐香,人形系,25,40,18,31,11,9,125,風10,亂射LV5,2025-01-28,[公告](https://cg.originmood.com/NewsContent/zh_TW/mlbb_news_14664.html),/img/專屬寵物/弓射手桐香.gif,
藍海蛇姬,人形系,30,10,15,26,44,9,125,水8火2,超強酒醉魔法LV7、酒醉魔法LV10、混亂衝擊波LV10,2025-01-22,[公告](https://cg.originmood.com/NewsContent/zh_TW/mlbb_news_14624.html),/img/專屬寵物/藍海蛇姬.gif,
赤鏈蛇姬,人形系,24,41,17,33,10,9,125,火8風2,連擊LV10、裂空斬LV8、昏睡攻擊LV11,2025-01-22,[公告](https://cg.originmood.com/NewsContent/zh_TW/mlbb_news_14624.html),/img/專屬寵物/赤鏈蛇姬.gif,
素白蛇姬,人形系,30,6,15,26,48,9,125,水10,超強石化魔法LV5、潔淨魔法LV3、混亂衝擊波LV10,2025-01-22,[公告](https://cg.originmood.com/NewsContent/zh_TW/mlbb_news_14624.html),/img/專屬寵物/素白蛇姬.gif,
青靈蛇姬,人形系,30,10,18,20,47,9,125,地8水2,超強中毒魔法LV7、中毒魔法LV10、混亂衝擊波LV10,2025-01-22,[公告](https://cg.originmood.com/NewsContent/zh_TW/mlbb_news_14624.html),/img/專屬寵物/青靈蛇姬.gif,
金鱗蛇姬,人形系,32,44,20,19,10,9,125,風8地2,裂空斬LV10、毒性攻擊LV11、石化攻擊LV11,2025-01-22,[公告](https://cg.originmood.com/NewsContent/zh_TW/mlbb_news_14624.html),/img/專屬寵物/金鱗蛇姬.gif,
聖刀賽格梅特,人形系,40,49,11,19,6,9,125,火5風5,飛刃亂舞Lv10、乾坤一擲LV11、潔淨魔法LV3,2025-01-22,[公告](https://cg.originmood.com/NewsContent/zh_TW/mlbb_news_14624.html),/img/專屬寵物/聖刀賽格梅特.gif,
刀師賽格梅特,人形系,26,40,15,34,10,9,125,風10,飛刃亂舞Lv10、氣功彈I、攻擊無效LV5,2025-01-15,[公告](https://cg.originmood.com/NewsContent/zh_TW/mlbb_news_14544.html),/img/專屬寵物/刀師賽格梅特.gif,
泰坦赫里斯,人形系,30,48,15,26,6,9,125,火5風5,石化攻擊LV11、乾坤一擲LV11、裂空斬LV10,2025-01-02,[公告](https://cg.originmood.com/NewsContent/zh_TW/mlbb_news_14494.html),/img/專屬寵物/泰坦赫里斯.gif,[遠古巨人之謎](/任務攻略/主線任務/天空之城系列/遠古巨人之謎) 隊長持有即可從傳送石直達試煉神殿
黃金泰坦,人形系,30,49,16,24,6,9,125,風10,連擊LV11、氣功彈I,2025-01-02,[公告](https://cg.originmood.com/NewsContent/zh_TW/mlbb_news_14494.html),/img/專屬寵物/黃金泰坦.gif,
女皇賽格梅特,人形系,40,5,5,25,50,9,125,火5風5,潔淨魔法LV3、氣絕回復LV1、超強補血魔法LV5、雲群的祈禱LV10,2025-01-01,[公告](https://cg.originmood.com/NewsContent/zh_TW/mlbb_news_14474.html),/img/專屬寵物/女皇賽格梅特.gif,
聖騎賽格梅特,人形系,49,42,17,11,6,9,125,火5風5,裂空斬LV10、諸刃LV11、氣絕回復LV1,2025-01-01,[公告](https://cg.originmood.com/NewsContent/zh_TW/mlbb_news_14474.html),/img/專屬寵物/聖騎賽格梅特.gif,
聖咒賽格梅特,人形系,17,6,11,49,42,9,125,火5風5,強力石化魔法LV7、 超強石化魔法LV5、混亂衝擊波LV10,2025-01-01,[公告](https://cg.originmood.com/NewsContent/zh_TW/mlbb_news_14474.html),/img/專屬寵物/女皇賽格梅特.gif,
聖劍賽格梅特,人形系,32,46,11,30,6,9,125,火5風5,連擊LV11、裂空斬LV10、乾坤一擲LV11,2025-01-01,[公告](https://cg.originmood.com/NewsContent/zh_TW/mlbb_news_14474.html),/img/專屬寵物/聖劍賽格梅特.gif,
聖鬥賽格梅特,人形系,18,40,11,50,6,9,125,火5風5,氣功彈LV3、乾坤一擲LV11、戰慄襲心LV11,2025-01-01,[公告](https://cg.originmood.com/NewsContent/zh_TW/mlbb_news_14474.html),/img/專屬寵物/聖刀賽格梅特.gif,
聖弓賽格梅特,人形系,18,50,11,40,6,9,125,火5風5,亂射LV10、諸刃LV11、遺忘攻擊LV11,2025-01-01,[公告](https://cg.originmood.com/NewsContent/zh_TW/mlbb_news_14474.html),/img/專屬寵物/聖弓賽格梅特.gif,
聖斧賽格梅特,人形系,30,50,11,28,6,9,125,火5風5,潛龍殺LV10、乾坤一擲LV11、裂空斬LV10,2025-01-01,[公告](https://cg.originmood.com/NewsContent/zh_TW/mlbb_news_14474.html),/img/專屬寵物/聖斧賽格梅特.gif,
騎士賽格梅特,人形系,44,40,15,16,10,9,125,火5風5,諸刃LV11,2025-01-01,[公告](https://cg.originmood.com/NewsContent/zh_TW/mlbb_news_14474.html),/img/專屬寵物/騎士賽格梅特.gif,
咒師賽格梅特,人形系,18,10,16,39,42,9,125,火5風5,混亂衝擊波LV10,2025-01-01,[公告](https://cg.originmood.com/NewsContent/zh_TW/mlbb_news_14474.html),/img/專屬寵物/咒師賽格梅特.gif,
劍士賽格梅特,人形系,36,43,16,20,10,9,125,火5風5,突襲之舞LV10,2025-01-01,[公告](https://cg.originmood.com/NewsContent/zh_TW/mlbb_news_14474.html),/img/專屬寵物/劍士賽格梅特.gif,
格鬥家賽格梅特,人形系,34,36,16,29,10,9,125,火5風5,氣功彈LV2,2025-01-01,[公告](https://cg.originmood.com/NewsContent/zh_TW/mlbb_news_14474.html),/img/專屬寵物/刀師賽格梅特.gif,
弓箭手賽格梅特,人形系,18,45,16,36,10,9,125,火5風5,亂射LV5,2025-01-01,[公告](https://cg.originmood.com/NewsContent/zh_TW/mlbb_news_14474.html),/img/專屬寵物/弓箭手賽格梅特.gif,
戰斧賽格梅特,人形系,36,48,16,18,10,9,125,火5風5,潛龍殺LV10,2025-01-01,[公告](https://cg.originmood.com/NewsContent/zh_TW/mlbb_news_14474.html),/img/專屬寵物/戰斧賽格梅特.gif,
新生賽格梅特,人形系,24,24,24,24,24,8,125,火5風5,,2025-01-01,[公告](https://cg.originmood.com/NewsContent/zh_TW/mlbb_news_14474.html),/img/專屬寵物/刀師賽格梅特.gif,
冰雪獵魔人,人形系,34,45,8,30,8,9,125,水10,乾坤一擲LV11、裂空斬LV10、昏睡攻擊LV11,2024-12-19,[公告](https://cg.originmood.com/NewsContent/zh_TW/mlbb_news_14434.html),/img/專屬寵物/冰雪獵魔人.gif,
冰雪魔人,人形系,34,6,17,22,46,9,125,地10,混亂衝擊波LV10、強力石化魔法LV7、超強中毒魔法LV5,2024-12-19,[公告](https://cg.originmood.com/NewsContent/zh_TW/mlbb_news_14434.html),/img/專屬寵物/冰雪魔人.gif,
潘妮,人形系,45,6,11,17,46,9,125,風10,強力補血魔法LV6、氣絕回復LV1、混亂衝擊波LV10,2024-12-09,[公告](https://cg.originmood.com/NewsContent/zh_TW/mlbb_news_14364.html),/img/專屬寵物/潘妮.gif,
風舞巫魅,人形系,17,6,11,47,44,9,125,地5水5,混亂衝擊波Lv5,2024-11-08,[公告](https://cg.originmood.com/NewsContent/zh_TW/mlbb_news_14164.html),/img/專屬寵物/風舞巫魅.gif,
豆豆,人形系,30,50,14,25,6,9,125,地10,飛刃亂舞Lv10、氣絕回復Lv1,2024-11-11,[公告](https://cg.originmood.com/NewsContent/zh_TW/mlbb_news_14184.html),/img/專屬寵物/豆豆.gif,
影男,人形系,30,36,24,25,10,9,125,地5水5,氣功彈I,2024-11-11,[公告](https://cg.originmood.com/NewsContent/zh_TW/mlbb_news_14184.html),/img/專屬寵物/影男.gif,
影女,人形系,27,44,13,35,6,9,125,地10,氣功彈I、飛刃亂舞Lv10,2024-11-08,[公告](https://cg.originmood.com/NewsContent/zh_TW/mlbb_news_14164.html),/img/專屬寵物/影女.gif,
吹雪,人形系,29,44,17,25,10,9,125,火10,亂射Lv10、必殺狙擊Lv10,2024-10-09,[公告](https://cg.originmood.com/NewsContent/zh_TW/mlbb_news_14074.html),/img/專屬寵物/吹雪.gif,
咒殺型小櫻,人形系,17,6,12,50,40,9,125,水5火5,潔淨魔法Lv3、時空繚殺亂,2024-10-09,[公告](https://cg.originmood.com/NewsContent/zh_TW/mlbb_news_14074.html),/img/專屬寵物/咒殺型小櫻.gif,
單眼藍巨人,人形系,34,44,19,19,9,9,125,地1水9,氣功彈I、諸刃Lv11,2024-10-10,[公告](https://cg.originmood.com/NewsContent/zh_TW/mlbb_news_14084.html),/img/專屬寵物/單眼藍巨人.gif,
戰鬥海盜,人形系,25,43,19,28,10,9,125,水8火2,潛龍殺Lv10、裂空斬Lv10,2024-09-26,[公告](https://cg.originmood.com/NewsContent/zh_TW/mlbb_news_14004.html),/img/專屬寵物/戰鬥海盜.gif,
戰鬥烈風鳥人,人形系,25,10,15,32,43,9,125,火1風9,混亂衝擊波Lv10,2024-09-26,[公告](https://cg.originmood.com/NewsContent/zh_TW/mlbb_news_14004.html),/img/專屬寵物/戰鬥烈風鳥人.gif,
兵長馬里諾,人形系,33,40,19,23,10,9,125,風2地8,裂空斬Lv6,2024-09-06,[公告](https://cg.originmood.com/NewsContent/zh_TW/mlbb_news_13904.html),/img/專屬寵物/兵長馬里諾.gif,
時雨天,人形系,40,45,6,28,6,9,125,風10,氣功彈I、連擊Lv11,2024-08-08,[公告](https://cg.originmood.com/NewsContent/zh_TW/mlbb_news_13744.html),/img/專屬寵物/時雨天.gif,
卡蘿,人形系,28,47,14,30,6,9,125,水10,裂空斬Lv10、潛龍殺Lv10,2024-07-31,[公告](https://cg.originmood.com/NewsContent/zh_TW/mlbb_news_13684.html),/img/專屬寵物/卡蘿.gif,
虛弱的大地詛咒者,人形系,10,10,10,10,10,7,50,風3地7,,2024-07-17,[公告](https://cg.originmood.com/NewsContent/zh_TW/mlbb_news_13624.html),/img/專屬寵物/虛弱的大地詛咒者.gif,
虛弱的寒冰詛咒者,人形系,10,10,10,10,10,7,50,地3水7,,2024-07-17,[公告](https://cg.originmood.com/NewsContent/zh_TW/mlbb_news_13624.html),/img/專屬寵物/虛弱的寒冰詛咒者.gif,
虛弱的火焰詛咒者,人形系,10,10,10,10,10,7,50,水3火7,,2024-07-17,[公告](https://cg.originmood.com/NewsContent/zh_TW/mlbb_news_13624.html),/img/專屬寵物/虛弱的火焰詛咒者.png,
虛弱的雷霆詛咒者,人形系,10,10,10,10,10,7,50,火3風7,,2024-07-17,[公告](https://cg.originmood.com/NewsContent/zh_TW/mlbb_news_13624.html),/img/專屬寵物/虛弱的雷霆詛咒者.gif,
大地詛咒者,人形系,33,6,15,25,46,9,125,風3地7,混亂衝擊波Lv10、中毒魔法Lv10,2024-07-17,[公告](https://cg.originmood.com/NewsContent/zh_TW/mlbb_news_13624.html),/img/專屬寵物/虛弱的大地詛咒者.gif,
寒冰詛咒者,人形系,33,6,15,25,46,9,125,地3水7,混亂衝擊波Lv10、魔法無效LV5,2024-07-17,[公告](https://cg.originmood.com/NewsContent/zh_TW/mlbb_news_13624.html),/img/專屬寵物/虛弱的寒冰詛咒者.gif,
火焰詛咒者,人形系,43,35,20,19,8,9,125,水3火7,諸刃Lv11、連擊Lv12,2024-07-17,[公告](https://cg.originmood.com/NewsContent/zh_TW/mlbb_news_13624.html),/img/專屬寵物/虛弱的火焰詛咒者.png,
雷霆詛咒者,人形系,31,43,19,24,8,9,125,火3風7,連擊Lv12、氣功彈I,2024-07-17,[公告](https://cg.originmood.com/NewsContent/zh_TW/mlbb_news_13624.html),/img/專屬寵物/虛弱的雷霆詛咒者.gif,
阿魯巴斯試做體,人形系,30,40,24,21,10,9,125,地10,亂射Lv5,2024-07-05,[公告](https://cg.originmood.com/NewsContent/zh_TW/mlbb_news_13544.html),/img/專屬寵物/阿魯巴斯試做體.gif,
栗,人形系,32,43,19,21,10,9,125,地10,亂射Lv5、必殺狙擊Lv10,2024-07-01,[公告](https://cg.originmood.com/NewsContent/zh_TW/mlbb_news_13494.html),/img/專屬寵物/栗.gif,
彼特,人形系,29,50,6,34,6,9,125,火10,氣功彈Lv3、隔山打牛Lv10,2024-06-19,[公告](https://cg.originmood.com/NewsContent/zh_TW/mlbb_news_13394.html),/img/專屬寵物/彼特.gif,
梅藏,人形系,42,46,11,20,6,9,125,水10,氣功彈I、飛刃亂舞Lv10,2024-06-19,[公告](https://cg.originmood.com/NewsContent/zh_TW/mlbb_news_13394.html),/img/專屬寵物/梅藏.gif,
山賊王,人形系,40,28,23,24,10,9,125,風3地7,戰慄襲心Lv11、裂空斬Lv6,2024-06-06,[公告](https://cg.originmood.com/NewsContent/zh_TW/mlbb_news_13264.html),/img/專屬寵物/山賊王.gif,
烏莉兒,人形系,33,50,6,30,6,9,125,風5地5,連擊Lv11、裂空斬Lv10,2024-06-06,[公告](https://cg.originmood.com/NewsContent/zh_TW/mlbb_news_13264.html),/img/專屬寵物/烏莉兒.gif,
兵長麥,人形系,32,50,18,19,6,9,125,火1風9,氣功彈I,2024-06-06,[公告](https://cg.originmood.com/NewsContent/zh_TW/mlbb_news_13264.html),/img/專屬寵物/兵長麥.gif,
小翠,人形系,31,6,16,26,46,9,125,風10,混亂衝擊波Lv10、強力昏睡魔法Lv7,2024-05-05,[公告](https://cg.originmood.com/NewsContent/zh_TW/mlbb_news_12884.html),/img/專屬寵物/小翠.gif,
聖魂阿爾卡迪亞,人形系,52,38,11,18,6,9,125,火5風5,諸刃Lv11、連擊Lv12,2024-05-02,[公告](https://cg.originmood.com/NewsContent/zh_TW/mlbb_news_12864.html),/img/專屬寵物/聖魂阿爾卡迪亞.gif,
冥凱,人形系,20,43,17,39,6,9,125,風10,氣功彈I,2024-04-04,[公告](https://cg.originmood.com/NewsContent/zh_TW/mlbb_news_12184.html),/img/專屬寵物/冥凱.gif,
百合少女,人形系,27,45,14,33,6,9,125,風10,亂射Lv5、魔法反彈Lv5,2024-03-01,[公告](https://cg.originmood.com/NewsContent/zh_TW/mlbb_news_11804.html),/img/專屬寵物/百合少女.gif,
白銀騎士,人形系,45,32,15,27,6,9,125,地10,連擊Lv11、攻擊反彈Lv5,2024-03-01,[公告](https://cg.originmood.com/NewsContent/zh_TW/mlbb_news_11804.html),/img/專屬寵物/白銀騎士.gif,
元宵巨神兵,人形系,39,42,13,25,6,9,125,火10,氣功彈I、隔山打牛Lv10,2024-02-21,[公告](https://cg.originmood.com/NewsContent/zh_TW/mlbb_news_11704.html),/img/專屬寵物/元宵巨神兵.gif,
紅蓮法師,人形系,26,10,22,20,47,9,125,水5火5,混亂衝擊波Lv10,2024-02-07,[公告](https://cg.originmood.com/NewsContent/zh_TW/mlbb_news_11634.html),/img/專屬寵物/紅蓮法師.gif,
紅蓮,人形系,24,24,24,24,24,8,120,水5火5,,2024-02-07,[公告](https://cg.originmood.com/NewsContent/zh_TW/mlbb_news_11634.html),/img/專屬寵物/紅蓮法師.gif,
靈魂阿爾卡迪亞,人形系,14,6,11,48,46,9,125,火5風5,超強混亂魔法Lv5、單體即死Lv1,2023-12-28,[公告](https://cg.originmood.com/NewsContent/zh_TW/mlbb_news_10894.html),/img/專屬寵物/靈魂阿爾卡迪亞.gif,
魔魂阿爾卡迪亞,人形系,46,6,11,14,48,9,125,火5風5,超強火焰魔法Lv4、混亂衝擊波Lv10,2023-12-28,[公告](https://cg.originmood.com/NewsContent/zh_TW/mlbb_news_10894.html),/img/專屬寵物/靈魂阿爾卡迪亞.gif,
武魂阿爾卡迪亞,人形系,14,52,11,42,6,9,125,火5風5,連擊Lv12、裂空斬Lv10,2023-12-28,[公告](https://cg.originmood.com/NewsContent/zh_TW/mlbb_news_10894.html),/img/專屬寵物/武魂阿爾卡迪亞.gif,
鬥魂阿爾卡迪亞,人形系,14,45,11,49,6,9,125,火5風5,氣功彈I、隔山打牛Lv10,2023-12-28,[公告](https://cg.originmood.com/NewsContent/zh_TW/mlbb_news_10894.html),/img/專屬寵物/鬥魂阿爾卡迪亞.gif,
技魂阿爾卡迪亞,人形系,45,47,11,16,6,9,125,火5風5,亂射Lv5、必殺狙擊Lv10,2023-12-28,[公告](https://cg.originmood.com/NewsContent/zh_TW/mlbb_news_10894.html),/img/專屬寵物/技魂阿爾卡迪亞.gif,
戰魂阿爾卡迪亞,人形系,40,52,11,16,6,9,125,火5風5,潛龍殺Lv10、乾坤一擲Lv11,2023-12-28,[公告](https://cg.originmood.com/NewsContent/zh_TW/mlbb_news_10894.html),/img/專屬寵物/戰魂阿爾卡迪亞.gif,
咒術師阿爾卡迪亞,人形系,16,6,15,44,44,8,125,火5風5,強力混亂魔法Lv4,2023-12-28,[公告](https://cg.originmood.com/NewsContent/zh_TW/mlbb_news_10894.html),/img/專屬寵物/咒術師阿爾卡迪亞.gif,
魔法師阿爾卡迪亞,人形系,36,6,15,26,42,8,125,火5風5,混亂衝擊波Lv4,2023-12-28,[公告](https://cg.originmood.com/NewsContent/zh_TW/mlbb_news_10894.html),/img/專屬寵物/咒術師阿爾卡迪亞.gif,
劍士阿爾卡迪亞,人形系,32,42,13,32,6,8,125,火5風5,突襲之舞Lv4,2023-12-28,[公告](https://cg.originmood.com/NewsContent/zh_TW/mlbb_news_10894.html),/img/專屬寵物/劍士阿爾卡迪亞.gif,
格鬥家阿爾卡迪亞,人形系,22,40,17,40,6,8,125,火5風5,隔山打牛Lv4,2023-12-28,[公告](https://cg.originmood.com/NewsContent/zh_TW/mlbb_news_10894.html),/img/專屬寵物/格鬥家阿爾卡迪亞.gif,
弓箭手阿爾卡迪亞,人形系,24,40,15,40,6,8,125,火5風5,必殺狙擊Lv4,2023-12-28,[公告](https://cg.originmood.com/NewsContent/zh_TW/mlbb_news_10894.html),/img/專屬寵物/弓箭手阿爾卡迪亞.gif,
戰斧阿爾卡迪亞,人形系,40,40,15,24,6,8,125,火5風5,潛龍殺Lv4,2023-12-28,[公告](https://cg.originmood.com/NewsContent/zh_TW/mlbb_news_10894.html),/img/專屬寵物/戰斧阿爾卡迪亞.gif,
新生阿爾卡迪亞,人形系,24,24,24,24,24,8,120,火5風5,,2023-12-28,[公告](https://cg.originmood.com/NewsContent/zh_TW/mlbb_news_10894.html),/img/專屬寵物/格鬥家阿爾卡迪亞.gif,
帝國少女士兵,人形系,44,41,17,17,6,9,125,風8地2,連擊Lv10、昏睡攻擊Lv11,2023-12-28,[公告](https://cg.originmood.com/NewsContent/zh_TW/mlbb_news_10884.html),/img/專屬寵物/帝國少女士兵.gif,
帝國少年士兵,人形系,35,6,19,18,47,9,125,風5地5,強力石化魔法Lv5、混亂衝擊波Lv10,2023-12-28,[公告](https://cg.originmood.com/NewsContent/zh_TW/mlbb_news_10884.html),/img/專屬寵物/帝國少年士兵.gif,
劍次,人形系,33,24,30,16,17,7,120,火5風5,,2023-11-10,[公告](https://cg.originmood.com/NewsContent/zh_TW/mlbb_news_10564.html),/img/專屬寵物/劍次.gif,
刀客劍次,人形系,34,42,16,27,6,9,125,火5風5,諸刃Lv11,2023-11-10,[公告](https://cg.originmood.com/NewsContent/zh_TW/mlbb_news_10564.html),/img/專屬寵物/劍次.gif,
侍魂和馬,人形系,15,44,10,50,6,9,125,水5火5,裂空斬Lv10、突襲之舞Lv10,2023-10-09,[公告](https://cg.originmood.com/NewsContent/zh_TW/mlbb_news_10404.html),/img/專屬寵物/侍魂和馬.gif,
武士和馬,人形系,18,42,12,47,6,9,125,水5火5,裂空斬Lv10,2023-10-09,[公告](https://cg.originmood.com/NewsContent/zh_TW/mlbb_news_10404.html),/img/專屬寵物/侍魂和馬.gif,
和馬,人形系,21,33,25,31,16,7,125,水5火5,,2023-10-09,[公告](https://cg.originmood.com/NewsContent/zh_TW/mlbb_news_10404.html),/img/專屬寵物/侍魂和馬.gif,
皎月公主,人形系,16,6,13,40,50,9,125,地5水5,氣絕回復Lv1、超強昏睡魔法Lv5,2023-09-22,[公告](https://cg.originmood.com/NewsContent/zh_TW/mlbb_news_10334.html),/img/專屬寵物/皎月公主.gif,
暗月公主,人形系,17,50,12,40,6,9,125,火5風5,乾坤一擲Lv11、迅雷衝擊,2023-09-22,[公告](https://cg.originmood.com/NewsContent/zh_TW/mlbb_news_10334.html),/img/專屬寵物/暗月公主.gif,
月宮公主,人形系,22,9,43,9,42,9,125,地8風2,混亂衝擊波Lv10、強力石化魔法Lv5,2023-09-22,[公告](https://cg.originmood.com/NewsContent/zh_TW/mlbb_news_10334.html),/img/專屬寵物/月宮公主.gif,
水月公主,人形系,42,9,22,9,43,9,125,水8地2,混亂衝擊波Lv10、強力昏睡魔法Lv5,2023-09-22,[公告](https://cg.originmood.com/NewsContent/zh_TW/mlbb_news_10334.html),/img/專屬寵物/水月公主.gif,
猩紅公主,人形系,22,43,9,42,9,9,125,火8水2,乾坤一擲Lv11、毒性攻擊Lv11,2023-09-22,[公告](https://cg.originmood.com/NewsContent/zh_TW/mlbb_news_10334.html),/img/專屬寵物/猩紅公主.gif,
風月公主,人形系,43,42,9,22,9,9,125,風8火2,諸刃Lv11、遺忘攻擊Lv11,2023-09-22,[公告](https://cg.originmood.com/NewsContent/zh_TW/mlbb_news_10334.html),/img/專屬寵物/風月公主.gif,
阿魯巴斯,人形系,32,18,19,19,32,7,120,火3風7,,2023-07-07,[公告](https://cg.originmood.com/NewsContent/zh_TW/mlbb_news_9844.html),/img/專屬寵物/阿魯巴斯.gif,
阿魯巴斯克隆體,人形系,35,52,13,19,6,9,125,火3風7,飛刃亂舞Lv10,2023-07-07,[公告](https://cg.originmood.com/NewsContent/zh_TW/mlbb_news_9844.html),/img/專屬寵物/阿魯巴斯克隆體.gif,
斯巴達戰神,人形系,44,40,23,10,8,9,125,火10,潛龍殺Lv6,2023-04-17,[公告](https://cg.originmood.com/NewsContent/zh_TW/mlbb_news_9324.html),/img/專屬寵物/斯巴達戰神.gif,
利刃勇士,人形系,40,33,27,15,10,8,125,火8風2,潛龍殺Lv3,2023-04-17,[公告](https://cg.originmood.com/NewsContent/zh_TW/mlbb_news_9324.html),/img/專屬寵物/利刃勇士.gif,
伏葉妖精,人形系,28,39,16,25,12,8,120,地7水3,,2023-04-17,[公告](https://cg.originmood.com/NewsContent/zh_TW/mlbb_news_9324.html),/img/專屬寵物/伏葉妖精.gif,
魔弓巴克達,人形系,28,48,19,24,6,9,125,地6水4,亂射Lv5,2023-03-29,[公告](https://cg.originmood.com/NewsContent/zh_TW/mlbb_news_9214.html),/img/專屬寵物/魔弓巴克達.gif,
魔界小惡魔,人形系,27,42,21,18,12,8,120,地7水3,,2023-03-29,[公告](https://cg.originmood.com/NewsContent/zh_TW/mlbb_news_9214.html),/img/專屬寵物/魔界小惡魔.gif,
天界小惡魔,人形系,18,12,21,27,42,8,120,水7火3,,2023-03-29,[公告](https://cg.originmood.com/NewsContent/zh_TW/mlbb_news_9214.html),/img/專屬寵物/天界小惡魔.gif,
深淵小惡魔,人形系,27,12,18,21,42,8,120,火7風3,,2023-03-29,[公告](https://cg.originmood.com/NewsContent/zh_TW/mlbb_news_9214.html),/img/專屬寵物/深淵小惡魔.gif,
地獄小惡魔,人形系,42,21,27,18,12,8,120,風7地3,,2023-03-29,[公告](https://cg.originmood.com/NewsContent/zh_TW/mlbb_news_9214.html),/img/專屬寵物/地獄小惡魔.gif,
烈風牛頭怪,人形系,24,33,20,19,24,8,120,風10,,2023-03-03,[公告](https://cg.originmood.com/NewsContent/zh_TW/mlbb_news_9144.html),/img/專屬寵物/烈風牛頭怪.gif,
烈風牛魔王,人形系,15,6,12,46,46,8,125,風10,,2023-03-03,[公告](https://cg.originmood.com/NewsContent/zh_TW/mlbb_news_9144.html),/img/專屬寵物/烈風牛頭怪.gif,
大地牛鬼領主,人形系,50,35,13,21,6,9,125,地5水5,潛龍殺Lv6,2023-03-03,[公告](https://cg.originmood.com/NewsContent/zh_TW/mlbb_news_9144.html),/img/專屬寵物/大地牛鬼領主.gif,[安默思的委託-突襲之舞](/職業技能任務/安默思的委託-突襲之舞) 攜帶即可直接入屋學技能，免收 777 片魔族靈魂碎片
寒冰牛鬼領主,人形系,34,52,13,20,6,9,125,水5火5,乾坤一擲點睛I,2023-03-03,[公告](https://cg.originmood.com/NewsContent/zh_TW/mlbb_news_9144.html),/img/專屬寵物/寒冰牛鬼領主.gif,[安默思的委託-突襲之舞](/職業技能任務/安默思的委託-突襲之舞) 攜帶即可直接入屋學技能，免收 777 片魔族靈魂碎片
火焰牛鬼領主,人形系,14,6,12,48,45,9,125,火5風5,魔法反彈法Lv4,2023-03-03,[公告](https://cg.originmood.com/NewsContent/zh_TW/mlbb_news_9144.html),/img/專屬寵物/火焰牛鬼領主.gif,[安默思的委託-突襲之舞](/職業技能任務/安默思的委託-突襲之舞) 攜帶即可直接入屋學技能，免收 777 片魔族靈魂碎片
烈風牛鬼領主,人形系,37,6,12,20,50,9,125,風5地5,混亂衝擊波Lv6,2023-03-03,[公告](https://cg.originmood.com/NewsContent/zh_TW/mlbb_news_9144.html),/img/專屬寵物/烈風牛鬼領主.gif,[安默思的委託-突襲之舞](/職業技能任務/安默思的委託-突襲之舞) 攜帶即可直接入屋學技能，免收 777 片魔族靈魂碎片
海賊王,人形系,33,52,12,22,6,9,125,水5火5,潛龍殺Lv6,2023-02-02,[公告](https://cg.originmood.com/NewsContent/zh_TW/mlbb_news_9034.html),/img/專屬寵物/海賊王.gif,
修羅歐茲尼克,人形系,38,50,11,20,6,9,125,水5火5,氣功彈I、隔山打牛Lv6,2023-02-02,[公告](https://cg.originmood.com/NewsContent/zh_TW/mlbb_news_9024.html),/img/專屬寵物/修羅歐茲尼克.gif,
鬥神歐茲尼克,人形系,40,6,24,15,40,9,125,水5火5,恢復魔法Lv6,2023-02-02,[公告](https://cg.originmood.com/NewsContent/zh_TW/mlbb_news_9024.html),/img/專屬寵物/鬥神歐茲尼克.gif,
酒仙歐茲那克,人形系,43,6,11,17,48,9,125,火5風5,混亂衝擊波Lv5、超強酒醉魔法Lv6,2023-02-02,[公告](https://cg.originmood.com/NewsContent/zh_TW/mlbb_news_9024.html),/img/專屬寵物/酒仙歐茲那克.gif,
羅剎歐茲那克,人形系,45,45,11,18,6,9,125,火5風5,潛龍殺Lv6,2023-02-02,[公告](https://cg.originmood.com/NewsContent/zh_TW/mlbb_news_9024.html),/img/專屬寵物/羅剎歐茲那克.gif,
吉祥癸兔,人形系,40,40,15,15,15,8,125,地10,潛龍殺Lv4,2023-01-18,[公告](https://cg.originmood.com/NewsContent/zh_TW/mlbb_news_8984.html),/img/專屬寵物/吉祥癸兔.gif,
吉利癸兔,人形系,15,40,40,15,15,8,125,水10,必殺狙擊Lv4,2023-01-18,[公告](https://cg.originmood.com/NewsContent/zh_TW/mlbb_news_8984.html),/img/專屬寵物/吉利癸兔.gif,
吉星癸兔,人形系,40,15,15,15,40,8,125,火10,強力中毒魔法Lv4,2023-01-18,[公告](https://cg.originmood.com/NewsContent/zh_TW/mlbb_news_8984.html),/img/專屬寵物/吉星癸兔.gif,
吉兆癸兔,人形系,15,15,15,40,40,8,125,風10,混亂衝擊波Lv3,2023-01-18,[公告](https://cg.originmood.com/NewsContent/zh_TW/mlbb_news_8984.html),/img/專屬寵物/吉兆癸兔.gif,
露比,人形系,12,18,12,39,39,7,120,水5火5,,2026-02-12,[公告](https://cg.originmood.com/NewsContent/zh_TW/mlbb_news_16554.html),/img/專屬寵物/露比.gif,
魅影露比,人形系,17,6,10,42,50,9,125,水5火5,,2023-09-13,[公告](https://cg.originmood.com/NewsContent/zh_TW/mlbb_news_10264.html),/img/專屬寵物/露比.gif,
新生露比,人形系,25,25,25,25,25,8,125,水5火5,,2022-12-31,[公告](https://cg.originmood.com/NewsContent/zh_TW/mlbb_news_8914.html),/img/專屬寵物/新生露比.gif,
見習戰斧露比,人形系,40,40,15,24,6,8,125,水5火5,,2022-12-31,[公告](https://cg.originmood.com/NewsContent/zh_TW/mlbb_news_8914.html),/img/專屬寵物/見習戰斧露比.gif,
見習弓箭手露比,人形系,24,40,15,40,6,8,125,水5火5,,2022-12-31,[公告](https://cg.originmood.com/NewsContent/zh_TW/mlbb_news_8914.html),/img/專屬寵物/見習弓箭手露比.gif,
見習格鬥家露比,人形系,22,40,17,40,6,8,125,水5火5,,2022-12-31,[公告](https://cg.originmood.com/NewsContent/zh_TW/mlbb_news_8914.html),/img/專屬寵物/新生露比.gif,
見習劍士露比,人形系,32,42,13,32,6,8,125,水5火5,,2022-12-31,[公告](https://cg.originmood.com/NewsContent/zh_TW/mlbb_news_8914.html),/img/專屬寵物/見習劍士露比.gif,
見習巫師露比,人形系,36,6,15,26,42,8,125,水5火5,,2022-12-31,[公告](https://cg.originmood.com/NewsContent/zh_TW/mlbb_news_8914.html),/img/專屬寵物/見習巫師露比.gif,
見習騎士露比,人形系,40,40,25,14,6,8,125,水5火5,,2022-12-31,[公告](https://cg.originmood.com/NewsContent/zh_TW/mlbb_news_8914.html),/img/專屬寵物/見習騎士露比.gif,
戰斧大師露比,人形系,43,52,11,13,6,9,125,水5火5,潛龍殺Lv6：犧牲一定速度後，提升傷害對單體目標造成強力一擊；傷害約為普攻的130%，並提升20點必殺值,2022-12-31,[公告](https://cg.originmood.com/NewsContent/zh_TW/mlbb_news_8914.html),/img/專屬寵物/戰斧大師露比.gif,
弓術大師露比,人形系,47,46,11,15,6,9,125,水5火5,亂射Lv5,2022-12-31,[公告](https://cg.originmood.com/NewsContent/zh_TW/mlbb_news_8914.html),/img/專屬寵物/弓術大師露比.gif,
格鬥大師露比,人形系,12,46,11,50,6,9,125,水5火5,氣功彈I,2022-12-31,[公告](https://cg.originmood.com/NewsContent/zh_TW/mlbb_news_8914.html),/img/專屬寵物/格鬥大師露比.gif,
劍術大師露比,人形系,14,52,11,42,6,9,125,水5火5,迅雷衝擊,2022-12-31,[公告](https://cg.originmood.com/NewsContent/zh_TW/mlbb_news_8914.html),/img/專屬寵物/劍術大師露比.gif,
巫術大師露比,人形系,46,6,11,12,50,9,125,水5火5,潔淨魔法Lv3,2022-12-31,[公告](https://cg.originmood.com/NewsContent/zh_TW/mlbb_news_8914.html),/img/專屬寵物/巫術大師露比.gif,
槍術大師露比,人形系,36,52,11,20,6,9,125,水5火5,魔刃斬,2022-12-31,[公告](https://cg.originmood.com/NewsContent/zh_TW/mlbb_news_8914.html),/img/專屬寵物/槍術大師露比.gif,
山吹,人形系,13,23,25,22,37,7,120,水5火5,,2022-12-12,[公告](https://cg.originmood.com/NewsContent/zh_TW/mlbb_news_8824.html),/img/專屬寵物/咒殺型小櫻.gif,
咒殺型山吹,人形系,15,6,11,47,46,9,125,水5火5,強力昏睡魔法LV3,2022-12-12,[公告](https://cg.originmood.com/NewsContent/zh_TW/mlbb_news_8824.html),/img/專屬寵物/咒殺型小櫻.gif,[刀客就職任務](/任務攻略/專屬任務/刀客就職任務) 與任一紅水晶對話即可抵達隱密的據點，不需先取得傳送石符咒
暗影鳥人,人形系,15,8,16,44,42,8,125,地5風5,,2022-08-18,[公告](https://cg.originmood.com/NewsContent/zh_TW/mlbb_news_8203.html),/img/專屬寵物/暗影鳥人.gif,
綠帽哥布林,人形系,29,41,23,21,11,8,125,地8水2,,2022-11-03,[公告](https://cg.originmood.com/NewsContent/zh_TW/mlbb_news_8684.html),/img/專屬寵物/綠帽哥布林.gif,
寒冰牛頭怪,人形系,26,31,24,21,18,7,120,水9火1,,2022-08-05,[公告](https://cg.originmood.com/NewsContent/zh_TW/mlbb_news_8033.html),/img/專屬寵物/寒冰牛頭怪.gif,
寒冰牛魔王,人形系,15,47,12,45,6,9,125,水9火1,,2022-08-05,[公告](https://cg.originmood.com/NewsContent/zh_TW/mlbb_news_8033.html),/img/專屬寵物/寒冰牛頭怪.gif,
魔化佛利波羅,人形系,37,43,21,18,6,9,125,地9水1,嗜血攻擊 將給予對象損傷的80%，轉換為自己的生命值，最大轉換值500,2022-05-05,[公告](https://cg.originmood.com/NewsContent/zh_TW/mlbb_news_7473.html),/img/專屬寵物/魔化佛利波羅.gif,
狂魔阿卡斯,人形系,19,6,33,20,47,8,125,火10,強力石化魔法Lv3,2022-05-11,[公告](https://cg.originmood.com/NewsContent/zh_TW/mlbb_news_7583.html),/img/專屬寵物/狂魔阿卡斯.gif,
邪神巴洛斯,人形系,43,27,32,15,8,8,125,地10,強力混亂魔法Lv3,2022-05-19,[公告](https://cg.originmood.com/NewsContent/zh_TW/mlbb_news_7643.html),/img/專屬寵物/邪神巴洛斯.gif,
軍王李貝留斯,人形系,14,8,13,43,47,8,125,地5風5,吸血魔法Lv6,2022-05-26,[公告](https://cg.originmood.com/NewsContent/zh_TW/mlbb_news_7703.html),/img/專屬寵物/軍王李貝留斯.gif,
佛利波羅,人形系,26,30,30,22,12,8,120,地5水5,,2022-05-05,[公告](https://cg.originmood.com/NewsContent/zh_TW/mlbb_news_7473.html),/img/專屬寵物/虛弱的寒冰詛咒者.gif,
阿卡斯,人形系,25,17,34,17,32,8,125,水2火8,,2022-05-11,[公告](https://cg.originmood.com/NewsContent/zh_TW/mlbb_news_7583.html),/img/專屬寵物/虛弱的火焰詛咒者.png,
巴洛斯,人形系,33,19,34,23,16,8,125,地8水2,,2022-05-19,[公告](https://cg.originmood.com/NewsContent/zh_TW/mlbb_news_7643.html),/img/專屬寵物/虛弱的大地詛咒者.gif,
李貝留斯,人形系,17,18,27,23,40,8,125,地5風5,,2022-05-26,[公告](https://cg.originmood.com/NewsContent/zh_TW/mlbb_news_7703.html),/img/專屬寵物/虛弱的雷霆詛咒者.gif,
梅茲,人形系,25,29,14,32,20,7,120,火5風5,,2022-04-02,[公告](https://cg.originmood.com/NewsContent/zh_TW/mlbb_news_7283.html),/img/專屬寵物/梅茲.gif,
忍王梅茲,人形系,24,45,4,46,6,9,125,火5風5,,2022-04-02,[公告](https://cg.originmood.com/NewsContent/zh_TW/mlbb_news_7283.html),/img/專屬寵物/梅茲.gif,
斧頭幫千軍,人形系,31,49,20,19,6,8,125,水2火8,,2022-03-10,[公告](https://cg.originmood.com/NewsContent/zh_TW/mlbb_news_7163.html),/img/專屬寵物/斧頭幫千軍.gif,
斧頭幫萬馬,人形系,38,8,19,18,42,8,125,地5水5,,2022-03-10,[公告](https://cg.originmood.com/NewsContent/zh_TW/mlbb_news_7163.html),/img/專屬寵物/斧頭幫萬馬.gif,
火焰牛頭怪,人形系,16,30,20,32,22,7,120,火6風4,,2022-03-03,[公告](https://cg.originmood.com/NewsContent/zh_TW/mlbb_news_7123.html),/img/專屬寵物/火焰牛頭怪.gif,
煉獄牛頭怪,人形系,41,6,16,19,43,9,125,火6風4,,2022-03-03,[公告](https://cg.originmood.com/NewsContent/zh_TW/mlbb_news_7123.html),/img/專屬寵物/火焰牛頭怪.gif,
艾兒卡絲,人形系,42,6,20,17,40,9,125,地6水4,,2022-03-03,[公告](https://cg.originmood.com/NewsContent/zh_TW/mlbb_news_7123.html),/img/專屬寵物/艾兒卡絲.gif,
毆茲那克,人形系,28,36,19,19,18,7,120,火10,,2022-01-28,[公告](https://cg.originmood.com/NewsContent/zh_TW/mlbb_news_6963.html),/img/專屬寵物/毆茲那克.gif,
熊霸毆茲那克,人形系,50,37,12,20,6,9,125,火10,,2022-01-28,[公告](https://cg.originmood.com/NewsContent/zh_TW/mlbb_news_6963.html),/img/專屬寵物/毆茲那克.gif,
歐茲尼克,人形系,21,36,13,28,22,7,120,水5火5,,2022-01-28,[公告](https://cg.originmood.com/NewsContent/zh_TW/mlbb_news_6963.html),/img/專屬寵物/歐茲尼克.gif,
煞氣歐茲尼克,人形系,14,50,12,43,6,9,125,水5火5,氣功彈I,2022-01-28,[公告](https://cg.originmood.com/NewsContent/zh_TW/mlbb_news_6963.html),/img/專屬寵物/歐茲尼克.gif,
愛絲精靈,人形系,52,30,17,18,8,8,125,地10,,2021-12-09,[公告](https://cg.originmood.com/NewsContent/zh_TW/mlbb_news_6533.html),/img/專屬寵物/愛絲精靈.png,
絲諾精靈,人形系,30,52,17,18,8,8,125,水10,,2021-12-09,[公告](https://cg.originmood.com/NewsContent/zh_TW/mlbb_news_6533.html),/img/專屬寵物/愛絲精靈.png,
雪兒精靈,人形系,14,8,14,42,47,8,125,風10,,2021-12-09,[公告](https://cg.originmood.com/NewsContent/zh_TW/mlbb_news_6533.html),/img/專屬寵物/愛絲精靈.png,
聖誕精靈,人形系,14,42,14,47,8,8,125,火10,,2021-12-09,[公告](https://cg.originmood.com/NewsContent/zh_TW/mlbb_news_6533.html),/img/專屬寵物/愛絲精靈.png,
牛鬼,人形系,24,29,24,29,14,7,120,地8水2,,2021-10-09,[公告](https://cg.originmood.com/NewsContent/zh_TW/mlbb_news_6203.html),/img/專屬寵物/牛鬼.gif,
強襲牛鬼,人形系,28,50,21,20,6,8,125,地8水2,,2021-10-09,[公告](https://cg.originmood.com/NewsContent/zh_TW/mlbb_news_6203.html),/img/專屬寵物/牛鬼.gif,
屠龍鬥士,人形系,51,24,30,13,6,8,124,地8水2,,2021-09-30,[公告](https://cg.originmood.com/NewsContent/zh_TW/mlbb_news_6143.html),/img/專屬寵物/屠龍鬥士.gif,
皎月之靈,人形系,20,8,13,34,50,9,125,地5水5,,2023-09-22,[公告](https://cg.originmood.com/NewsContent/zh_TW/mlbb_news_10334.html),/img/專屬寵物/皎月之靈.gif,
暗月之靈,人形系,29,50,12,26,8,9,125,火5風5,,2023-09-22,[公告](https://cg.originmood.com/NewsContent/zh_TW/mlbb_news_10334.html),/img/專屬寵物/暗月之靈.gif,
月宮之靈,人形系,22,9,43,9,41,8,124,地8風2,,2023-09-22,[公告](https://cg.originmood.com/NewsContent/zh_TW/mlbb_news_10334.html),/img/專屬寵物/月宮之靈.gif,
水月之靈,人形系,41,9,22,9,43,8,124,水8地2,,2023-09-22,[公告](https://cg.originmood.com/NewsContent/zh_TW/mlbb_news_10334.html),/img/專屬寵物/水月之靈.gif,
猩紅之靈,人形系,22,43,9,41,9,8,124,火8水2,,2023-09-22,[公告](https://cg.originmood.com/NewsContent/zh_TW/mlbb_news_10334.html),/img/專屬寵物/猩紅之靈.gif,
風月之靈,人形系,9,41,22,43,9,8,124,風8火2,,2023-09-22,[公告](https://cg.originmood.com/NewsContent/zh_TW/mlbb_news_10334.html),/img/專屬寵物/風月之靈.gif,
迷幻歌妖,人形系,16,21,8,41,36,8,122,地1水9,,,,/img/專屬寵物/迷幻歌妖.gif,
改造烈風哥布林,人形系,26,49,22,22,8,9,127,地5風5,,,,/img/專屬寵物/改造烈風哥布林.gif,
魔豬,野獸系,22,43,17,25,13,9,125,風4地6,諸刃LV11,2025-03-03,[公告](https://cg.originmood.com/NewsContent/zh_TW/mlbb_news_14824.html),/img/專屬寵物/魔豬.gif,
情人節鼠王,野獸系,37,40,11,31,6,9,125,風10,乾坤一擲LV11、氣功彈I、裂空斬LV10,2025-02-06,[公告](https://cg.originmood.com/NewsContent/zh_TW/mlbb_news_14704.html),/img/專屬寵物/情人節鼠王.gif,
吉利豬,野獸系,25,6,22,26,46,9,125,火10,氣絕回復LV1、強力補血魔法LV6、混亂衝擊波LV10,2025-02-06,[公告](https://cg.originmood.com/NewsContent/zh_TW/mlbb_news_14704.html),/img/專屬寵物/吉利豬.gif,
雨傘節,野獸系,24,48,15,23,13,8,123,地8水2,石化攻擊LV11、毒性攻擊LV11,2025-01-22,[公告](https://cg.originmood.com/NewsContent/zh_TW/mlbb_news_14624.html),/img/專屬寵物/雨傘節.gif,
醒獅年獸,野獸系,26,40,15,24,15,8,120,火7風3,潛龍殺LV3,2025-01-22,[公告](https://cg.originmood.com/NewsContent/zh_TW/mlbb_news_14624.html),/img/專屬寵物/醒獅年獸.gif,
聖誕北極熊,野獸系,39,41,15,22,8,9,125,水10,乾坤一擲LV11、連擊LV12,2024-12-19,[公告](https://cg.originmood.com/NewsContent/zh_TW/mlbb_news_14434.html),/img/專屬寵物/聖誕北極熊.gif,
聖誕豬王,野獸系,30,49,13,27,6,9,125,火10,連擊LV11、乾坤一擲LV11,2024-12-09,[公告](https://cg.originmood.com/NewsContent/zh_TW/mlbb_news_14364.html),/img/專屬寵物/聖誕豬王.gif,
紅凱,野獸系,27,44,13,35,6,9,125,火10,裂空斬LV10、戰慄襲心LV11,2024-12-05,[公告](https://cg.originmood.com/NewsContent/zh_TW/mlbb_news_14344.html),/img/專屬寵物/紅凱.gif,
火達雞,野獸系,25,10,19,29,42,9,125,水3火7,混亂衝擊波Lv5,2024-11-22,[公告](https://cg.originmood.com/NewsContent/zh_TW/mlbb_news_14254.html),/img/專屬寵物/火達雞.gif,
沐火碧睛獸,野獸系,42,42,18,16,7,9,125,水1火9,氣功彈I、乾坤一擲Lv11,2024-11-08,[公告](https://cg.originmood.com/NewsContent/zh_TW/mlbb_news_14164.html),/img/專屬寵物/沐火碧睛獸.gif,
戰鬥貓熊,野獸系,42,42,18,17,6,9,125,水10,氣絕回復Lv1、乾坤一擲Lv11,2024-09-26,[公告](https://cg.originmood.com/NewsContent/zh_TW/mlbb_news_14004.html),/img/專屬寵物/戰鬥貓熊.gif,
戰鬥火焰鼠,野獸系,24,7,15,30,49,9,125,火10,超強中毒魔法Lv5,2024-09-26,[公告](https://cg.originmood.com/NewsContent/zh_TW/mlbb_news_14004.html),/img/專屬寵物/戰鬥火焰鼠.gif,
赤炎黑熊,野獸系,37,40,19,23,6,9,125,火1風9,潛龍殺Lv10、諸刃Lv11,2024-08-29,[公告](https://cg.originmood.com/NewsContent/zh_TW/mlbb_news_13884.html),/img/專屬寵物/赤炎黑熊.gif,
速遞企鵝,野獸系,27,35,27,17,19,9,125,地3水7,潛龍殺Lv4,2024-08-29,[公告](https://cg.originmood.com/NewsContent/zh_TW/mlbb_news_13884.html),/img/專屬寵物/速遞企鵝.gif,
碧魯猴,野獸系,37,34,16,19,17,7,123,地9水1,Lv1點於泰蘭島220.131附近,2024-08-29,[公告](https://cg.originmood.com/NewsContent/zh_TW/mlbb_news_13884.html),/img/專屬寵物/碧魯猴.gif,
巴拿猴,野獸系,21,33,19,35,14,7,122,風9地1,Lv1點於泰蘭島200.320附近,2024-08-29,[公告](https://cg.originmood.com/NewsContent/zh_TW/mlbb_news_13884.html),/img/專屬寵物/巴拿猴.gif,
七夕水藍鼠,野獸系,27,47,22,21,8,9,125,水10,氣功彈I、連擊Lv10,2024-08-08,[公告](https://cg.originmood.com/NewsContent/zh_TW/mlbb_news_13754.html),/img/專屬寵物/七夕水藍鼠.gif,
赤焰獨角獸,野獸系,33,7,22,20,43,9,125,水1火9,混亂衝擊波Lv10,2024-06-19,[公告](https://cg.originmood.com/NewsContent/zh_TW/mlbb_news_13394.html),/img/專屬寵物/赤焰獨角獸.gif,
紫泉蛙,野獸系,37,33,23,19,13,9,125,地2水8,,2024-06-19,[公告](https://cg.originmood.com/NewsContent/zh_TW/mlbb_news_13394.html),/img/專屬寵物/紫泉蛙.gif,
改造貓妖,野獸系,20,10,14,37,44,9,125,水7火3,混亂衝擊波Lv10,2024-05-23,[公告](https://cg.originmood.com/NewsContent/zh_TW/mlbb_news_13104.html),/img/專屬寵物/改造貓妖.gif,
改造赤熊,野獸系,42,39,14,20,10,9,125,火8風2,諸刃LV11,2024-05-23,[公告](https://cg.originmood.com/NewsContent/zh_TW/mlbb_news_13104.html),/img/專屬寵物/改造赤熊.gif,
拉布拉多犬,野獸系,33,43,12,25,12,8,125,火2風8,石化攻擊Lv11,2024-05-16,[公告](https://cg.originmood.com/NewsContent/zh_TW/mlbb_news_13014.html),/img/專屬寵物/拉布拉多犬.png,
哈士奇,野獸系,33,12,12,25,43,8,125,地2水8,強力混亂魔法Lv5,2024-05-09,[公告](https://cg.originmood.com/NewsContent/zh_TW/mlbb_news_12934.html),/img/專屬寵物/哈士奇.gif,
秋田犬,野獸系,25,33,12,43,12,8,125,水2火8,昏睡攻擊Lv11,2024-05-09,[公告](https://cg.originmood.com/NewsContent/zh_TW/mlbb_news_12934.html),/img/專屬寵物/秋田犬.gif,
比格犬,野獸系,25,12,12,33,43,9,125,風2地8,強力酒醉魔法Lv5,2024-05-09,[公告](https://cg.originmood.com/NewsContent/zh_TW/mlbb_news_12934.html),/img/專屬寵物/比格犬.gif,
蒼岩狨,野獸系,35,45,19,16,10,9,125,風8地2,潛龍殺Lv10,2024-04-01,[公告](https://cg.originmood.com/NewsContent/zh_TW/mlbb_news_12074.html),/img/專屬寵物/蒼岩狨.gif,
青尾豹,野獸系,30,43,20,24,8,9,125,風9地1,必殺狙擊Lv10、魔法吸收Lv5,2024-03-21,[公告](https://cg.originmood.com/NewsContent/zh_TW/mlbb_news_11964.html),/img/專屬寵物/青尾豹.gif,
百步蛇,野獸系,23,36,16,31,14,8,120,風7地3,捕捉區域：梅琳島（196.129）附近,2024-02-21,[公告](https://cg.originmood.com/NewsContent/zh_TW/mlbb_news_11704.html),/img/專屬寵物/百步蛇.gif,
純白豬王,野獸系,33,6,12,26,48,9,125,火10,混亂衝擊波Lv10、單體石化魔法Lv10,2024-02-01,[公告](https://cg.originmood.com/NewsContent/zh_TW/mlbb_news_11604.html),/img/專屬寵物/純白豬王.gif,
白豬太郎,野獸系,33,38,24,13,15,8,123,火8風2,,2024-02-01,[公告](https://cg.originmood.com/NewsContent/zh_TW/mlbb_news_11604.html),/img/專屬寵物/白豬太郎.gif,
白豬寶寶,野獸系,33,36,24,13,15,8,121,火7風3,,2024-02-01,[公告](https://cg.originmood.com/NewsContent/zh_TW/mlbb_news_11604.html),/img/專屬寵物/白豬寶寶.gif,
鐵獅,野獸系,22,32,18,41,10,8,123,火10,潛龍殺Lv3,2024-01-04,[公告](https://cg.originmood.com/NewsContent/zh_TW/mlbb_news_11014.html),/img/專屬寵物/鐵獅.gif,
銅獅,野獸系,34,10,16,22,41,8,123,地10,混亂衝擊波Lv3,2024-01-04,[公告](https://cg.originmood.com/NewsContent/zh_TW/mlbb_news_11014.html),/img/專屬寵物/銅獅.gif,
冰雪水藍鼠,野獸系,13,6,12,48,46,8,125,水10,海洋的祈禱Lv3、混亂衝擊波Lv10,2023-12-20,[公告](https://cg.originmood.com/NewsContent/zh_TW/mlbb_news_10844.html),/img/專屬寵物/冰雪水藍鼠.gif,
魯帕斯,野獸系,18,10,17,37,43,8,125,地7水3,潔淨魔法Lv3,2023-09-25,[公告](https://cg.originmood.com/NewsContent/zh_TW/mlbb_news_10344.html),/img/專屬寵物/魯帕斯.gif,
雷霆神獸,野獸系,15,44,12,48,6,9,125,風10,乾坤一擲Lv11、迅雷衝擊,2023-08-24,[公告](https://cg.originmood.com/NewsContent/zh_TW/mlbb_news_10184.html),/img/專屬寵物/雷霆神獸.gif,
22週年鼠王,野獸系,31,6,14,24,50,9,125,火6風4,超強昏睡魔法Lv5、昏睡攻擊Lv11,2023-08-09,[公告](https://cg.originmood.com/NewsContent/zh_TW/mlbb_news_10104.html),/img/專屬寵物/22週年鼠王.gif,
艷陽鼠王,野獸系,30,6,11,28,50,8,125,火5風5,超強火焰魔法Lv4,2023-06-15,[公告](https://cg.originmood.com/NewsContent/zh_TW/mlbb_news_9724.html),/img/專屬寵物/艷陽鼠王.gif,
一尾狐,野獸系,22,22,22,22,22,8,110,風10,,2023-04-29,[公告](https://cg.originmood.com/NewsContent/zh_TW/mlbb_news_9464.html),/img/專屬寵物/一尾狐.gif,
三尾狐,野獸系,23,23,23,23,23,8,115,地10,,2023-04-29,[公告](https://cg.originmood.com/NewsContent/zh_TW/mlbb_news_9464.html),/img/專屬寵物/三尾狐.gif,
五尾狐,野獸系,24,24,24,24,24,8,120,水10,,2023-04-29,[公告](https://cg.originmood.com/NewsContent/zh_TW/mlbb_news_9464.html),/img/專屬寵物/五尾狐.gif,
七尾狐,野獸系,28,19,19,19,40,8,125,火10,,2023-04-29,[公告](https://cg.originmood.com/NewsContent/zh_TW/mlbb_news_9464.html),/img/專屬寵物/七尾狐.gif,
九尾狐,野獸系,36,6,15,21,47,9,125,水10,混亂衝擊波Lv4,2023-04-29,[公告](https://cg.originmood.com/NewsContent/zh_TW/mlbb_news_9464.html),/img/專屬寵物/九尾狐.gif,
銀狐,野獸系,32,50,14,23,6,10,125,風10,氣功彈I,2023-04-29,[公告](https://cg.originmood.com/NewsContent/zh_TW/mlbb_news_9464.html),/img/專屬寵物/銀狐.gif,
冰原獨角獸,野獸系,31,47,13,26,8,8,125,水10,潛龍殺Lv3,2023-03-02,[公告](https://cg.originmood.com/NewsContent/zh_TW/mlbb_news_9134.html),/img/專屬寵物/改造冰原獨角獸.gif,
繽紛水藍鼠,野獸系,32,6,13,24,50,9,125,水10,強力遺忘魔法Lv3,2023-02-02,[公告](https://cg.originmood.com/NewsContent/zh_TW/mlbb_news_9034.html),/img/專屬寵物/繽紛水藍鼠.gif,
地獄護衛犬,野獸系,40,41,15,17,12,9,125,水8火2,潛龍殺Lv4,2023-02-02,[公告](https://cg.originmood.com/NewsContent/zh_TW/mlbb_news_9034.html),/img/專屬寵物/地獄護衛犬.gif,
兔吉祥,野獸系,30,30,21,21,21,8,123,地10,,2023-01-18,[公告](https://cg.originmood.com/NewsContent/zh_TW/mlbb_news_8984.html),/img/專屬寵物/兔吉祥.gif,
兔吉利,野獸系,21,30,30,21,21,8,123,水10,,2023-01-18,[公告](https://cg.originmood.com/NewsContent/zh_TW/mlbb_news_8984.html),/img/專屬寵物/兔吉利.gif,
兔吉星,野獸系,30,21,21,21,30,8,123,火10,,2023-01-18,[公告](https://cg.originmood.com/NewsContent/zh_TW/mlbb_news_8984.html),/img/專屬寵物/兔吉星.gif,
兔吉兆,野獸系,21,21,21,30,30,8,123,風10,,2023-01-18,[公告](https://cg.originmood.com/NewsContent/zh_TW/mlbb_news_8984.html),/img/專屬寵物/兔吉兆.gif,
西瓜大地鼠,野獸系,17,17,47,17,17,10,115,地10,,,,/img/專屬寵物/西瓜大地鼠.gif,
祭奠火焰鼠,野獸系,17,47,17,17,17,10,115,火10,,,,/img/專屬寵物/祭奠火焰鼠.gif,
浮潛惡夢鼠,野獸系,17,17,17,17,47,10,115,水10,,,,/img/專屬寵物/浮潛惡夢鼠.gif,
兜風寶石鼠,野獸系,17,17,17,47,17,10,115,風10,,,,/img/專屬寵物/兜風寶石鼠.gif,
漂漂水藍鼠,野獸系,52,17,17,17,17,10,120,地5水5,,,,/img/專屬寵物/漂漂水藍鼠.gif,
月獅,野獸系,30,32,13,26,22,8,123,風10,,2022-12-08,[公告](https://cg.originmood.com/NewsContent/zh_TW/mlbb_news_8814.html),/img/專屬寵物/月獅.gif,
雪獅,野獸系,36,32,18,24,13,8,123,水10,,2022-12-08,[公告](https://cg.originmood.com/NewsContent/zh_TW/mlbb_news_8814.html),/img/專屬寵物/雪獅.gif,
純金豬王,野獸系,48,33,23,15,6,8,125,風10,,2022-01-27,[公告](https://cg.originmood.com/NewsContent/zh_TW/mlbb_news_6943.html),/img/專屬寵物/純金豬王.gif,
粉心王妃,野獸系,30,6,31,14,43,8,124,火8風2,,2022-01-27,[公告](https://cg.originmood.com/NewsContent/zh_TW/mlbb_news_6943.html),/img/專屬寵物/粉心王妃.gif,
呆萌豬王,野獸系,30,45,15,28,6,8,124,地8水2,,2022-01-27,[公告](https://cg.originmood.com/NewsContent/zh_TW/mlbb_news_6943.html),/img/專屬寵物/呆萌豬王.gif,
白眉豬王,野獸系,31,6,16,28,43,8,124,水8火2,,2022-01-27,[公告](https://cg.originmood.com/NewsContent/zh_TW/mlbb_news_6943.html),/img/專屬寵物/白眉豬王.gif,
銀豬太郎,野獸系,37,34,31,13,8,8,123,水7火3,,2022-01-27,[公告](https://cg.originmood.com/NewsContent/zh_TW/mlbb_news_6943.html),/img/專屬寵物/銀豬太郎.gif,
粉豬太郎,野獸系,30,8,31,13,40,8,122,火7風3,,2022-01-27,[公告](https://cg.originmood.com/NewsContent/zh_TW/mlbb_news_6943.html),/img/專屬寵物/粉豬太郎.gif,
棕豬太郎,野獸系,33,36,16,29,8,8,122,地7水3,,2022-01-27,[公告](https://cg.originmood.com/NewsContent/zh_TW/mlbb_news_6943.html),/img/專屬寵物/棕豬太郎.gif,
灰豬太郎,野獸系,32,8,17,24,41,8,122,風7地3,,2022-01-27,[公告](https://cg.originmood.com/NewsContent/zh_TW/mlbb_news_6943.html),/img/專屬寵物/灰豬太郎.gif,
銅豬寶寶,野獸系,35,31,34,11,10,7,121,風6地4,,2022-01-27,[公告](https://cg.originmood.com/NewsContent/zh_TW/mlbb_news_6943.html),/img/專屬寵物/銅豬寶寶.gif,
斑點豬寶寶,野獸系,24,10,36,11,40,7,121,火6風4,,2022-01-27,[公告](https://cg.originmood.com/NewsContent/zh_TW/mlbb_news_6943.html),/img/專屬寵物/斑點豬寶寶.gif,
刺豬寶寶,野獸系,32,37,12,30,10,7,121,地6水4,,2022-01-27,[公告](https://cg.originmood.com/NewsContent/zh_TW/mlbb_news_6943.html),/img/專屬寵物/刺豬寶寶.gif,
白紋豬寶寶,野獸系,32,10,17,22,40,7,121,水6火4,,2022-01-27,[公告](https://cg.originmood.com/NewsContent/zh_TW/mlbb_news_6943.html),/img/專屬寵物/白紋豬寶寶.gif,
天然寶石鼠,野獸系,12,12,17,39,45,8,125,風10,,2022-11-03,[公告](https://cg.originmood.com/NewsContent/zh_TW/mlbb_news_8684.html),/img/專屬寵物/天然寶石鼠.gif,
天狼星,野獸系,22,39,15,33,16,8,125,地10,,2022-10-13,[公告](https://cg.originmood.com/NewsContent/zh_TW/mlbb_news_8484.html),/img/專屬寵物/天狼星.gif,
雷霆幻獸,野獸系,17,43,6,47,12,9,125,風10,迅雷衝擊,2022-06-16,[公告](https://cg.originmood.com/NewsContent/zh_TW/mlbb_news_7823.html),/img/專屬寵物/雷霆神獸.gif,
聖誕火焰鼠,野獸系,37,10,10,19,47,8,123,火10,,2021-12-30,[公告](https://cg.originmood.com/NewsContent/zh_TW/mlbb_news_6643.html),/img/專屬寵物/聖誕火焰鼠.gif,
聖誕鼠王,野獸系,15,6,12,43,49,9,125,火5風5,,2021-12-30,[公告](https://cg.originmood.com/NewsContent/zh_TW/mlbb_news_6643.html),/img/專屬寵物/聖誕鼠王.gif,
聖誕水藍鼠,野獸系,36,50,12,20,6,8,124,水9火1,,2021-12-30,[公告](https://cg.originmood.com/NewsContent/zh_TW/mlbb_news_6643.html),/img/專屬寵物/改造聖誕水藍鼠.gif,
糖果大地鼠,野獸系,10,32,10,26,45,8,123,地10,,2021-12-30,[公告](https://cg.originmood.com/NewsContent/zh_TW/mlbb_news_6643.html),/img/專屬寵物/改造糖果大地鼠.gif,
聖誕寶石鼠,野獸系,10,14,12,40,47,8,123,風10,,2021-12-30,[公告](https://cg.originmood.com/NewsContent/zh_TW/mlbb_news_6643.html),/img/專屬寵物/聖誕寶石鼠.gif,
聖誕麋鹿,野獸系,38,35,25,15,10,8,123,地5風5,,2021-12-23,[公告](https://cg.originmood.com/NewsContent/zh_TW/mlbb_news_6613.html),/img/專屬寵物/聖誕麋鹿.gif,
聖誕馴鹿,野獸系,38,25,35,15,10,8,123,水5火5,,2021-12-23,[公告](https://cg.originmood.com/NewsContent/zh_TW/mlbb_news_6613.html),/img/專屬寵物/改造馴鹿.gif,
聖誕林,野獸系,25,38,35,15,10,8,123,火5風5,,2021-12-23,[公告](https://cg.originmood.com/NewsContent/zh_TW/mlbb_news_6613.html),/img/專屬寵物/聖誕林.gif,
聖誕梅花鹿,野獸系,35,38,25,15,10,8,123,風5地5,,2021-12-23,[公告](https://cg.originmood.com/NewsContent/zh_TW/mlbb_news_6613.html),/img/專屬寵物/聖誕梅花鹿.gif,
聖誕小熊,野獸系,24,24,24,24,24,7,120,風10,,2021-12-09,[公告](https://cg.originmood.com/NewsContent/zh_TW/mlbb_news_6533.html),/img/專屬寵物/聖誕小熊.gif,
淘氣小熊,野獸系,24,24,24,24,24,7,120,水10,,2021-12-09,[公告](https://cg.originmood.com/NewsContent/zh_TW/mlbb_news_6533.html),/img/專屬寵物/淘氣小熊.gif,
可愛小熊,野獸系,24,24,24,24,24,7,120,火10,,2021-12-09,[公告](https://cg.originmood.com/NewsContent/zh_TW/mlbb_news_6533.html),/img/專屬寵物/可愛小熊.gif,
搗蛋小熊,野獸系,24,24,24,24,24,7,120,地10,,2021-12-09,[公告](https://cg.originmood.com/NewsContent/zh_TW/mlbb_news_6533.html),/img/專屬寵物/搗蛋小熊.gif,
紫翎,野獸系,20,6,13,45,40,8,124,水5火5,,2021-09-30,[公告](https://cg.originmood.com/NewsContent/zh_TW/mlbb_news_6143.html),https://truth.bahamut.com.tw/s01/202109/4b62aff0df233e0f6b1d2f98389ead35.gif,
喜慶虎寶寶,野獸系,18,10,19,35,41,8,123,地8水2,,2022-01-26,[公告](https://cg.originmood.com/NewsContent/zh_TW/mlbb_news_6933.html),/img/專屬寵物/喜慶虎寶寶.gif,
歡樂虎寶寶,野獸系,24,10,35,12,42,8,123,水8火2,,2022-01-26,[公告](https://cg.originmood.com/NewsContent/zh_TW/mlbb_news_6933.html),/img/專屬寵物/歡樂虎寶寶.gif,
招財虎寶寶,野獸系,13,10,27,32,41,8,123,火8風2,,2022-01-26,[公告](https://cg.originmood.com/NewsContent/zh_TW/mlbb_news_6933.html),/img/專屬寵物/招財虎寶寶.gif,
幸福虎寶,野獸系,11,41,11,19,41,8,123,風8地2,,2022-01-26,[公告](https://cg.originmood.com/NewsContent/zh_TW/mlbb_news_6933.html),/img/專屬寵物/幸福虎寶.gif,
萬年龜,野獸系,22,21,39,4,38,8,124,地5水5,,2021-11-11,[公告](https://cg.originmood.com/NewsContent/zh_TW/mlbb_news_6373.html),/img/專屬寵物/萬年龜.gif,
月仙兔,野獸系,45,33,13,25,8,9,124,地5風5,,,,/img/專屬寵物/月仙兔.gif,
月夜兔,野獸系,25,34,9,45,11,9,124,水5火5,,,,/img/專屬寵物/月夜兔.gif,
月地兔,野獸系,22,43,22,22,14,8,123,地7水3,,,,/img/專屬寵物/月地兔.gif,
月冰兔,野獸系,22,22,43,14,22,8,123,水7火3,,,,/img/專屬寵物/月冰兔.gif,
月火兔,野獸系,22,22,14,43,22,8,123,火7風3,,,,/img/專屬寵物/月火兔.gif,
月風兔,野獸系,22,14,22,22,43,8,123,風7地3,,,,/img/專屬寵物/月風兔.gif,
雷獸,野獸系,16,40,8,43,18,8,125,風10,,,,/img/專屬寵物/雷獸.gif,
夜行貓人,野獸系,24,31,16,40,14,8,125,地5風5,,,,/img/專屬寵物/夜行貓人.gif,
黃金鼠王,野獸系,18,8,20,34,45,10,125,火5風5,,2022-11-10,[公告](https://cg.originmood.com/NewsContent/zh_TW/mlbb_news_8704.html),/img/專屬寵物/黃金鼠王.gif,
紅唇蝌魚,金屬系,35,13,15,24,36,9,125,火7風3,混亂衝擊波LV3,2025-03-06,[公告](https://cg.originmood.com/NewsContent/zh_TW/mlbb_news_14854.html),/img/專屬寵物/紅唇蝌魚.gif,
巨捧金剛,金屬系,45,40,10,20,10,9,125,水10,超強石化魔法LV5、諸刃LV11,2025-01-15,[公告](https://cg.originmood.com/NewsContent/zh_TW/mlbb_news_14544.html),/img/專屬寵物/巨捧金剛.gif,
白銀巨像,金屬系,38,39,26,12,10,9,125,火10,潛龍殺LV10、氣功彈I,2025-01-02,[公告](https://cg.originmood.com/NewsContent/zh_TW/mlbb_news_14494.html),/img/專屬寵物/白銀巨像.gif,
寶瓶妖靈,金屬系,35,6,19,21,44,9,125,風3地7,混亂衝擊波LV10,2025-01-02,[公告](https://cg.originmood.com/NewsContent/zh_TW/mlbb_news_14494.html),/img/專屬寵物/寶瓶妖靈.gif,
星之巨鉗蟹,金屬系,35,32,33,10,15,9,125,風4地6,乾坤一擲Lv11,2024-11-08,[公告](https://cg.originmood.com/NewsContent/zh_TW/mlbb_news_14164.html),/img/專屬寵物/星之巨鉗蟹.gif,
戰鬥血腥之刃,金屬系,34,44,14,24,9,9,125,地10,裂空斬Lv10、乾坤一擲Lv11,2024-09-26,[公告](https://cg.originmood.com/NewsContent/zh_TW/mlbb_news_14004.html),/img/專屬寵物/戰鬥血腥之刃.gif,
戰鬥純白嚇人箱,金屬系,29,9,14,24,49,9,125,風5地5,潔淨魔法Lv3、超強石化魔法Lv5,2024-09-26,[公告](https://cg.originmood.com/NewsContent/zh_TW/mlbb_news_14004.html),/img/專屬寵物/戰鬥純白嚇人箱.gif,
風暴軍團長武魂,金屬系,38,50,10,21,6,9,125,火5風5,乾坤一擲Lv11、裂空斬Lv10、單體即死Lv1,2024-09-06,[公告](https://cg.originmood.com/NewsContent/zh_TW/mlbb_news_13904.html),/img/專屬寵物/風暴軍團長武魂.gif,
風暴軍團長魔魂,金屬系,38,6,10,21,50,9,125,風10,超強石化魔法LV5、混亂衝擊波Lv10、單體即死Lv1,2024-09-06,[公告](https://cg.originmood.com/NewsContent/zh_TW/mlbb_news_13904.html),/img/專屬寵物/風暴軍團長魔魂.gif,
黃銅豚魚,金屬系,33,34,31,17,10,9,125,火1風9,毒性攻擊Lv11,2024-07-03,[公告](https://cg.originmood.com/NewsContent/zh_TW/mlbb_news_13524.html),/img/專屬寵物/黃銅豚魚.gif,
幻金晶魚,金屬系,34,6,16,24,45,9,125,風6地4,超強混亂魔法Lv5、強力混亂魔法Lv7,2024-07-01,[公告](https://cg.originmood.com/NewsContent/zh_TW/mlbb_news_13494.html),/img/專屬寵物/幻金晶魚.gif,
戰錘魔偶,金屬系,34,8,24,19,40,9,125,風10,混亂衝擊波Lv10,2024-06-19,[公告](https://cg.originmood.com/NewsContent/zh_TW/mlbb_news_13394.html),/img/專屬寵物/戰錘魔偶.gif,
審判魔靈,金屬系,33,6,15,25,46,9,125,風10,混亂衝擊波Lv10、強力昏睡魔法Lv7,2024-06-19,[公告](https://cg.originmood.com/NewsContent/zh_TW/mlbb_news_13394.html),/img/專屬寵物/審判魔靈.gif,
煉獄軍團長,金屬系,23,41,10,45,6,9,125,火10,裂空斬Lv10、突襲之舞Lv10,2024-06-06,[公告](https://cg.originmood.com/NewsContent/zh_TW/mlbb_news_13264.html),/img/專屬寵物/煉獄軍團長.gif,
硝石蟲,金屬系,34,10,30,29,17,8,120,地3水7,,2024-02-01,[公告](https://cg.originmood.com/NewsContent/zh_TW/mlbb_news_11584.html),/img/專屬寵物/硝石蟲.gif,
魚人守衛,金屬系,35,45,19,16,10,9,125,風8地2,潛龍殺Lv3,2024-04-18,[公告](https://cg.originmood.com/NewsContent/zh_TW/mlbb_news_12564.html),/img/專屬寵物/魚人守衛.gif,
金鱗龍魚,金屬系,41,40,17,21,6,9,125,火1風9,潛龍殺Lv10、乾坤一擲Lv11,2024-01-18,[公告](https://cg.originmood.com/NewsContent/zh_TW/mlbb_news_11534.html),/img/專屬寵物/金鱗龍魚.gif,
多足怪魚,金屬系,40,35,22,18,8,8,125,火1風9,潛龍殺Lv3,2024-01-18,[公告](https://cg.originmood.com/NewsContent/zh_TW/mlbb_news_11534.html),/img/專屬寵物/多足怪魚.png,
赤焰獅王,金屬系,18,40,12,49,6,9,125,火5風5,氣功彈I、攻擊無效Lv5,2024-01-04,[公告](https://cg.originmood.com/NewsContent/zh_TW/mlbb_news_11014.html),/img/專屬寵物/赤焰獅王.gif,
黃金帝獅,金屬系,40,6,14,19,46,9,125,地10,混亂衝擊波Lv10、魔法無效Lv5,2024-01-04,[公告](https://cg.originmood.com/NewsContent/zh_TW/mlbb_news_11014.html),/img/專屬寵物/黃金帝獅.gif,
合金戰獅,金屬系,40,6,17,15,47,9,125,風6地4,強力石化魔法Lv5、超強石化魔法Lv5,2023-11-23,[公告](https://cg.originmood.com/NewsContent/zh_TW/mlbb_news_10704.html),/img/專屬寵物/合金戰獅.gif,
魔術地雷,金屬系,34,10,12,24,45,8,125,風1地9,強力混亂魔法Lv3,2023-11-23,[公告](https://cg.originmood.com/NewsContent/zh_TW/mlbb_news_10704.html),/img/專屬寵物/魔術地雷.gif,
闇影地雷,金屬系,45,34,12,24,10,8,125,水1火9,突襲之舞Lv3,2023-11-23,[公告](https://cg.originmood.com/NewsContent/zh_TW/mlbb_news_10704.html),/img/專屬寵物/闇影地雷.gif,
魔術機甲ROX,金屬系,40,6,21,12,46,9,125,地6水4,強力石化魔法Lv5、屬性反轉Lv3,2023-11-23,[公告](https://cg.originmood.com/NewsContent/zh_TW/mlbb_news_10704.html),/img/專屬寵物/魔術機甲ROX.gif,[競速星辰塔](/任務攻略/常態活動/競速星辰塔) 隊伍中有即可訪問 1 階迷宮水晶直達 1 階神殿
闇影機甲NXT,金屬系,39,50,14,16,6,9,125,火6風4,潛龍殺Lv10,2023-11-23,[公告](https://cg.originmood.com/NewsContent/zh_TW/mlbb_news_10704.html),/img/專屬寵物/闇影機甲NXT.gif,[競速星辰塔](/任務攻略/常態活動/競速星辰塔) 隊伍中有即可訪問 2 階迷宮水晶直達 2 階神殿
牛丸,金屬系,25,25,25,25,25,8,125,風2地8,裂空斬Lv3、突襲之舞Lv3,2023-11-09,[公告](https://cg.originmood.com/NewsContent/zh_TW/mlbb_news_10534.html),/img/專屬寵物/牛丸.gif,
牛鬼丸,金屬系,16,46,16,39,8,9,125,風2地8,裂空斬Lv10、突襲之舞Lv10,2023-11-09,[公告](https://cg.originmood.com/NewsContent/zh_TW/mlbb_news_10534.html),/img/專屬寵物/牛丸.gif,
血腥流刃,金屬系,15,6,16,42,46,9,125,地9水1,混亂攻擊Lv11、混亂魔法Lv10,2023-11-09,[公告](https://cg.originmood.com/NewsContent/zh_TW/mlbb_news_10534.html),/img/專屬寵物/血腥流刃.gif,
殺龍逆刃,金屬系,16,46,13,44,6,9,125,水9火1,諸刃Lv11、魔法吸收Lv3,2023-11-09,[公告](https://cg.originmood.com/NewsContent/zh_TW/mlbb_news_10534.html),/img/專屬寵物/殺龍逆刃.gif,
機甲D4型,金屬系,35,43,19,20,8,8,125,水10,突襲之舞Lv3,2023-10-12,[公告](https://cg.originmood.com/NewsContent/zh_TW/mlbb_news_10424.html),/img/專屬寵物/機甲D4型.gif,
板龍,金屬系,32,12,27,15,39,8,125,火10,,2023-10-12,[公告](https://cg.originmood.com/NewsContent/zh_TW/mlbb_news_10424.html),/img/專屬寵物/板龍.gif,
符文晶魚,金屬系,28,6,23,22,46,9,125,地3水7,強力中毒魔法Lv5、混亂衝擊波Lv10,2023-09-25,[公告](https://cg.originmood.com/NewsContent/zh_TW/mlbb_news_10344.html),/img/專屬寵物/符文晶魚.gif,
猶大,金屬系,18,42,14,45,6,9,125,地7水3,乾坤一擲點睛I,2023-09-08,[公告](https://cg.originmood.com/NewsContent/zh_TW/mlbb_news_10254.html),/img/專屬寵物/猶大.gif,
地獄將軍,金屬系,32,18,19,19,32,7,120,地7水3,,2023-09-08,[公告](https://cg.originmood.com/NewsContent/zh_TW/mlbb_news_10254.html),/img/專屬寵物/猶大.gif,
噬魂毒蟹,金屬系,31,6,20,20,48,9,125,水5火5,超強中毒魔法Lv5、魔法無效Lv5,2023-08-24,[公告](https://cg.originmood.com/NewsContent/zh_TW/mlbb_news_10184.html),/img/專屬寵物/噬魂毒蟹.gif,
巨錘魔偶,金屬系,30,42,22,23,8,9,125,風4地6,潛龍殺Lv3,2023-07-20,[公告](https://cg.originmood.com/NewsContent/zh_TW/mlbb_news_9954.html),/img/專屬寵物/巨錘魔偶.gif,
神隱魔偶,金屬系,27,47,16,29,6,9,125,風4地6,諸刃突擊I,2023-07-20,[公告](https://cg.originmood.com/NewsContent/zh_TW/mlbb_news_9954.html),/img/專屬寵物/神隱魔偶.gif,
奧林匹斯戰神,金屬系,45,31,29,12,8,9,125,風10,護衛Lv11,2023-06-12,[公告](https://cg.originmood.com/NewsContent/zh_TW/mlbb_news_9684.html),/img/專屬寵物/奧林匹斯戰神.gif,
機甲Z6型,金屬系,35,8,20,19,43,8,125,風10,混亂衝擊波Lv3,2023-06-01,[公告](https://cg.originmood.com/NewsContent/zh_TW/mlbb_news_9624.html),/img/專屬寵物/機甲Z6型.gif,
隕星之刃,金屬系,40,30,29,14,10,8,123,風1地9,潛龍殺Lv3,2023-05-25,[公告](https://cg.originmood.com/NewsContent/zh_TW/mlbb_news_9584.html),/img/專屬寵物/隕星之刃.gif,
冰霜之刃,金屬系,40,30,14,29,10,8,123,地1水9,裂空斬Lv3,2023-05-25,[公告](https://cg.originmood.com/NewsContent/zh_TW/mlbb_news_9584.html),/img/專屬寵物/冰霜之刃.gif,
滅魔之刃,金屬系,40,10,29,14,30,8,123,水1火9,混亂衝擊波Lv3,2023-05-25,[公告](https://cg.originmood.com/NewsContent/zh_TW/mlbb_news_9584.html),/img/專屬寵物/滅魔之刃.gif,
碧空之刃,金屬系,10,40,14,19,40,8,123,火1風9,混亂衝擊波Lv3,2023-05-25,[公告](https://cg.originmood.com/NewsContent/zh_TW/mlbb_news_9584.html),/img/專屬寵物/碧空之刃.gif,
聖劍,金屬系,37,6,13,20,49,9,125,地5水5,強力補血魔法Lv6,2023-05-25,[公告](https://cg.originmood.com/NewsContent/zh_TW/mlbb_news_9584.html),/img/專屬寵物/聖劍.gif,
破曉之刃,金屬系,27,16,25,15,37,8,120,火4風6,,2023-05-18,[公告](https://cg.originmood.com/NewsContent/zh_TW/mlbb_news_9564.html),/img/專屬寵物/破曉之刃.gif,
機甲R8型,金屬系,40,35,18,22,10,8,125,火8風2,潛龍殺Lv3,2023-05-12,[公告](https://cg.originmood.com/NewsContent/zh_TW/mlbb_news_9544.html),/img/專屬寵物/機甲R8型.gif,
多刺甲龍,金屬系,38,40,21,14,12,8,125,水10,,2023-05-12,[公告](https://cg.originmood.com/NewsContent/zh_TW/mlbb_news_9544.html),/img/專屬寵物/多刺甲龍.gif,
魔劍,金屬系,30,49,13,27,6,9,125,火5風5,乾坤一擲點睛I,2023-05-11,[公告](https://cg.originmood.com/NewsContent/zh_TW/mlbb_news_9524.html),/img/專屬寵物/魔劍.gif,
裁岩劍,金屬系,29,40,30,14,10,8,123,地9水1,裂空斬Lv3,2023-05-11,[公告](https://cg.originmood.com/NewsContent/zh_TW/mlbb_news_9524.html),/img/專屬寵物/裁岩劍.gif,
霧雨劍,金屬系,29,40,14,30,10,8,123,水9火1,潛龍殺Lv3,2023-05-11,[公告](https://cg.originmood.com/NewsContent/zh_TW/mlbb_news_9524.html),/img/專屬寵物/霧雨劍.gif,
赤炎劍,金屬系,29,30,10,14,40,8,123,火9風1,混亂衝擊波Lv3,2023-05-11,[公告](https://cg.originmood.com/NewsContent/zh_TW/mlbb_news_9524.html),/img/專屬寵物/赤炎劍.gif,
疾風劍,金屬系,29,10,14,30,40,8,123,風9地1,混亂衝擊波Lv3,2023-05-11,[公告](https://cg.originmood.com/NewsContent/zh_TW/mlbb_news_9524.html),/img/專屬寵物/疾風劍.gif,
雷霆之怒,金屬系,27,37,25,16,15,8,120,地6水4,,2023-04-29,[公告](https://cg.originmood.com/NewsContent/zh_TW/mlbb_news_9464.html),/img/專屬寵物/雷霆之怒.gif,
強襲地雷,金屬系,34,45,24,12,10,8,125,火1風9,必殺狙擊Lv3,2023-04-27,[公告](https://cg.originmood.com/NewsContent/zh_TW/mlbb_news_9444.html),/img/專屬寵物/強襲地雷.gif,
強襲機甲LMX,金屬系,50,39,16,14,6,8,125,風10,必殺狙擊Lv6,2023-04-27,[公告](https://cg.originmood.com/NewsContent/zh_TW/mlbb_news_9444.html),/img/專屬寵物/強襲機甲LMX.gif,[競速星辰塔](/任務攻略/常態活動/競速星辰塔) 隊伍中有即可訪問 4 階迷宮水晶直達 4 階神殿
水殼龍,金屬系,32,26,33,17,15,8,123,地2水8,,2023-04-27,[公告](https://cg.originmood.com/NewsContent/zh_TW/mlbb_news_9444.html),/img/專屬寵物/水殼龍.gif,
閃光地雷,金屬系,34,10,24,12,45,8,125,地1水9,混亂衝擊波Lv3,2023-04-13,[公告](https://cg.originmood.com/NewsContent/zh_TW/mlbb_news_9294.html),/img/專屬寵物/閃光地雷.gif,
機甲G１型,金屬系,40,22,18,35,10,8,125,地8水2,潔淨魔法Lv1,2023-04-13,[公告](https://cg.originmood.com/NewsContent/zh_TW/mlbb_news_9294.html),/img/專屬寵物/機甲G1型.gif,
赤甲黃尾龍,金屬系,17,15,32,26,33,8,123,水2火8,,2023-04-13,[公告](https://cg.originmood.com/NewsContent/zh_TW/mlbb_news_9294.html),/img/專屬寵物/赤甲黃尾龍.gif,
閃光機甲AEX,金屬系,41,6,16,16,46,9,125,水6火4,混亂衝擊波Lv6,2023-04-13,[公告](https://cg.originmood.com/NewsContent/zh_TW/mlbb_news_9294.html),/img/專屬寵物/閃光機甲AEX.gif,[競速星辰塔](/任務攻略/常態活動/競速星辰塔) 隊伍中有即可訪問 3 階迷宮水晶直達 3 階神殿
機甲C2型,金屬系,35,40,22,18,10,8,125,風8地2,必殺狙擊Lv3,2023-04-13,[公告](https://cg.originmood.com/NewsContent/zh_TW/mlbb_news_9294.html),/img/專屬寵物/機甲C2型.gif,
土甲龍,金屬系,32,15,26,17,33,8,123,風2地8,,2023-04-13,[公告](https://cg.originmood.com/NewsContent/zh_TW/mlbb_news_9294.html),/img/專屬寵物/土甲龍.gif,
冥界騎士,金屬系,33,48,15,21,8,8,125,風10,,2023-03-16,[公告](https://cg.originmood.com/NewsContent/zh_TW/mlbb_news_9184.html),/img/專屬寵物/冥界騎士.gif,
冥府之主,金屬系,36,6,20,16,47,9,125,火5風5,單體即死Lv1,2023-03-16,[公告](https://cg.originmood.com/NewsContent/zh_TW/mlbb_news_9184.html),/img/專屬寵物/冥府之主.gif,
百兩招財貓,金屬系,22,22,22,22,22,8,110,火5風5,,2023-01-18,[公告](https://cg.originmood.com/NewsContent/zh_TW/mlbb_news_8984.html),/img/專屬寵物/百兩招財貓.gif,
千兩招財貓,金屬系,30,16,12,25,40,8,123,火5風5,,2023-01-18,[公告](https://cg.originmood.com/NewsContent/zh_TW/mlbb_news_8984.html),/img/專屬寵物/千兩招財貓.gif,
萬兩招財貓,金屬系,23,12,20,24,46,8,125,火5風5,,2023-01-18,[公告](https://cg.originmood.com/NewsContent/zh_TW/mlbb_news_8984.html),/img/專屬寵物/萬兩招財貓.gif,
十萬兩招財貓,金屬系,32,36,25,24,8,8,125,火5風5,潛龍殺Lv3,2023-01-18,[公告](https://cg.originmood.com/NewsContent/zh_TW/mlbb_news_8984.html),/img/專屬寵物/十萬兩招財貓.gif,
億萬兩招財貓,金屬系,38,6,10,21,50,9,125,火5風5,混亂衝擊波Lv5；強力混亂魔法Lv5,2023-01-18,[公告](https://cg.originmood.com/NewsContent/zh_TW/mlbb_news_8984.html),/img/專屬寵物/億萬兩招財貓.gif,
蝕月炎獸,金屬系,43,6,16,18,42,8,125,風10,強力昏睡魔法Lv3,2022-12-08,[公告](https://cg.originmood.com/NewsContent/zh_TW/mlbb_news_8814.html),/img/專屬寵物/蝕月炎獸.gif,
暴雪魔獸,金屬系,50,40,12,17,6,8,125,水10(水5火5),氣功彈I,2022-12-08,[公告](https://cg.originmood.com/NewsContent/zh_TW/mlbb_news_8814.html),/img/專屬寵物/暴雪魔獸.gif,
強盾守護,金屬系,36,33,30,13,13,8,125,水2火8,,2022-11-03,[公告](https://cg.originmood.com/NewsContent/zh_TW/mlbb_news_8684.html),/img/專屬寵物/強盾守護.gif,
鑽石蟲,金屬系,11,21,38,17,33,8,120,地5風5,萊比聖洞窟第5層（23.23）,2022-10-13,[公告](https://cg.originmood.com/NewsContent/zh_TW/mlbb_news_8484.html),/img/專屬寵物/鑽石蟲.gif,
黑曜蟲,金屬系,17,21,40,9,33,8,120,地7風3,,2022-10-13,[公告](https://cg.originmood.com/NewsContent/zh_TW/mlbb_news_8484.html),/img/專屬寵物/黑曜蟲.gif,
風甲蜥蜴,金屬系,35,34,32,12,12,8,125,風8地2,,2022-10-13,[公告](https://cg.originmood.com/NewsContent/zh_TW/mlbb_news_8484.html),/img/專屬寵物/風甲蜥蜴.gif,
死亡騎士,金屬系,24,16,24,16,40,7,120,風10,,2022-10-09,[公告](https://cg.originmood.com/NewsContent/zh_TW/mlbb_news_8464.html),/img/專屬寵物/風暴軍團長魔魂.gif,
凱法,金屬系,41,6,12,20,46,9,125,風10,,2022-10-09,[公告](https://cg.originmood.com/NewsContent/zh_TW/mlbb_news_8464.html),/img/專屬寵物/風暴軍團長魔魂.gif,
猩紅騎士,金屬系,21,36,13,28,22,7,120,火10,,2022-10-09,[公告](https://cg.originmood.com/NewsContent/zh_TW/mlbb_news_8464.html),/img/專屬寵物/猩紅騎士.gif,
帕布提斯馬,金屬系,50,30,13,26,6,9,125,火10,,2022-10-09,[公告](https://cg.originmood.com/NewsContent/zh_TW/mlbb_news_8464.html),/img/專屬寵物/猩紅騎士.gif,
純白精靈箱,金屬系,17,6,12,40,50,8,125,地5風5,,2022-07-21,[公告](https://cg.originmood.com/NewsContent/zh_TW/mlbb_news_7973.html),/img/專屬寵物/純白精靈箱.gif,
藍魔精靈箱,金屬系,47,34,17,18,9,8,125,水8火2,,2022-07-21,[公告](https://cg.originmood.com/NewsContent/zh_TW/mlbb_news_7973.html),/img/專屬寵物/藍魔精靈箱.gif,
紅魔精靈箱,金屬系,34,9,17,18,47,8,125,水2火8,,2022-07-21,[公告](https://cg.originmood.com/NewsContent/zh_TW/mlbb_news_7973.html),/img/專屬寵物/紅魔精靈箱.gif,
兔耳精靈箱,金屬系,19,6,12,40,48,8,125,水2火8,,2022-07-07,[公告](https://cg.originmood.com/NewsContent/zh_TW/mlbb_news_7913.html),/img/專屬寵物/兔耳精靈箱.gif,
嚇人精靈箱,金屬系,34,47,17,18,9,8,125,火2風8,,2022-07-07,[公告](https://cg.originmood.com/NewsContent/zh_TW/mlbb_news_7913.html),/img/專屬寵物/嚇人精靈箱.gif,
綠蛙精靈箱,金屬系,18,9,34,17,47,8,125,地8風2,,2022-07-07,[公告](https://cg.originmood.com/NewsContent/zh_TW/mlbb_news_7913.html),/img/專屬寵物/綠蛙精靈箱.gif,
暴走霸王,金屬系,17,44,12,46,6,8,125,火10,,2022-06-30,[公告](https://cg.originmood.com/NewsContent/zh_TW/mlbb_news_7863.html),/img/專屬寵物/暴走霸王.gif,
毒刺魔鴨,金屬系,38,9,13,19,44,8,123,地10,,2022-06-30,[公告](https://cg.originmood.com/NewsContent/zh_TW/mlbb_news_7863.html),/img/專屬寵物/毒刺魔鴨.gif,
水藍魔鴨,金屬系,38,44,13,19,9,8,123,水10,,2022-06-30,[公告](https://cg.originmood.com/NewsContent/zh_TW/mlbb_news_7863.html),/img/專屬寵物/水藍魔鴨.gif,
赤目魔鴨,金屬系,44,19,13,38,9,8,123,火10,,2022-06-30,[公告](https://cg.originmood.com/NewsContent/zh_TW/mlbb_news_7863.html),/img/專屬寵物/赤目魔鴨.gif,
披甲魔鴨,金屬系,19,38,13,44,9,8,123,風10,,2022-06-30,[公告](https://cg.originmood.com/NewsContent/zh_TW/mlbb_news_7863.html),/img/專屬寵物/披甲魔鴨.gif,
暴走使徒,金屬系,16,6,15,42,46,9,125,水10,強力酒醉魔法LV4,2022-06-30,[公告](https://cg.originmood.com/NewsContent/zh_TW/mlbb_news_7863.html),/img/專屬寵物/暴走使徒.gif,
蟲毒魔蟹,金屬系,12,30,32,6,45,9,125,水5火5,蟹毒蟲瘴,2022-06-16,[公告](https://cg.originmood.com/NewsContent/zh_TW/mlbb_news_7823.html),/img/專屬寵物/噬魂毒蟹.gif,
無頭將軍,金屬系,34,27,26,13,20,8,120,地9風1,,2022-06-02,[公告](https://cg.originmood.com/NewsContent/zh_TW/mlbb_news_7753.html),/img/專屬寵物/無頭將軍.gif,
沙海將軍,金屬系,45,41,12,19,8,9,125,地9風1,,2022-06-02,[公告](https://cg.originmood.com/NewsContent/zh_TW/mlbb_news_7753.html),/img/專屬寵物/無頭將軍.gif,
血腥魔刃,金屬系,14,6,31,34,40,8,125,地9水1,,2022-04-07,[公告](https://cg.originmood.com/NewsContent/zh_TW/mlbb_news_7303.html),/img/專屬寵物/血腥流刃.gif,
碧月,金屬系,16,9,45,16,37,8,123,地8水2,,2022-04-07,[公告](https://cg.originmood.com/NewsContent/zh_TW/mlbb_news_7303.html),/img/專屬寵物/碧月.gif,
青月,金屬系,24,42,14,34,9,8,123,水8火2,,2022-04-07,[公告](https://cg.originmood.com/NewsContent/zh_TW/mlbb_news_7303.html),/img/專屬寵物/青月.gif,
絳月,金屬系,26,33,16,39,9,8,123,火8風2,,2022-04-07,[公告](https://cg.originmood.com/NewsContent/zh_TW/mlbb_news_7303.html),/img/專屬寵物/絳月.gif,
橙月,金屬系,34,36,30,14,9,8,123,風8地2,,2022-04-07,[公告](https://cg.originmood.com/NewsContent/zh_TW/mlbb_news_7303.html),/img/專屬寵物/橙月.gif,
青銅刺豚,金屬系,14,39,30,22,15,8,120,地7風3,,2021-10-14,[公告](https://cg.originmood.com/NewsContent/zh_TW/mlbb_news_6223.html),/img/專屬寵物/青銅刺豚.png,
墮落惡魔螃蟹,金屬系,22,38,40,13,8,8,121,水2火8,,,,/img/專屬寵物/墮落惡魔螃蟹.gif,
劇毒螃蟹,金屬系,12,31,36,8,36,8,123,水5火5,,2022-06-16,[公告](https://cg.originmood.com/NewsContent/zh_TW/mlbb_news_7823.html),/img/專屬寵物/劇毒螃蟹.gif,
戰鬥藍蠍,昆蟲系,27,8,23,20,47,9,125,水9火1,混亂衝擊波Lv10,2024-09-26,[公告](https://cg.originmood.com/NewsContent/zh_TW/mlbb_news_14004.html),/img/專屬寵物/戰鬥藍蠍.gif,
戰鬥致命螳螂,昆蟲系,28,44,15,27,11,9,125,地3水7,裂空斬Lv10、戰慄襲心Lv11,2024-09-26,[公告](https://cg.originmood.com/NewsContent/zh_TW/mlbb_news_14004.html),/img/專屬寵物/戰鬥致命螳螂.gif,
紅雲瓢蟲,昆蟲系,29,6,19,23,48,9,125,火9風1,混亂衝擊波Lv10、中毒魔法Lv10,2024-08-29,[公告](https://cg.originmood.com/NewsContent/zh_TW/mlbb_news_13884.html),/img/專屬寵物/紅雲瓢蟲.gif,
深海狼蛛,昆蟲系,34,6,18,17,50,9,125,水10,混亂衝擊波Lv10、單體酒醉魔法Lv10,2024-07-03,[公告](https://cg.originmood.com/NewsContent/zh_TW/mlbb_news_13524.html),/img/專屬寵物/深海狼蛛.gif,
改造殺人蜂,昆蟲系,16,40,12,47,10,9,125,風5地5,突襲之舞Lv10,2024-06-06,[公告](https://cg.originmood.com/NewsContent/zh_TW/mlbb_news_13264.html),/img/專屬寵物/改造殺人蜂.gif,
22週年黃蜂,昆蟲系,23,6,9,40,47,9,125,火7風3,昏睡攻擊Lv11、昏睡魔法Lv10,2023-07-27,[公告](https://cg.originmood.com/NewsContent/zh_TW/mlbb_news_9994.html),/img/專屬寵物/22週年黃蜂.gif,
22週年螳螂,昆蟲系,29,50,15,23,8,9,125,風4地6,氣功彈I、諸刃Lv11,2023-07-27,[公告](https://cg.originmood.com/NewsContent/zh_TW/mlbb_news_9994.html),/img/專屬寵物/22週年螳螂.gif,
飛刃螳螂,昆蟲系,31,49,15,18,12,8,125,地8風2,,2023-03-15,[公告](https://cg.originmood.com/NewsContent/zh_TW/mlbb_news_9174.html),/img/專屬寵物/飛刃螳螂.gif,
逆刃死灰,昆蟲系,40,42,16,14,13,8,125,地1水9,,2022-11-03,[公告](https://cg.originmood.com/NewsContent/zh_TW/mlbb_news_8684.html),/img/專屬寵物/逆刃死灰.gif,
龍蝦霸王,昆蟲系,37,50,16,16,6,8,125,火9風1,,2021-10-14,[公告](https://cg.originmood.com/NewsContent/zh_TW/mlbb_news_6223.html),https://truth.bahamut.com.tw/s01/202110/d5db76058dade44370d8ad3b9864152a.gif,
沼澤龍蝦,昆蟲系,29,47,26,14,7,8,123,地8水2,,2021-10-14,[公告](https://cg.originmood.com/NewsContent/zh_TW/mlbb_news_6223.html),https://truth.bahamut.com.tw/s01/202110/980e1590fd935432f2d1124ac96b44dc.gif,
海龍蝦,昆蟲系,31,45,23,16,8,8,123,水8火2,,2021-10-14,[公告](https://cg.originmood.com/NewsContent/zh_TW/mlbb_news_6223.html),https://truth.bahamut.com.tw/s01/202110/8843a72a1e7c981e7fd42c95fda006ae.gif,
烈焰龍蝦,昆蟲系,28,48,19,21,7,8,123,火8風2,沒有變身和海溝內守衛對話進三連戰，第三輪霸王龍蝦隨機出現,2021-10-14,[公告](https://cg.originmood.com/NewsContent/zh_TW/mlbb_news_6223.html),https://truth.bahamut.com.tw/s01/202110/29df05b21964fd866095a815e4c40fb3.gif,
烈風龍蝦,昆蟲系,27,46,18,24,8,8,123,地2風8,,2021-10-14,[公告](https://cg.originmood.com/NewsContent/zh_TW/mlbb_news_6223.html),https://truth.bahamut.com.tw/s01/202110/1cbda942b3473bc802e71e5acdc8ccd4.gif,
牛角寄居蟹,昆蟲系,18,9,31,17,35,7,110,火4風6,,2021-10-14,[公告](https://cg.originmood.com/NewsContent/zh_TW/mlbb_news_6223.html),/img/專屬寵物/牛角寄居蟹.gif,
金甲蟲,昆蟲系,18,37,37,11,20,8,123,水7火3,,,,/img/專屬寵物/金甲蟲.gif,
櫻花螳螂,昆蟲系,18,45,22,27,11,9,123,地5風5,,2021-07-28,[公告](https://cg.originmood.com/NewsContent/zh_TW/mlbb_news_5303.html),/img/專屬寵物/櫻花螳螂.gif,
赤炎黃蜂,昆蟲系,14,38,15,43,10,9,120,火7風3,,2021-07-23,[公告](https://cg.originmood.com/NewsContent/zh_TW/mlbb_news_5293.html),/img/專屬寵物/赤炎黃蜂.gif,
改造黃蠍,昆蟲系,20,10,43,12,40,7,125,風10,,,,/img/專屬寵物/改造黃蠍.gif,
豬八戒,不死系,34,46,14,21,10,9,125,地5火5,裂空斬LV10、氣功彈LV2、氣絕回復LV1,2025-03-03,[公告](https://cg.originmood.com/NewsContent/zh_TW/mlbb_news_14824.html),/img/專屬寵物/魔豬.gif,
豬剛鬣,不死系,42,36,16,21,10,9,125,地10,裂空斬LV10、氣功彈I 、連擊LV12,2025-03-03,[公告](https://cg.originmood.com/NewsContent/zh_TW/mlbb_news_14824.html),/img/專屬寵物/魔豬.gif,
八岐大蛇,不死系,36,44,11,28,6,9,125,風10,氣功彈LV3 、乾坤一擲LV11、氣絕回復LV1,2025-01-28,[公告](https://cg.originmood.com/NewsContent/zh_TW/mlbb_news_14664.html),/img/專屬寵物/八岐大蛇.gif,
魔女蕾亞,不死系,34,43,20,22,6,9,125,地5水5,昏睡攻擊LV11、氣功彈LV3、諸刃LV11,2025-01-02,[公告](https://cg.originmood.com/NewsContent/zh_TW/mlbb_news_14494.html),/img/專屬寵物/魔女蕾亞.gif,[遠古巨人之謎](/任務攻略/主線任務/天空之城系列/遠古巨人之謎) 隊長持有即可從傳送石直達試煉神殿
紺青之棺,不死系,30,41,23,21,10,9,125,地10,乾坤一擲LV11、氣功彈I,2025-01-02,[公告](https://cg.originmood.com/NewsContent/zh_TW/mlbb_news_14494.html),/img/專屬寵物/紺青之棺.gif,
冰魄龍骨,不死系,34,45,8,30,8,9,125,水10,氣功彈LV2、連擊LV12,2024-12-05,[公告](https://cg.originmood.com/NewsContent/zh_TW/mlbb_news_14344.html),/img/專屬寵物/冰魄龍骨.gif,
聖金龍骨,不死系,48,42,12,17,6,9,125,風10,裂空斬LV10、氣絕回復LV1,2024-11-22,[公告](https://cg.originmood.com/NewsContent/zh_TW/mlbb_news_14254.html),/img/專屬寵物/聖金龍骨.gif,
岩帝龍骨,不死系,38,6,16,48,17,9,125,地10,潔淨魔法LV3、單體即死LV1、單體石化魔法LV10,2024-11-22,[公告](https://cg.originmood.com/NewsContent/zh_TW/mlbb_news_14254.html),/img/專屬寵物/岩帝龍骨.gif,
幼年聖金龍骨,不死系,35,35,26,10,17,9,123,火2風8,裂空斬LV5、氣絕回復LV1,2024-11-22,[公告](https://cg.originmood.com/NewsContent/zh_TW/mlbb_news_14254.html),/img/專屬寵物/聖金龍骨.gif,
幼年岩帝龍骨,不死系,24,6,23,37,33,9,123,風2地8,單體即死LV1、單體石化魔法LV10,2024-11-22,[公告](https://cg.originmood.com/NewsContent/zh_TW/mlbb_news_14254.html),/img/專屬寵物/岩帝龍骨.gif,
炎魔龍骨,不死系,17,6,12,48,42,9,125,水5火5,超強石化魔法Lv5、強力混亂魔法Lv7,2024-10-24,[公告](https://cg.originmood.com/NewsContent/zh_TW/mlbb_news_14144.html),/img/專屬寵物/炎魔龍骨.gif,
萬聖鬼斧,不死系,31,48,13,25,8,9,125,風10,裂空斬Lv10、諸刃Lv11,2024-10-24,[公告](https://cg.originmood.com/NewsContent/zh_TW/mlbb_news_14144.html),/img/專屬寵物/白銀冥鬥士.gif,
萬聖食屍鬼,不死系,41,37,16,21,10,9,125,火7風3,乾坤一擲Lv11、昏睡攻擊Lv11,2024-10-24,[公告](https://cg.originmood.com/NewsContent/zh_TW/mlbb_news_14144.html),/img/專屬寵物/萬聖食屍鬼.gif,
夢之惡魔,不死系,40,6,11,19,49,9,125,地5水5,超強昏睡魔法Lv5、潔淨魔法Lv3,2024-10-10,[公告](https://cg.originmood.com/NewsContent/zh_TW/mlbb_news_14084.html),/img/專屬寵物/夢之惡魔.gif,
戰鬥骷髏戰士,不死系,42,42,12,12,17,9,125,風7地3,乾坤一擲Lv11,2024-09-26,[公告](https://cg.originmood.com/NewsContent/zh_TW/mlbb_news_14004.html),/img/專屬寵物/戰鬥骷髏戰士.gif,
戰鬥亡靈,不死系,34,10,15,17,49,9,125,火2風8,超強昏睡魔法Lv5、混亂衝擊波Lv10,2024-09-26,[公告](https://cg.originmood.com/NewsContent/zh_TW/mlbb_news_14004.html),/img/專屬寵物/戰鬥亡靈.gif,
魅之惡魔,不死系,33,49,11,26,6,9,125,風10,裂空斬Lv10、乾坤一擲Lv11,2024-08-29,[公告](https://cg.originmood.com/NewsContent/zh_TW/mlbb_news_13884.html),/img/專屬寵物/魅之惡魔.gif,
魔女妮可,不死系,29,6,14,28,48,9,125,風10,超強混亂魔法Lv5、氣絕回復Lv1,2024-08-15,[公告](https://cg.originmood.com/NewsContent/zh_TW/mlbb_news_13784.html),/img/專屬寵物/魔女妮可.gif,
伯爵之棺,不死系,26,45,15,29,10,9,125,火2風8,乾坤一擲Lv11、混亂攻擊Lv11,2024-08-15,[公告](https://cg.originmood.com/NewsContent/zh_TW/mlbb_news_13784.html),/img/專屬寵物/伯爵之棺.gif,
墓碑鬼手,不死系,27,37,27,16,16,9,123,火2風8,毒性攻擊Lv11,2024-08-15,[公告](https://cg.originmood.com/NewsContent/zh_TW/mlbb_news_13784.html),/img/專屬寵物/墓碑鬼手.gif,
魔道死靈,不死系,37,8,14,19,47,9,125,地8水2,混亂衝擊波Lv10、強力石化魔法LV7,2024-08-15,[公告](https://cg.originmood.com/NewsContent/zh_TW/mlbb_news_13784.html),/img/專屬寵物/魔道死靈.gif,
星幻冥神,不死系,35,45,10,25,10,9,125,水5火5,隔山打牛Lv10、諸刃Lv11,2024-08-08,[公告](https://cg.originmood.com/NewsContent/zh_TW/mlbb_news_13754.html),/img/專屬寵物/星幻冥神.png,
惡魔女帝,不死系,37,50,6,26,6,9,125,水5火5,連擊Lv11、裂空斬Lv10,2024-07-17,[公告](https://cg.originmood.com/NewsContent/zh_TW/mlbb_news_13624.html),/img/專屬寵物/惡魔女帝.gif,[精靈之墟](/任務攻略/主線任務/傳說之劍系列/精靈之墟) 與任一石碑對話即可整隊直達頂樓，不必分辨真假；[精靈之墟練級點前置攻略](/任務攻略/練功專區/精靈之墟/精靈之墟練級點前置攻略) 無視真假空之碑，全隊傳送至樓頂（牢籠結界）
幻之惡魔,不死系,33,6,11,26,49,9,125,地10,超強中毒魔法LV5、超強石化魔法LV5,2024-07-17,[公告](https://cg.originmood.com/NewsContent/zh_TW/mlbb_news_13624.html),/img/專屬寵物/幻之惡魔.gif,
魔女洛麗,不死系,30,6,10,29,50,9,125,火5風5,超強昏睡魔法Lv5、氣絕回復Lv1,2024-07-01,[公告](https://cg.originmood.com/NewsContent/zh_TW/mlbb_news_13494.html),/img/專屬寵物/魔女洛麗.gif,
地獄殺人螳螂,不死系,31,45,11,30,8,9,125,水1火9,連擊Lv12、乾坤一擲Lv11,2024-06-19,[公告](https://cg.originmood.com/NewsContent/zh_TW/mlbb_news_13394.html),/img/專屬寵物/地獄殺人螳螂.gif,
改造地獄骷髏,不死系,34,35,33,10,13,9,125,水7火3,潛龍殺Lv10,2024-05-23,[公告](https://cg.originmood.com/NewsContent/zh_TW/mlbb_news_13104.html),/img/專屬寵物/冰獄骷髏.gif,
死亡木乃伊,不死系,39,44,16,20,6,9,125,火10,諸刃Lv11、昏睡攻擊Lv11,2024-05-16,[公告](https://cg.originmood.com/NewsContent/zh_TW/mlbb_news_13014.html),/img/專屬寵物/死亡木乃伊.gif,
暗黑魔龍,不死系,33,50,11,25,6,9,125,風5地5,裂空斬Lv10、乾坤一擲Lv11,2024-05-05,[公告](https://cg.originmood.com/NewsContent/zh_TW/mlbb_news_12884.html),/img/專屬寵物/暗黑魔龍.gif,[地獄之眼](/任務攻略/主線任務/傳說之劍系列/地獄之眼) 隊員身上有即可與任意石碑對話直接登頂，抵達終極之地；[精靈之墟練級點前置攻略](/任務攻略/練功專區/精靈之墟/精靈之墟練級點前置攻略) 與任意石碑對話即可整隊傳送至終極之地，不必分辨真假
焰獄妖犬,不死系,18,42,12,45,8,9,125,風6地4,乾坤一擲Lv11、潔淨魔法LV3,2024-05-02,[公告](https://cg.originmood.com/NewsContent/zh_TW/mlbb_news_12864.html),/img/專屬寵物/焰獄妖犬.gif,
暗黑大公雞,不死系,36,43,11,26,9,9,125,地5水5,氣功彈I、乾坤一擲Lv11,2024-04-18,[公告](https://cg.originmood.com/NewsContent/zh_TW/mlbb_news_12564.html),/img/專屬寵物/暗黑大公雞.gif,
埃及冥龍：索爾格,不死系,38,50,11,18,8,9,125,火6風4,乾坤一擲Lv11、氣絕回復Lv1,2024-04-04,[公告](https://cg.originmood.com/NewsContent/zh_TW/mlbb_news_12184.html),/img/專屬寵物/埃及冥龍索爾格.gif,
埃及冥龍：海因茨,不死系,39,8,23,11,44,9,125,火6風4,單體即死Lv1、氣絕回復Lv1,2024-04-04,[公告](https://cg.originmood.com/NewsContent/zh_TW/mlbb_news_12184.html),/img/專屬寵物/埃及冥龍索爾格.gif,
埃及冥龍：卡洛斯,不死系,33,8,11,25,48,9,125,火6風4,超強石化魔法Lv5、氣絕回復Lv1,2024-04-04,[公告](https://cg.originmood.com/NewsContent/zh_TW/mlbb_news_12184.html),/img/專屬寵物/埃及冥龍索爾格.gif,
淘氣鬼,不死系,17,10,18,36,42,8,123,風10,強力遺忘魔法Lv5,2024-04-03,[公告](https://cg.originmood.com/NewsContent/zh_TW/mlbb_news_12174.html),/img/專屬寵物/淘氣鬼.png,
鬧事鬼,不死系,26,40,18,29,10,8,123,火10,攻擊吸收Lv5,2024-04-03,[公告](https://cg.originmood.com/NewsContent/zh_TW/mlbb_news_12174.html),/img/專屬寵物/鬧事鬼.png,
皮皮鬼,不死系,40,26,29,18,10,8,123,水10,昏睡攻擊Lv11,2024-04-03,[公告](https://cg.originmood.com/NewsContent/zh_TW/mlbb_news_12174.html),/img/專屬寵物/皮皮鬼.png,
搗蛋鬼,不死系,26,10,18,29,40,8,123,地10,強力中毒魔法Lv5,2024-04-03,[公告](https://cg.originmood.com/NewsContent/zh_TW/mlbb_news_12174.html),/img/專屬寵物/搗蛋鬼.png,
猩紅鬼靈,不死系,22,8,12,37,46,9,125,火6風4,超強石化魔法Lv5、混亂衝擊波Lv10,2024-04-03,[公告](https://cg.originmood.com/NewsContent/zh_TW/mlbb_news_12174.html),/img/專屬寵物/猩紅鬼靈.gif,
紺青騎士,不死系,33,8,14,22,48,9,125,水6火4,超強混亂魔法Lv5、補血魔法Lv5,2024-04-03,[公告](https://cg.originmood.com/NewsContent/zh_TW/mlbb_news_12174.html),/img/專屬寵物/紺青騎士.gif,
青銅冥鬥士,不死系,39,10,19,13,44,9,125,風8地2,魔法反彈Lv5、混亂衝擊波Lv10,2024-04-01,[公告](https://cg.originmood.com/NewsContent/zh_TW/mlbb_news_12074.html),/img/專屬寵物/青銅冥鬥士.gif,
亡靈骷髏士兵,不死系,29,50,17,19,10,9,125,地5水5,乾坤一擲Lv11、石化攻擊Lv11,2024-04-01,[公告](https://cg.originmood.com/NewsContent/zh_TW/mlbb_news_12074.html),/img/專屬寵物/亡靈骷髏士兵.png,
魔金女王,不死系,25,10,16,24,50,9,125,風6地4,超強石化魔法Lv5、單體石化魔法Lv10,2024-04-01,[公告](https://cg.originmood.com/NewsContent/zh_TW/mlbb_news_12074.html),/img/專屬寵物/魔金女王.gif,
女帝阿爾卡迪亞,不死系,45,5,5,20,50,9,125,火5風5,潔淨魔法Lv3、超強火焰魔法Lv4、超強風刃魔法Lv4、超強混亂魔法Lv5,2023-12-28,[公告](https://cg.originmood.com/NewsContent/zh_TW/mlbb_news_10894.html),/img/專屬寵物/女帝阿爾卡迪亞.gif,
黯星使者,不死系,31,50,15,19,10,9,125,火1風9,連擊Lv11,2023-11-23,[公告](https://cg.originmood.com/NewsContent/zh_TW/mlbb_news_10704.html),/img/專屬寵物/黯星使者.gif,[競速星辰塔](/任務攻略/常態活動/競速星辰塔) 隊伍中有即可訪問 5 階迷宮水晶直達 5 階神殿
狂魔劍次,不死系,29,6,19,21,50,9,125,火5風5,超強混亂魔法Lv5、混亂衝擊波Lv10,2023-11-10,[公告](https://cg.originmood.com/NewsContent/zh_TW/mlbb_news_10564.html),/img/專屬寵物/狂魔劍次.gif,[蒼月聖學院](/任務攻略/主線任務/天空之城系列/蒼月聖學院) 火元素祕境：與迷宮內傳送石對話可直接登頂
改造冥界死神,不死系,16,10,17,38,44,9,125,風10,混亂衝擊波Lv10、魔法吸收Lv5,2023-10-25,[公告](https://cg.originmood.com/NewsContent/zh_TW/mlbb_news_10474.html),/img/專屬寵物/改造冥界死神.gif,
改造斬首者,不死系,16,38,17,44,10,9,125,火10,突襲之舞Lv10、魔法反彈Lv5,2023-10-25,[公告](https://cg.originmood.com/NewsContent/zh_TW/mlbb_news_10474.html),/img/專屬寵物/改造斬首者.gif,
改造暗黑僧侶,不死系,38,44,17,16,10,9,125,水10,諸刃Lv11、攻擊反彈Lv5,2023-10-25,[公告](https://cg.originmood.com/NewsContent/zh_TW/mlbb_news_10474.html),/img/專屬寵物/改造暗黑僧侶.gif,
改造鐮刀魔,不死系,38,10,17,16,44,9,125,地10,混亂衝擊波Lv10、攻擊吸收Lv5,2023-10-25,[公告](https://cg.originmood.com/NewsContent/zh_TW/mlbb_news_10474.html),/img/專屬寵物/改造鐮刀魔.gif,
萬聖假面,不死系,35,10,16,19,45,9,125,地9水1,攻擊吸收Lv5、強力石化魔法Lv5,2023-10-25,[公告](https://cg.originmood.com/NewsContent/zh_TW/mlbb_news_10474.html),/img/專屬寵物/萬聖假面.gif,
假面騎士,不死系,20,40,17,40,8,9,125,地10,乾坤一擲Lv11、石化攻擊Lv11,2023-10-25,[公告](https://cg.originmood.com/NewsContent/zh_TW/mlbb_news_10474.html),/img/專屬寵物/假面騎士.gif,
牛頭狂戰士,不死系,25,44,20,30,6,9,125,風1地9,潛龍殺Lv10,2023-10-12,[公告](https://cg.originmood.com/NewsContent/zh_TW/mlbb_news_10434.html),/img/專屬寵物/牛頭狂戰士.gif,
死神亞曆克斯,不死系,19,27,24,40,10,8,120,地10,,2023-10-12,[公告](https://cg.originmood.com/NewsContent/zh_TW/mlbb_news_10434.html),/img/專屬寵物/死神亞曆克斯.gif,
死神查理,不死系,19,10,24,27,40,8,120,水10,,2023-10-12,[公告](https://cg.originmood.com/NewsContent/zh_TW/mlbb_news_10434.html),/img/專屬寵物/死神查理.gif,
死神埃文,不死系,40,27,24,19,10,8,120,火10,,2023-10-12,[公告](https://cg.originmood.com/NewsContent/zh_TW/mlbb_news_10434.html),/img/專屬寵物/死神埃文.gif,
死神格雷爾,不死系,27,40,24,19,10,8,120,風10,,2023-10-12,[公告](https://cg.originmood.com/NewsContent/zh_TW/mlbb_news_10434.html),/img/專屬寵物/死神格雷爾.gif,
天啟者猶大,不死系,17,8,15,40,45,9,125,地5水5,超強石化魔法Lv5、混亂衝擊波Lv10,2023-09-08,[公告](https://cg.originmood.com/NewsContent/zh_TW/mlbb_news_10254.html),/img/專屬寵物/天啟者猶大.gif,
幽紫魔靈,不死系,15,10,17,37,46,8,125,水2火8,混亂衝擊波Lv10、攻擊無效Lv5,2023-09-08,[公告](https://cg.originmood.com/NewsContent/zh_TW/mlbb_news_10234.html),/img/專屬寵物/幽紫魔靈.gif,
德魯伊之魂,不死系,28,10,18,22,47,9,125,水10,強力石化魔法Lv5、攻擊反彈Lv5,2023-09-08,[公告](https://cg.originmood.com/NewsContent/zh_TW/mlbb_news_10234.html),/img/專屬寵物/德魯伊之魂.gif,
德魯伊之鬼,不死系,16,12,23,22,47,6,120,水10,,2023-09-08,[公告](https://cg.originmood.com/NewsContent/zh_TW/mlbb_news_10234.html),/img/專屬寵物/德魯伊之魂.gif,
暗醫阿魯巴斯,不死系,35,8,13,21,48,9,125,火3風7,超強遺忘魔法Lv5,2023-07-07,[公告](https://cg.originmood.com/NewsContent/zh_TW/mlbb_news_9844.html),/img/專屬寵物/暗醫阿魯巴斯.gif,
喪屍魔龍,不死系,42,29,32,8,14,9,125,地6水4,明鏡止水Lv11,2023-06-05,[公告](https://cg.originmood.com/NewsContent/zh_TW/mlbb_news_9654.html),/img/專屬寵物/喪屍魔龍.gif,
地獄星,不死系,32,40,25,18,10,9,125,水10,迅雷衝擊,2023-03-29,[公告](https://cg.originmood.com/NewsContent/zh_TW/mlbb_news_9214.html),/img/專屬寵物/地獄星.gif,
毒龍骨,不死系,28,37,37,12,11,8,125,水3火7,潛龍殺Lv1,2023-02-15,[公告](https://cg.originmood.com/NewsContent/zh_TW/mlbb_news_9084.html),/img/專屬寵物/毒龍骨.gif,
黃金龍骨,不死系,28,11,37,12,37,8,125,火3風7,強力昏睡魔法Lv2,2023-02-15,[公告](https://cg.originmood.com/NewsContent/zh_TW/mlbb_news_9084.html),/img/專屬寵物/黃金龍骨.gif,
炎心真龍,不死系,32,47,14,22,10,9,125,水5火5,潛龍殺Lv6,2023-02-15,[公告](https://cg.originmood.com/NewsContent/zh_TW/mlbb_news_9084.html),/img/專屬寵物/炎心真龍.gif,[冰原禁地](/任務攻略/練功專區/冰原禁地) 可免除冰原通行證，單人通過禁地守衛
冰霜巨龍,不死系,36,10,20,14,45,9,125,火5風5,強力昏睡魔法Lv5,2023-02-15,[公告](https://cg.originmood.com/NewsContent/zh_TW/mlbb_news_9084.html),/img/專屬寵物/冰霜巨龍.gif,[冰原禁地](/任務攻略/練功專區/冰原禁地) 可免除冰原通行證，單人通過禁地守衛
赤炎假面,不死系,31,10,22,19,43,8,125,火10,,2022-10-27,[公告](https://cg.originmood.com/NewsContent/zh_TW/mlbb_news_8614.html),/img/專屬寵物/赤炎假面.gif,
巨斧假面,不死系,36,39,21,19,10,8,125,火9風1,,2022-10-27,[公告](https://cg.originmood.com/NewsContent/zh_TW/mlbb_news_8614.html),/img/專屬寵物/巨斧假面.gif,
魔法師之鬼,不死系,17,12,16,28,47,6,120,地10,,2022-08-12,[公告](https://cg.originmood.com/NewsContent/zh_TW/mlbb_news_8073.html),/img/專屬寵物/魔法師之鬼.gif,
巫師之鬼,不死系,16,31,17,40,16,6,120,風10,,2022-08-12,[公告](https://cg.originmood.com/NewsContent/zh_TW/mlbb_news_8073.html),/img/專屬寵物/巫師之鬼.gif,
卡爾克,不死系,12,45,20,26,17,6,120,水2火8,,2022-08-12,[公告](https://cg.originmood.com/NewsContent/zh_TW/mlbb_news_8073.html),/img/專屬寵物/卡爾克.gif,
卡卡特,不死系,20,43,18,27,12,6,120,地2水8,,2022-08-12,[公告](https://cg.originmood.com/NewsContent/zh_TW/mlbb_news_8073.html),/img/專屬寵物/卡卡特.gif,
魔導師之魂,不死系,18,10,14,34,49,8,125,地10,,2022-08-12,[公告](https://cg.originmood.com/NewsContent/zh_TW/mlbb_news_8073.html),/img/專屬寵物/魔法師之鬼.gif,
巫妖王之魂,不死系,26,31,14,44,10,8,125,風10,,2022-08-12,[公告](https://cg.originmood.com/NewsContent/zh_TW/mlbb_news_8073.html),/img/專屬寵物/巫師之鬼.gif,
血魔之棺,不死系,23,49,17,26,10,8,125,水2火8,,2022-08-12,[公告](https://cg.originmood.com/NewsContent/zh_TW/mlbb_news_8073.html),/img/專屬寵物/卡爾克.gif,
白銀之棺,不死系,33,10,16,21,45,8,125,地2水8,,2022-08-12,[公告](https://cg.originmood.com/NewsContent/zh_TW/mlbb_news_8073.html),/img/專屬寵物/卡卡特.gif,
龍骨,不死系,32,35,20,21,16,8,124,地8風2,,2022-04-21,[公告](https://cg.originmood.com/NewsContent/zh_TW/mlbb_news_7413.html),/img/專屬寵物/龍骨.gif,
暗黑龍骨,不死系,30,16,27,14,37,8,124,地3水7,,2022-04-21,[公告](https://cg.originmood.com/NewsContent/zh_TW/mlbb_news_7413.html),/img/專屬寵物/暗黑龍骨.gif,
玄翼暴龍,不死系,40,40,14,21,10,8,125,地9風1,,2022-04-21,[公告](https://cg.originmood.com/NewsContent/zh_TW/mlbb_news_7413.html),/img/專屬寵物/玄翼暴龍.gif,
闇影魔龍,不死系,35,10,16,24,40,8,125,地2水8,,2022-04-21,[公告](https://cg.originmood.com/NewsContent/zh_TW/mlbb_news_7413.html),/img/專屬寵物/闇影魔龍.gif,
幽紫妖靈,不死系,19,11,23,33,39,8,125,水2火8,,2022-03-24,[公告](https://cg.originmood.com/NewsContent/zh_TW/mlbb_news_7223.html),/img/專屬寵物/幽紫魔靈.gif,
獅面女神,不死系,33,14,22,19,35,8,123,地10,,2022-03-24,[公告](https://cg.originmood.com/NewsContent/zh_TW/mlbb_news_7223.html),/img/專屬寵物/獅面女神.gif,
貓臉女神,不死系,42,37,12,18,14,8,123,水10,,2022-03-24,[公告](https://cg.originmood.com/NewsContent/zh_TW/mlbb_news_7223.html),/img/專屬寵物/貓臉女神.gif,
貓隊長,不死系,35,42,17,19,10,8,123,火10,,2022-03-24,[公告](https://cg.originmood.com/NewsContent/zh_TW/mlbb_news_7223.html),/img/專屬寵物/貓隊長.gif,
惡夢貓,不死系,15,20,20,32,36,7,123,風10,,2022-03-24,[公告](https://cg.originmood.com/NewsContent/zh_TW/mlbb_news_7223.html),/img/專屬寵物/惡夢貓.gif,
福爾菲斯,不死系,14,40,12,18,39,8,123,火1風9,,2022-03-24,[公告](https://cg.originmood.com/NewsContent/zh_TW/mlbb_news_7223.html),/img/專屬寵物/福爾菲斯.gif,
深淵武裝骷髏,不死系,18,23,43,8,28,7,120,地7水3,,,,/img/專屬寵物/深淵武裝骷髏.gif,
改造殭屍,不死系,41,36,16,16,16,9,125,地3風7,,2021-07-29,[公告](https://cg.originmood.com/NewsContent/zh_TW/mlbb_news_5313.html),/img/專屬寵物/改造殭屍.gif,
千夜,植物系,42,6,6,29,42,9,125,水10,超強石化魔法LV7、超強中毒魔法LV7、超強補血魔法LV5,2025-03-06,[公告](https://cg.originmood.com/NewsContent/zh_TW/mlbb_news_14854.html),/img/專屬寵物/千夜.gif,
沙暴仙人掌,植物系,33,42,15,27,8,9,125,風2地8,吸血攻擊LV11、連擊LV11、諸刃LV11,2025-03-06,[公告](https://cg.originmood.com/NewsContent/zh_TW/mlbb_news_14854.html),/img/專屬寵物/沙暴仙人掌.gif,
流星菇,植物系,24,7,13,32,49,9,125,火4風6,超強昏睡魔法LV7、超強中毒魔法LV5、混亂衝擊波LV10,2025-02-20,[公告](https://cg.originmood.com/NewsContent/zh_TW/mlbb_news_14794.html),/img/專屬寵物/流星菇.gif,
愛情康乃馨,植物系,28,10,19,26,42,9,125,火8風2,混亂衝擊波Lv10,2025-02-06,[公告](https://cg.originmood.com/NewsContent/zh_TW/mlbb_news_14704.html),/img/專屬寵物/愛情康乃馨.gif,
月見紗,植物系,27,40,4,50,4,9,125,水5火5,氣功彈LV3、裂空斬LV10、連擊LV11,2025-01-22,[公告](https://cg.originmood.com/NewsContent/zh_TW/mlbb_news_14624.html),/img/專屬寵物/月見紗.gif,
劇毒花妖王,植物系,35,6,19,21,44,9,125,水4火6,混亂衝擊波LV10、超強中毒魔法LV5、強力昏睡魔法LV7,2024-12-19,[公告](https://cg.originmood.com/NewsContent/zh_TW/mlbb_news_14434.html),/img/專屬寵物/劇毒花妖王.gif,
死亡樹魔,植物系,30,49,16,24,6,9,125,地6水4,氣功彈I、裂空斬LV10、石化攻擊Lv11,2024-12-19,[公告](https://cg.originmood.com/NewsContent/zh_TW/mlbb_news_14434.html),/img/專屬寵物/死亡樹魔.gif,
番茄咩,植物系,31,44,20,24,6,9,125,火6水4,氣功彈I,2024-12-09,[公告](https://cg.originmood.com/NewsContent/zh_TW/mlbb_news_14364.html),/img/專屬寵物/番茄咩.gif,
鳳橘花妖王,植物系,21,6,15,42,41,9,125,風8地2,混亂衝擊波Lv10、強力昏睡魔法Lv7,2024-10-10,[公告](https://cg.originmood.com/NewsContent/zh_TW/mlbb_news_14084.html),/img/專屬寵物/鳳橘花妖王.gif,
戰鬥死亡樹精,植物系,27,10,31,16,41,9,125,地6水4,強力石化魔法Lv7、混亂衝擊波Lv10,2024-09-26,[公告](https://cg.originmood.com/NewsContent/zh_TW/mlbb_news_14004.html),/img/專屬寵物/死亡樹魔.gif,
戰鬥粉紅菇,植物系,40,10,15,14,46,9,125,水4火6,單體昏睡魔法Lv10、混亂衝擊波Lv10,2024-09-26,[公告](https://cg.originmood.com/NewsContent/zh_TW/mlbb_news_14004.html),/img/專屬寵物/戰鬥粉紅菇.gif,
碧水藍菇,植物系,40,6,15,16,48,9,123,地4水6,超強昏睡魔法LV5、單體昏睡魔法LV10,2024-09-26,[公告](https://cg.originmood.com/NewsContent/zh_TW/mlbb_news_13994.html),/img/專屬寵物/碧水藍菇.gif,
黃金樹靈,植物系,43,26,38,8,10,9,125,地4風6,氣絕回復Lv1、護衛Lv11,2024-09-12,[公告](https://cg.originmood.com/NewsContent/zh_TW/mlbb_news_13934.html),/img/專屬寵物/黃金樹靈.gif,
火焰舞動者,植物系,29,50,14,26,6,9,125,水2火8,乾坤一擲Lv11、突襲之舞Lv10,2024-08-08,[公告](https://cg.originmood.com/NewsContent/zh_TW/mlbb_news_13744.html),/img/專屬寵物/火焰舞動者.png,
綠豆粽子,植物系,35,16,21,11,40,9,123,地5水5,石化魔法Lv3,2024-06-06,[公告](https://cg.originmood.com/NewsContent/zh_TW/mlbb_news_13254.html),/img/專屬寵物/綠豆粽子.gif,
紅糖粽子,植物系,35,40,21,11,16,9,123,火5風5,石化攻擊Lv11,2024-06-06,[公告](https://cg.originmood.com/NewsContent/zh_TW/mlbb_news_13254.html),/img/專屬寵物/紅糖粽子.gif,
瑞竹龍舟,植物系,37,6,12,20,50,9,125,地8水2,混亂衝擊波Lv10、石化魔法LV10,2024-06-06,[公告](https://cg.originmood.com/NewsContent/zh_TW/mlbb_news_13254.html),/img/專屬寵物/瑞竹龍舟.gif,
喜焰龍舟,植物系,19,40,12,48,6,9,125,火8風2,乾坤一擲Lv11、突襲之舞Lv10,2024-06-06,[公告](https://cg.originmood.com/NewsContent/zh_TW/mlbb_news_13254.html),/img/專屬寵物/喜焰龍舟.gif,
改造水藍菇,植物系,45,10,10,18,42,9,125,地4水6,強力酒醉魔法LV7,2024-05-23,[公告](https://cg.originmood.com/NewsContent/zh_TW/mlbb_news_13104.html),/img/專屬寵物/碧水藍菇.gif,
藍色香煙鬼,植物系,43,40,15,21,6,9,125,水7火3,連擊Lv12、混亂攻擊Lv11,2024-05-16,[公告](https://cg.originmood.com/NewsContent/zh_TW/mlbb_news_13014.html),/img/專屬寵物/藍色香煙鬼.gif,
裂口食人花,植物系,26,39,26,10,19,8,120,風5地5,,2024-03-21,[公告](https://cg.originmood.com/NewsContent/zh_TW/mlbb_news_11964.html),/img/專屬寵物/裂口食人花.gif,
櫻花冰冷樹精長老,植物系,24,6,16,33,46,9,125,水6火4,混亂衝擊波Lv10、昏睡魔法Lv10,2024-03-21,[公告](https://cg.originmood.com/NewsContent/zh_TW/mlbb_news_11964.html),/img/專屬寵物/櫻花冰冷樹精長老.gif,
櫻花冰冷樹精,植物系,21,8,23,29,44,9,125,水7火3,混亂衝擊波Lv10、攻擊無效Lv5,2024-03-21,[公告](https://cg.originmood.com/NewsContent/zh_TW/mlbb_news_11964.html),/img/專屬寵物/櫻花冰冷樹精.gif,
紫幽冥傘,植物系,23,20,29,19,34,8,125,地1水9,強力中毒魔法Lv5,2024-03-07,[公告](https://cg.originmood.com/NewsContent/zh_TW/mlbb_news_11824.html),/img/專屬寵物/紫幽冥傘.gif,
綠蒲團團,植物系,31,14,16,24,40,8,125,地10,混亂衝擊波Lv10,2024-02-01,[公告](https://cg.originmood.com/NewsContent/zh_TW/mlbb_news_11584.html),/img/專屬寵物/綠蒲團團.gif,
鸚鵡綠螺,植物系,31,10,26,15,38,8,120,風2地8,,2024-01-18,[公告](https://cg.originmood.com/NewsContent/zh_TW/mlbb_news_11534.html),/img/專屬寵物/鸚鵡綠螺.gif,
西比亞烏賊,植物系,29,8,20,23,45,8,125,風1地9,混亂衝擊波Lv10,2024-01-18,[公告](https://cg.originmood.com/NewsContent/zh_TW/mlbb_news_11534.html),/img/專屬寵物/西比亞烏賊.gif,
琉璃花妖王,植物系,41,6,15,17,46,9,125,水6火4,魔法反彈Lv5、混亂衝擊波Lv10,2023-12-20,[公告](https://cg.originmood.com/NewsContent/zh_TW/mlbb_news_10844.html),/img/專屬寵物/琉璃花妖王.gif,
冰雪愛絲精靈,植物系,52,35,12,20,6,9,125,地10,潛龍殺Lv10、攻擊無效Lv5,2023-12-06,[公告](https://cg.originmood.com/NewsContent/zh_TW/mlbb_news_10764.html),/img/專屬寵物/冰雪愛絲精靈.gif,[蒼月聖學院](/任務攻略/主線任務/天空之城系列/蒼月聖學院) 水元素祕境：與迷宮內傳送石對話可直接登頂
寒晶絲諾精靈,植物系,35,52,12,20,6,9,125,水10,氣功彈Lv1、攻擊反彈Lv5,2023-12-06,[公告](https://cg.originmood.com/NewsContent/zh_TW/mlbb_news_10764.html),/img/專屬寵物/冰雪愛絲精靈.gif,[蒼月聖學院](/任務攻略/主線任務/天空之城系列/蒼月聖學院) 水元素祕境：與迷宮內傳送石對話可直接登頂
銀雪聖誕精靈,植物系,15,6,12,43,49,9,125,火10,混亂衝擊波Lv10、魔法無效Lv5,2023-12-06,[公告](https://cg.originmood.com/NewsContent/zh_TW/mlbb_news_10764.html),/img/專屬寵物/冰雪愛絲精靈.gif,[蒼月聖學院](/任務攻略/主線任務/天空之城系列/蒼月聖學院) 水元素祕境：與迷宮內傳送石對話可直接登頂
極寒雪兒精靈,植物系,43,6,12,15,49,9,125,風10,混亂衝擊波Lv10、單體昏睡魔法Lv10,2023-12-06,[公告](https://cg.originmood.com/NewsContent/zh_TW/mlbb_news_10764.html),/img/專屬寵物/冰雪愛絲精靈.gif,[蒼月聖學院](/任務攻略/主線任務/天空之城系列/蒼月聖學院) 水元素祕境：與迷宮內傳送石對話可直接登頂
花仙子,植物系,33,6,13,26,47,9,125,風5地5,魔法吸收Lv5,2023-09-21,[公告](https://cg.originmood.com/NewsContent/zh_TW/mlbb_news_10324.html),/img/專屬寵物/花仙子.gif,
散步花妖,植物系,32,10,18,19,46,8,125,地9風1,強力中毒魔法Lv3,2023-08-24,[公告](https://cg.originmood.com/NewsContent/zh_TW/mlbb_news_10184.html),/img/專屬寵物/散步花妖.gif,
星綠花妖王,植物系,32,6,19,22,46,9,125,地6水4,混亂衝擊波Lv10、魔法吸收Lv5,2023-08-24,[公告](https://cg.originmood.com/NewsContent/zh_TW/mlbb_news_10184.html),/img/專屬寵物/星綠花妖王.gif,
22週年樹精,植物系,35,48,17,19,6,9,125,水4火6,乾坤一擲Lv11、毒性攻擊Lv11,2023-08-09,[公告](https://cg.originmood.com/NewsContent/zh_TW/mlbb_news_10104.html),/img/專屬寵物/22週年樹精.gif,
古代巨櫻樹王,植物系,37,6,16,16,50,9,125,風4地6,超強混亂魔法Lv5、混亂攻擊Lv11,2023-06-21,[公告](https://cg.originmood.com/NewsContent/zh_TW/mlbb_news_9754.html),/img/專屬寵物/古代巨櫻樹王.gif,[蒼月聖學院](/任務攻略/主線任務/天空之城系列/蒼月聖學院) 地元素祕境：與迷宮內傳送石對話可直接登頂
古代寒冰樹精,植物系,42,33,29,15,6,9,125,地2水8,潛龍殺Lv3,2023-06-21,[公告](https://cg.originmood.com/NewsContent/zh_TW/mlbb_news_9754.html),/img/專屬寵物/古代寒冰樹精.gif,
百香小妖,植物系,30,12,27,13,38,8,120,風6地4,,2023-06-15,[公告](https://cg.originmood.com/NewsContent/zh_TW/mlbb_news_9724.html),/img/專屬寵物/百香小妖.gif,
百香公主,植物系,36,6,27,16,40,9,125,風6地4,強力混亂魔法Lv3,2023-06-15,[公告](https://cg.originmood.com/NewsContent/zh_TW/mlbb_news_9724.html),/img/專屬寵物/百香公主.gif,
蜜瓜小妖,植物系,32,12,16,21,39,8,120,地6水4,,2023-06-01,[公告](https://cg.originmood.com/NewsContent/zh_TW/mlbb_news_9624.html),/img/專屬寵物/蜜瓜小妖.gif,
蜜瓜公主,植物系,35,6,18,21,45,8,125,地6水4,強力昏睡Lv3,2023-06-01,[公告](https://cg.originmood.com/NewsContent/zh_TW/mlbb_news_9624.html),/img/專屬寵物/蜜瓜公主.gif,
古代白櫻長老,植物系,38,6,17,18,46,9,125,地3水7,攻擊反彈Lv5,2023-05-25,[公告](https://cg.originmood.com/NewsContent/zh_TW/mlbb_news_9594.html),/img/專屬寵物/古代白櫻長老.gif,
古代緋櫻長老,植物系,28,6,17,27,47,9,125,火3風7,攻擊反彈Lv5,2023-04-27,[公告](https://cg.originmood.com/NewsContent/zh_TW/mlbb_news_9454.html),/img/專屬寵物/古代緋櫻長老.gif,
古代紅櫻長老,植物系,35,6,24,14,46,9,125,水3火7,攻擊吸收Lv5,2023-03-02,[公告](https://cg.originmood.com/NewsContent/zh_TW/mlbb_news_9134.html),/img/專屬寵物/古代紅櫻長老.gif,
地鈴花妖,植物系,27,12,14,32,35,8,120,風4地6,,2023-03-02,[公告](https://cg.originmood.com/NewsContent/zh_TW/mlbb_news_9134.html),/img/專屬寵物/地鈴花妖.gif,
水鈴花妖,植物系,32,35,14,27,12,8,120,地4水6,,2023-03-02,[公告](https://cg.originmood.com/NewsContent/zh_TW/mlbb_news_9134.html),/img/專屬寵物/水鈴花妖.gif,
火鈴花妖,植物系,35,14,32,27,12,8,120,水4火6,,2023-03-02,[公告](https://cg.originmood.com/NewsContent/zh_TW/mlbb_news_9134.html),/img/專屬寵物/火鈴花妖.gif,
風鈴花妖,植物系,32,12,14,27,35,8,120,火4風6,,2023-03-02,[公告](https://cg.originmood.com/NewsContent/zh_TW/mlbb_news_9134.html),/img/專屬寵物/風鈴花妖.gif,
橘子公主,植物系,37,6,16,22,44,8,125,火6風4,強力遺忘魔法Lv3,2023-03-02,[公告](https://cg.originmood.com/NewsContent/zh_TW/mlbb_news_9134.html),/img/專屬寵物/橘子公主.gif,
番茄聖女,植物系,33,6,16,22,48,8,125,水5火5,,2023-02-02,[公告](https://cg.originmood.com/NewsContent/zh_TW/mlbb_news_9044.html),/img/專屬寵物/番茄聖女.gif,
萬聖南瓜精靈,植物系,18,6,22,31,48,9,125,地5風5,,2021-10-28,[公告](https://cg.originmood.com/NewsContent/zh_TW/mlbb_news_6303.html),/img/專屬寵物/萬聖南瓜精靈.gif,
晨曦南瓜怪,植物系,15,33,15,45,15,8,123,火2風8,,2021-10-28,[公告](https://cg.originmood.com/NewsContent/zh_TW/mlbb_news_6303.html),/img/專屬寵物/晨曦南瓜怪.gif,
白晝南瓜怪,植物系,45,15,33,15,15,8,123,地2水8,,2021-10-28,[公告](https://cg.originmood.com/NewsContent/zh_TW/mlbb_news_6303.html),/img/專屬寵物/白晝南瓜怪.gif,
黃昏南瓜怪,植物系,15,45,15,33,15,8,123,水2火8,,2021-10-28,[公告](https://cg.originmood.com/NewsContent/zh_TW/mlbb_news_6303.html),/img/專屬寵物/黃昏南瓜怪.png,
暮夜南瓜怪,植物系,15,15,45,15,33,8,123,地8風2,,2021-10-28,[公告](https://cg.originmood.com/NewsContent/zh_TW/mlbb_news_6303.html),/img/專屬寵物/暮夜南瓜怪.gif,
舞動花妖,植物系,36,12,17,16,39,8,120,水5火5,,2022-09-29,[公告](https://cg.originmood.com/NewsContent/zh_TW/mlbb_news_8374.html),/img/專屬寵物/舞動花妖.gif,
迷魂草,植物系,29,17,15,22,37,7,120,水6火4,,2021-11-25,[公告](https://cg.originmood.com/NewsContent/zh_TW/mlbb_news_6413.html),/img/專屬寵物/迷魂草.gif,
致幻海葵,植物系,28,14,22,13,33,7,110,地4水6,,2021-11-25,[公告](https://cg.originmood.com/NewsContent/zh_TW/mlbb_news_6413.html),/img/專屬寵物/致幻海葵.gif,
迷幻海葵,植物系,32,13,23,11,31,7,110,風4地6,,2021-11-25,[公告](https://cg.originmood.com/NewsContent/zh_TW/mlbb_news_6413.html),/img/專屬寵物/迷幻海葵.png,
荒漠兔耳仙人掌,植物系,26,42,16,25,13,8,122,火5風5,,,,/img/專屬寵物/荒漠兔耳仙人掌.gif,
懷舊樹精,植物系,42,31,34,14,3,9,124,水4火6,,2021-07-23,[公告](https://cg.originmood.com/NewsContent/zh_TW/mlbb_news_5293.html),/img/專屬寵物/懷舊樹精.gif,
改造樹精,植物系,51,24,34,10,6,8,125,水10,,,,/img/專屬寵物/改造樹精.gif,
禁地妖花,植物系,33,13,18,23,38,8,125,火5風5,,,,/img/專屬寵物/禁地妖花.gif,
黃金翼龍,龍系,32,43,17,25,8,9,125,風10,氣功彈I、連擊LV12,2025-03-19,[公告](https://cg.originmood.com/NewsContent/zh_TW/mlbb_news_14934.html),/img/專屬寵物/黃金翼龍.gif,
魔晶暴龍王,龍系,30,41,13,35,6,9,125,風5地5,氣功彈I、裂空斬Lv10,2024-10-09,[公告](https://cg.originmood.com/NewsContent/zh_TW/mlbb_news_14074.html),/img/專屬寵物/魔晶暴龍王.gif,[闇影君王](/任務攻略/主線任務/混沌雙子系列/闇影君王) 與任一陣眼對話即可傳送至最終 BOSS 房間
魔晶巨龍,龍系,26,38,27,19,10,9,120,地5風5,氣功彈I,2024-10-09,[公告](https://cg.originmood.com/NewsContent/zh_TW/mlbb_news_14074.html),/img/專屬寵物/魔晶暴龍王.gif,
戰鬥蜥蝪戰士,龍系,41,41,17,14,12,9,125,地10,裂空斬Lv6、石化攻擊Lv11,2024-09-26,[公告](https://cg.originmood.com/NewsContent/zh_TW/mlbb_news_14004.html),/img/專屬寵物/戰鬥蜥蝪戰士.gif,
戰鬥火龍蜥,龍系,37,47,12,22,7,9,125,火8風2,乾坤一擲Lv11、連擊Lv12,2024-09-26,[公告](https://cg.originmood.com/NewsContent/zh_TW/mlbb_news_14004.html),/img/專屬寵物/戰鬥火龍蜥.gif,
改造火焰翼龍,龍系,32,47,18,18,10,9,125,火10,乾坤一擲Lv11,2024-06-06,[公告](https://cg.originmood.com/NewsContent/zh_TW/mlbb_news_13264.html),/img/專屬寵物/改造火焰翼龍.gif,
埃及三頭龍,龍系,30,40,16,33,6,9,125,火10,乾坤一擲Lv11,2024-04-04,[公告](https://cg.originmood.com/NewsContent/zh_TW/mlbb_news_12184.html),/img/專屬寵物/埃及三頭龍.gif,
雷鳴穴龍,龍系,46,40,15,18,6,9,125,風10,戰慄襲心Lv11、連擊Lv12,2024-03-07,[公告](https://cg.originmood.com/NewsContent/zh_TW/mlbb_news_11824.html),/img/專屬寵物/雷鳴穴龍.gif,
寒冰龍王,龍系,34,6,12,23,50,9,125,水10,超強石化魔法Lv5、單體石化魔法Lv10,2024-03-01,[公告](https://cg.originmood.com/NewsContent/zh_TW/mlbb_news_11804.html),/img/專屬寵物/寒冰龍王.gif,
寒冰巨龍,龍系,29,45,21,24,6,9,125,水10,氣功彈I,2024-03-01,[公告](https://cg.originmood.com/NewsContent/zh_TW/mlbb_news_11804.html),/img/專屬寵物/寒冰巨龍.gif,
辰龍紅炎,龍系,20,48,11,40,6,9,125,火6風4,乾坤一擲Lv11、迅雷衝擊,2024-02-07,[公告](https://cg.originmood.com/NewsContent/zh_TW/mlbb_news_11634.html),/img/專屬寵物/辰龍紅炎.gif,
辰龍神使紅蓮,龍系,30,6,12,28,49,9,125,水5火5,混亂衝擊波Lv10、超強昏睡魔法Lv5,2024-02-07,[公告](https://cg.originmood.com/NewsContent/zh_TW/mlbb_news_11634.html),/img/專屬寵物/辰龍神使紅蓮.gif,
紅炎巨龍,龍系,26,45,23,22,9,9,125,火6風4,乾坤一擲Lv11,2024-02-07,[公告](https://cg.originmood.com/NewsContent/zh_TW/mlbb_news_11634.html),/img/專屬寵物/紅炎巨龍.gif,
衝浪小魔龍,龍系,40,6,6,26,47,9,125,地5水5,超級石化魔法Lv5；恢復魔法Lv6,2024-02-01,[公告](https://cg.originmood.com/NewsContent/zh_TW/mlbb_news_11584.html),/img/專屬寵物/衝浪小魔龍.gif,
衝浪小神龍,龍系,21,45,6,47,6,9,125,火5風5,諸刃Lv11；氣絕回復Lv1,2024-02-01,[公告](https://cg.originmood.com/NewsContent/zh_TW/mlbb_news_11584.html),/img/專屬寵物/衝浪小神龍.gif,
小神龍,龍系,47,40,12,20,6,9,125,風5地5,必殺狙擊Lv10；石化攻擊Lv11,2024-02-01,[公告](https://cg.originmood.com/NewsContent/zh_TW/mlbb_news_11584.html),/img/專屬寵物/小神龍.gif,
風龍寶,龍系,38,10,15,24,38,8,125,火1風9,混亂衝擊波Lv10,2024-02-01,[公告](https://cg.originmood.com/NewsContent/zh_TW/mlbb_news_11584.html),/img/專屬寵物/風龍寶.gif,
炎龍寶,龍系,38,35,15,24,10,8,122,水1火9,潛龍殺Lv3,2024-02-01,[公告](https://cg.originmood.com/NewsContent/zh_TW/mlbb_news_11584.html),/img/專屬寵物/炎龍寶.gif,
水龍寶,龍系,24,10,15,33,38,8,120,地1水9,強力酒醉魔法Lv3,2024-02-01,[公告](https://cg.originmood.com/NewsContent/zh_TW/mlbb_news_11584.html),/img/專屬寵物/水龍寶.gif,
地龍寶,龍系,24,33,15,33,10,8,115,風1地9,突襲之舞Lv3,2024-02-01,[公告](https://cg.originmood.com/NewsContent/zh_TW/mlbb_news_11584.html),/img/專屬寵物/地龍寶.gif,
火焰巨龍,龍系,40,42,13,24,6,9,125,火10,氣功彈I、潛龍殺Lv10,2023-12-28,[公告](https://cg.originmood.com/NewsContent/zh_TW/mlbb_news_10884.html),/img/專屬寵物/火焰巨龍.gif,
蛟龍,龍系,39,6,14,20,46,9,125,水7火3,超強遺忘魔法Lv5、混亂衝擊波Lv10,2023-12-28,[公告](https://cg.originmood.com/NewsContent/zh_TW/mlbb_news_10884.html),/img/專屬寵物/蛟龍.gif,
黃金巨龍,龍系,39,6,12,19,49,9,125,風10,超強昏睡魔法Lv5、混亂衝擊波Lv10,2023-09-25,[公告](https://cg.originmood.com/NewsContent/zh_TW/mlbb_news_10344.html),/img/專屬寵物/黃金巨龍.gif,
雛龍,龍系,12,32,22,22,27,7,115,水5火5,,2023-09-25,[公告](https://cg.originmood.com/NewsContent/zh_TW/mlbb_news_10344.html),/img/專屬寵物/雛龍.gif,
22週年水龍蜥,龍系,40,41,17,21,6,9,125,水8火2,石化攻擊Lv11、潛龍殺Lv10,2023-07-27,[公告](https://cg.originmood.com/NewsContent/zh_TW/mlbb_news_9994.html),/img/專屬寵物/22週年水龍蜥.gif,
暗裔龍王,龍系,26,50,15,28,6,9,125,風5地5,氣功彈I、乾坤一擲點睛I,2023-06-21,[公告](https://cg.originmood.com/NewsContent/zh_TW/mlbb_news_9754.html),/img/專屬寵物/暗裔龍王.gif,
反轉袋龍,龍系,27,8,14,30,46,9,125,風5地5,屬性反轉Lv3,2023-06-21,[公告](https://cg.originmood.com/NewsContent/zh_TW/mlbb_news_9754.html),/img/專屬寵物/反轉袋龍.gif,
達哈卡,龍系,29,35,24,13,19,7,120,地6水4,,2023-06-05,[公告](https://cg.originmood.com/NewsContent/zh_TW/mlbb_news_9654.html),/img/專屬寵物/達哈卡.gif,
九頭巨蛇,龍系,33,49,17,20,6,9,125,地6水4,連擊Lv12；注:對隨機目標造成4次傷害,2023-06-05,[公告](https://cg.originmood.com/NewsContent/zh_TW/mlbb_news_9654.html),/img/專屬寵物/達哈卡.gif,
神聖巨龍,龍系,45,6,14,15,45,9,125,水5火5,超強補血魔法Lv5,2023-04-29,[公告](https://cg.originmood.com/NewsContent/zh_TW/mlbb_news_9464.html),/img/專屬寵物/白銀巨龍.gif,[鎮魂之歌](/任務攻略/主線任務/傳說之劍系列/鎮魂之歌) 隊伍中有人持有即可跳過第 2 步驟，整隊直接登頂；[精靈之墟練級點前置攻略](/任務攻略/練功專區/精靈之墟/精靈之墟練級點前置攻略) 與任意狐狸對話即可整隊傳送至蒼峰山埡口，不必分辨真假
翼龍,龍系,32,30,26,19,18,6,125,水5火5,,2022-05-05,[公告](https://cg.originmood.com/NewsContent/zh_TW/mlbb_news_7483.html),/img/專屬寵物/翼龍.gif,
神聖翼龍,龍系,16,6,14,43,46,9,125,水5火5,,2022-05-05,[公告](https://cg.originmood.com/NewsContent/zh_TW/mlbb_news_7483.html),/img/專屬寵物/翼龍.gif,
大地巨龍,龍系,29,22,24,13,32,7,120,地10,,2022-09-09,[公告](https://cg.originmood.com/NewsContent/zh_TW/mlbb_news_8294.html),/img/專屬寵物/大地巨龍.gif,
失翼之龍杜瓦,龍系,40,6,10,19,50,9,125,地10,,2022-09-09,[公告](https://cg.originmood.com/NewsContent/zh_TW/mlbb_news_8294.html),/img/專屬寵物/大地巨龍.gif,[奧斯希爾德的召喚](/任務攻略/主線任務/傳說之劍系列/奧斯希爾德的召喚) 隊長攜帶即可從迷宮傳送石進入密道空間；[冰原禁地練功前置攻略](/任務攻略/練功專區/冰原禁地/冰原禁地練功前置攻略) 全隊直接傳送至神秘林園，免去迷宮與 BOSS 戰
暗裔龍祖,龍系,20,47,13,38,7,8,125,地5風5,氣功彈I,2022-06-02,[公告](https://cg.originmood.com/NewsContent/zh_TW/mlbb_news_7743.html),/img/專屬寵物/暗裔龍祖.gif,
暗黑水龍蜥,龍系,38,38,35,9,5,8,125,水8火2,,2022-07-07,[公告](https://cg.originmood.com/NewsContent/zh_TW/mlbb_news_7913.html),/img/專屬寵物/暗黑水龍蜥.gif,
飛刺海馬,龍系,13,36,19,33,19,7,120,火3風7,,2021-11-25,[公告](https://cg.originmood.com/NewsContent/zh_TW/mlbb_news_6413.html),/img/專屬寵物/飛刺海馬.png,
火頸龍,龍系,24,16,15,28,37,7,120,水3火7,喬利雅海溝3F全區域,2021-10-14,[公告](https://cg.originmood.com/NewsContent/zh_TW/mlbb_news_6223.html),/img/專屬寵物/火頸龍.png,
碧角口袋龍,龍系,12,40,13,18,42,8,125,地7風3,,2022-11-03,[公告](https://cg.originmood.com/NewsContent/zh_TW/mlbb_news_8684.html),/img/專屬寵物/碧角口袋龍.gif,
變異龍祖,龍系,26,46,13,33,7,7,125,地5風5,,2023-06-21,[公告](https://cg.originmood.com/NewsContent/zh_TW/mlbb_news_9754.html),/img/專屬寵物/變異龍祖.gif,
小白龍,龍系,20,36,9,42,16,9,123,水10,,,,/img/專屬寵物/小白龍.gif,
改造陰影,特殊系,29,25,23,23,25,6,125,地10,,,,/img/專屬寵物/奪魂陰影.gif,
